-- Merit Entrance Database Backup
-- Generated at: 2026-02-10T00:22:12.482Z


// Drop existing tables (in reverse dependency order)
DROP TABLE IF EXISTS "query_logs" CASCADE;
DROP TABLE IF EXISTS "demo_content" CASCADE;
DROP TABLE IF EXISTS "question_responses" CASCADE;
DROP TABLE IF EXISTS "exam_attempts" CASCADE;
DROP TABLE IF EXISTS "exam_assignments" CASCADE;
DROP TABLE IF EXISTS "exam_schedules" CASCADE;
DROP TABLE IF EXISTS "questions" CASCADE;
DROP TABLE IF EXISTS "paragraphs" CASCADE;
DROP TABLE IF EXISTS "sections" CASCADE;
DROP TABLE IF EXISTS "exams" CASCADE;
DROP TABLE IF EXISTS "students" CASCADE;
DROP TABLE IF EXISTS "admins" CASCADE;

-- Create functions
CREATE EXTENSION IF NOT EXISTS "uuid-ossp";

-- 1. Admins (Same as before)
CREATE TABLE "admins" ( ... ); 
-- (I should probably keep the existing text for unchanged tables to avoid huge replacement, but replace_file_content works on blocks)

-- Let's replace the Schema Definition Block

-- Drop existing tables (in reverse dependency order)
DROP TABLE IF EXISTS "query_logs" CASCADE;
DROP TABLE IF EXISTS "demo_content" CASCADE;
DROP TABLE IF EXISTS "question_responses" CASCADE;
DROP TABLE IF EXISTS "exam_attempts" CASCADE;
DROP TABLE IF EXISTS "exam_assignments" CASCADE;
DROP TABLE IF EXISTS "exam_schedules" CASCADE;
DROP TABLE IF EXISTS "questions" CASCADE;
DROP TABLE IF EXISTS "paragraphs" CASCADE;
DROP TABLE IF EXISTS "sections" CASCADE;
DROP TABLE IF EXISTS "exams" CASCADE;
DROP TABLE IF EXISTS "students" CASCADE;
DROP TABLE IF EXISTS "admins" CASCADE;

-- Create functions
CREATE EXTENSION IF NOT EXISTS "uuid-ossp";

-- 1. Admins
CREATE TABLE "admins" (
    "id" UUID NOT NULL DEFAULT gen_random_uuid(),
    "email" TEXT NOT NULL,
    "password_hash" TEXT NOT NULL,
    "name" TEXT NOT NULL,
    "role" TEXT NOT NULL DEFAULT 'admin',
    "created_at" TIMESTAMP(3) NOT NULL DEFAULT CURRENT_TIMESTAMP,
    CONSTRAINT "admins_pkey" PRIMARY KEY ("id")
);
CREATE UNIQUE INDEX "admins_email_key" ON "admins"("email");

-- 2. Students
CREATE TABLE "students" (
    "id" UUID NOT NULL DEFAULT gen_random_uuid(),
    "roll_number" TEXT NOT NULL,
    "name" TEXT NOT NULL,
    "name_regional" TEXT,
    "email" TEXT,
    "phone" TEXT,
    "password_hash" TEXT NOT NULL,
    "photo_url" TEXT,
    "class" TEXT,
    "school" TEXT,
    "is_active" BOOLEAN NOT NULL DEFAULT true,
    "created_at" TIMESTAMP(3) NOT NULL DEFAULT CURRENT_TIMESTAMP,
    CONSTRAINT "students_pkey" PRIMARY KEY ("id")
);
CREATE UNIQUE INDEX "students_roll_number_key" ON "students"("roll_number");

-- 3. Exams
CREATE TABLE "exams" (
    "id" UUID NOT NULL DEFAULT gen_random_uuid(),
    "title" JSONB NOT NULL,
    "description" JSONB,
    "duration" INTEGER NOT NULL,
    "total_marks" INTEGER NOT NULL,
    "passing_marks" INTEGER,
    "negative_marking" DECIMAL(3,2),
    "shuffle_questions" BOOLEAN NOT NULL DEFAULT false,
    "showResults" TEXT NOT NULL DEFAULT 'after_submit',
    "status" TEXT NOT NULL DEFAULT 'draft',
    "instructions" JSONB,
    "created_by" UUID NOT NULL,
    "created_at" TIMESTAMP(3) NOT NULL DEFAULT CURRENT_TIMESTAMP,
    "updated_at" TIMESTAMP(3) NOT NULL,
    CONSTRAINT "exams_pkey" PRIMARY KEY ("id")
);
ALTER TABLE "exams" ADD CONSTRAINT "exams_created_by_fkey" FOREIGN KEY ("created_by") REFERENCES "admins"("id") ON DELETE RESTRICT ON UPDATE CASCADE;

-- 4. Sections
CREATE TABLE "sections" (
    "id" UUID NOT NULL DEFAULT gen_random_uuid(),
    "exam_id" UUID NOT NULL,
    "name" JSONB NOT NULL,
    "order" INTEGER NOT NULL,
    "duration" INTEGER,
    CONSTRAINT "sections_pkey" PRIMARY KEY ("id")
);
ALTER TABLE "sections" ADD CONSTRAINT "sections_exam_id_fkey" FOREIGN KEY ("exam_id") REFERENCES "exams"("id") ON DELETE CASCADE ON UPDATE CASCADE;

-- 5. Paragraphs (New)
CREATE TABLE "paragraphs" (
  "id" UUID NOT NULL DEFAULT gen_random_uuid(),
  "text" JSONB NOT NULL,
  "content" JSONB,
  "image_url" TEXT,
  "created_at" TIMESTAMP(3) NOT NULL DEFAULT CURRENT_TIMESTAMP,
  "updated_at" TIMESTAMP(3) NOT NULL DEFAULT CURRENT_TIMESTAMP,
  CONSTRAINT "paragraphs_pkey" PRIMARY KEY ("id")
);

-- 6. Questions (Updated)
CREATE TABLE "questions" (
    "id" UUID NOT NULL DEFAULT gen_random_uuid(),
    "section_id" UUID NOT NULL,
    "type" TEXT NOT NULL,
    "text" JSONB NOT NULL,
    "options" JSONB,
    "correct_answer" JSONB NOT NULL,
    "explanation" JSONB,
    "marks" INTEGER NOT NULL DEFAULT 1,
    "negative_marks" DECIMAL(3,2),
    "image_url" TEXT,
    "parent_id" UUID,
    "paragraph_id" UUID,
    "order" INTEGER NOT NULL,
    CONSTRAINT "questions_pkey" PRIMARY KEY ("id")
);
ALTER TABLE "questions" ADD CONSTRAINT "questions_section_id_fkey" FOREIGN KEY ("section_id") REFERENCES "sections"("id") ON DELETE CASCADE ON UPDATE CASCADE;
ALTER TABLE "questions" ADD CONSTRAINT "questions_parent_id_fkey" FOREIGN KEY ("parent_id") REFERENCES "questions"("id") ON DELETE SET NULL ON UPDATE CASCADE;
ALTER TABLE "questions" ADD CONSTRAINT "questions_paragraph_id_fkey" FOREIGN KEY ("paragraph_id") REFERENCES "paragraphs"("id") ON DELETE SET NULL ON UPDATE CASCADE;

-- 7. Exam Schedules
CREATE TABLE "exam_schedules" (
    "id" UUID NOT NULL DEFAULT gen_random_uuid(),
    "exam_id" UUID NOT NULL,
    "start_time" TIMESTAMPTZ NOT NULL,
    "end_time" TIMESTAMPTZ NOT NULL,
    CONSTRAINT "exam_schedules_pkey" PRIMARY KEY ("id")
);
ALTER TABLE "exam_schedules" ADD CONSTRAINT "exam_schedules_exam_id_fkey" FOREIGN KEY ("exam_id") REFERENCES "exams"("id") ON DELETE CASCADE ON UPDATE CASCADE;

-- 8. Exam Assignments
CREATE TABLE "exam_assignments" (
    "id" UUID NOT NULL DEFAULT gen_random_uuid(),
    "exam_id" UUID NOT NULL,
    "student_id" UUID NOT NULL,
    "schedule_id" UUID,
    "max_attempts" INTEGER NOT NULL DEFAULT 1,
    "assigned_at" TIMESTAMP(3) NOT NULL DEFAULT CURRENT_TIMESTAMP,
    CONSTRAINT "exam_assignments_pkey" PRIMARY KEY ("id")
);
CREATE UNIQUE INDEX "exam_assignments_exam_id_student_id_schedule_id_key" ON "exam_assignments"("exam_id", "student_id", "schedule_id");
ALTER TABLE "exam_assignments" ADD CONSTRAINT "exam_assignments_exam_id_fkey" FOREIGN KEY ("exam_id") REFERENCES "exams"("id") ON DELETE CASCADE ON UPDATE CASCADE;
ALTER TABLE "exam_assignments" ADD CONSTRAINT "exam_assignments_student_id_fkey" FOREIGN KEY ("student_id") REFERENCES "students"("id") ON DELETE CASCADE ON UPDATE CASCADE;
ALTER TABLE "exam_assignments" ADD CONSTRAINT "exam_assignments_schedule_id_fkey" FOREIGN KEY ("schedule_id") REFERENCES "exam_schedules"("id") ON DELETE SET NULL ON UPDATE CASCADE;

-- 9. Exam Attempts
CREATE TABLE "exam_attempts" (
    "id" UUID NOT NULL DEFAULT gen_random_uuid(),
    "exam_id" UUID NOT NULL,
    "student_id" UUID NOT NULL,
    "started_at" TIMESTAMPTZ NOT NULL DEFAULT CURRENT_TIMESTAMP,
    "submitted_at" TIMESTAMPTZ,
    "auto_submit" BOOLEAN NOT NULL DEFAULT false,
    "total_score" DECIMAL(6,2),
    "status" TEXT NOT NULL DEFAULT 'in_progress',
    CONSTRAINT "exam_attempts_pkey" PRIMARY KEY ("id")
);
CREATE INDEX "exam_attempts_exam_id_status_idx" ON "exam_attempts"("exam_id", "status");
CREATE UNIQUE INDEX "exam_attempts_exam_id_student_id_key" ON "exam_attempts"("exam_id", "student_id"); 
ALTER TABLE "exam_attempts" ADD CONSTRAINT "exam_attempts_exam_id_fkey" FOREIGN KEY ("exam_id") REFERENCES "exams"("id") ON DELETE RESTRICT ON UPDATE CASCADE;
ALTER TABLE "exam_attempts" ADD CONSTRAINT "exam_attempts_student_id_fkey" FOREIGN KEY ("student_id") REFERENCES "students"("id") ON DELETE RESTRICT ON UPDATE CASCADE;

-- 10. Question Responses
CREATE TABLE "question_responses" (
    "id" UUID NOT NULL DEFAULT gen_random_uuid(),
    "attempt_id" UUID NOT NULL,
    "question_id" UUID NOT NULL,
    "answer" JSONB,
    "marked_for_review" BOOLEAN NOT NULL DEFAULT false,
    "time_spent" INTEGER,
    "is_correct" BOOLEAN,
    "marks_awarded" DECIMAL(5,2),
    CONSTRAINT "question_responses_pkey" PRIMARY KEY ("id")
);
CREATE UNIQUE INDEX "question_responses_attempt_id_question_id_key" ON "question_responses"("attempt_id", "question_id");
ALTER TABLE "question_responses" ADD CONSTRAINT "question_responses_attempt_id_fkey" FOREIGN KEY ("attempt_id") REFERENCES "exam_attempts"("id") ON DELETE CASCADE ON UPDATE CASCADE;
ALTER TABLE "question_responses" ADD CONSTRAINT "question_responses_question_id_fkey" FOREIGN KEY ("question_id") REFERENCES "questions"("id") ON DELETE RESTRICT ON UPDATE CASCADE;

-- 11. Demo Content
CREATE TABLE "demo_content" (
    "id" UUID NOT NULL DEFAULT gen_random_uuid(),
    "title" VARCHAR(255) NOT NULL,
    "content" TEXT NOT NULL,
    "content_type" VARCHAR(50) NOT NULL DEFAULT 'general',
    "created_at" TIMESTAMP(3) NOT NULL DEFAULT CURRENT_TIMESTAMP,
    "updated_at" TIMESTAMP(3) NOT NULL,
    CONSTRAINT "demo_content_pkey" PRIMARY KEY ("id")
);

-- 12. Query Logs
CREATE TABLE "query_logs" (
    "id" UUID NOT NULL DEFAULT gen_random_uuid(),
    "route" VARCHAR(255) NOT NULL,
    "method" VARCHAR(10) NOT NULL,
    "query" TEXT,
    "params" TEXT,
    "success" BOOLEAN NOT NULL DEFAULT true,
    "error" TEXT,
    "duration" INTEGER,
    "user_id" UUID,
    "created_at" TIMESTAMP(3) NOT NULL DEFAULT CURRENT_TIMESTAMP,
    CONSTRAINT "query_logs_pkey" PRIMARY KEY ("id")
);
CREATE INDEX "query_logs_success_created_at_idx" ON "query_logs"("success", "created_at");
CREATE INDEX "query_logs_route_idx" ON "query_logs"("route");


-- Data for table: admins
INSERT INTO "admins" ("id", "email", "password_hash", "name", "role", "created_at") VALUES
('18ab2fd0-7503-457a-8ba4-d04645052a9b', 'admin@meritentrance.com', '$2b$10$mHgmCUIwS6lVLyhfhuNyT.QG6V7DSTFwXfqcD.h2uVSxYewEQCg2C', 'Admin User', 'superadmin', '"2026-01-20T12:59:45.001Z"');

-- Data for table: students
INSERT INTO "students" ("id", "roll_number", "name", "name_regional", "email", "phone", "password_hash", "photo_url", "class", "school", "is_active", "created_at", "email_verified", "verification_token", "verification_expires", "google_id", "phone_verified", "firebase_uid", "state", "district") VALUES
('db773f0d-6ff8-4b5a-88cd-b9f6765dcdab', 'SOE2026003', 'Amit Singh', NULL, 'amit789@gmail.com', '7888610740', '$2b$10$y6n4Lefe/lK8i/psa3ySYursMws8THY5SpACSrLhvkmdRT1zBURaO', NULL, '12', 'GGNM', TRUE, '"2026-01-20T12:59:47.633Z"', TRUE, NULL, NULL, NULL, FALSE, NULL, '', ''),
('a5c2ea45-5e26-4750-9278-0e9872b44472', 'SOE2026001', 'Rahul Kumar', 'ਰਾਹੁਲ ਕੁਮਾਰ', NULL, NULL, '$2b$10$y6n4Lefe/lK8i/psa3ySYursMws8THY5SpACSrLhvkmdRT1zBURaO', NULL, '10th', 'Government School', TRUE, '"2026-01-20T12:59:46.259Z"', FALSE, NULL, NULL, NULL, FALSE, NULL, '', ''),
('e4a83691-68cf-445b-9513-0199cc4ae785', 'ROLL1769766072083', 'Diff Tester', NULL, 'test1769766072083@example.com', NULL, 'dummy_hash', NULL, NULL, NULL, TRUE, '"2026-01-30T09:41:12.293Z"', FALSE, NULL, NULL, NULL, FALSE, NULL, '', ''),
('74438d36-0bbf-4eb6-aeb4-604d29b813a4', 'SOE2026005', 'Hardeep K', NULL, NULL, NULL, '$2b$10$3n5hZ3ytiKwUV1Meb2iNCOLzVTv/AlA9h7N9pqvtzkkqaXx5Ync2S', NULL, NULL, NULL, TRUE, '"2026-01-25T03:49:29.032Z"', TRUE, NULL, NULL, NULL, FALSE, NULL, '', ''),
('c2f00ffd-3f09-4b11-a72f-ede34da885ec', 'SOE2026002', 'Priya Sharma', NULL, NULL, NULL, '$2b$10$y6n4Lefe/lK8i/psa3ySYursMws8THY5SpACSrLhvkmdRT1zBURaO', NULL, NULL, NULL, TRUE, '"2026-01-20T12:59:46.947Z"', TRUE, NULL, NULL, NULL, FALSE, NULL, '', ''),
('61796b00-4571-4839-a5d9-552a38b3da46', 'STU54959307', 'Anand Singh', NULL, 'cs3052hig@gmail.com', '07888610740', '$2b$10$GYwd.9oVgOnWXhVGpHlezuoAQRVH2uo5Z7s5IelRcXkw3GdQ4RD3y', NULL, '12', 'GGNIP', TRUE, '"2026-02-01T14:09:19.581Z"', TRUE, 'd5c21a15-7130-467c-a604-1738510ebb5d-ml6k2neq', '"2026-02-04T12:09:12.194Z"', '110467013424290955464', FALSE, NULL, '', ''),
('9af7a6f4-3904-4b50-8f21-5e7416dc1547', 'SOE2026004', 'Charanpreet', 'ਚਰਨਪ੍ਰੀਤ ਸਿੰਘ', 'charan117@gmail.com', '7888610740', '$2b$10$IPrNUv/eL5R1uPeSyEeXeuX0RvS33s7yOFlJmxWLD17l4LDg5MAH6', NULL, '11', 'GNIPS', TRUE, '"2026-01-22T00:56:31.087Z"', TRUE, '05362167-b1ff-439b-ad36-5b619d39fe97-ml4vijll', '"2026-02-03T07:53:57.177Z"', '102619414705533774893', FALSE, NULL, '', ''),
('e7b81d75-7316-4c1f-b352-fe7a2a2633f2', 'GOOGLE43022713', 'Charanpreet Singh', NULL, 'charan881130@gmail.com', '7888610740', '$2b$10$Gt1e5TQp73st/Fl8k97CeuwDjotXZKqN.ga61D0pWgCpKCTG2vvXe', NULL, '12', 'GNSPP', TRUE, '"2026-02-01T10:50:24.458Z"', TRUE, NULL, NULL, '112507223185328150046', FALSE, NULL, '', ''),
('362acfac-ccb3-48b9-80bd-7cbb771f4262', 'STU54863981', 'Jagpreet Kaur', NULL, 'jagpreet.kaur@gmail.com', '789456123', '$2b$10$DvzeAzYxuqtz4GWwb7B0iuK6Ed4QNC/7zez0L0zBCp5s.uOgm0Cvq', NULL, '12', 'Govt Middle School Dugri', TRUE, '"2026-02-01T14:07:44.264Z"', FALSE, '1436ab1f-e538-418f-ae17-bed7c5bcff8c-ml3tfdm6', '"2026-02-02T14:07:44.046Z"', NULL, FALSE, NULL, '', ''),
('2099e40f-a919-4207-8ba5-fef15dca5865', 'STU23393556', 'Gadeep Singh', NULL, NULL, NULL, '$2b$10$9lHXcHoxBdO23WNACyw5PeTuQroZoCIY9ODuW/tLroXCVWn2BjQyi', NULL, NULL, NULL, TRUE, '"2026-02-02T09:09:54.281Z"', TRUE, '746331e6-5b5f-49b2-b7ca-8983fc1014c9-ml4ya0z9', '"2026-02-03T09:11:18.645Z"', NULL, FALSE, NULL, '', ''),
('364f5bb8-cd2c-44fa-8158-96c8aecc0f13', 'STU2025001', 'Student 1', NULL, 'student1@example.com', NULL, '$2b$10$Dl070Jl0Q9/K7ncCnYOKsuWoO35J4mKSO8vdE1v39c/Kx1ocNlq6G', NULL, NULL, NULL, TRUE, '"2026-01-01T15:57:36.364Z"', FALSE, NULL, NULL, NULL, FALSE, NULL, '', ''),
('9bbf3715-12ae-4c03-81b1-6786f5e68d3d', 'STU2025002', 'Student 2', NULL, 'student2@example.com', NULL, '$2b$10$Dl070Jl0Q9/K7ncCnYOKsuWoO35J4mKSO8vdE1v39c/Kx1ocNlq6G', NULL, NULL, NULL, TRUE, '"2026-01-22T01:42:49.428Z"', FALSE, NULL, NULL, NULL, FALSE, NULL, '', ''),
('205ba55c-07c0-4f22-9632-654f6cd68c8a', 'STU2025003', 'Student 3', NULL, 'student3@example.com', NULL, '$2b$10$Dl070Jl0Q9/K7ncCnYOKsuWoO35J4mKSO8vdE1v39c/Kx1ocNlq6G', NULL, NULL, NULL, TRUE, '"2026-01-21T05:59:51.315Z"', FALSE, NULL, NULL, NULL, FALSE, NULL, '', ''),
('db4b3606-4fec-42da-8b4d-f6a05a33b3bc', 'STU2025004', 'Student 4', NULL, 'student4@example.com', NULL, '$2b$10$Dl070Jl0Q9/K7ncCnYOKsuWoO35J4mKSO8vdE1v39c/Kx1ocNlq6G', NULL, NULL, NULL, TRUE, '"2026-01-20T02:40:27.823Z"', FALSE, NULL, NULL, NULL, FALSE, NULL, '', ''),
('634831bb-47a2-43e5-a6f4-7dbe36ebd72b', 'STU2025005', 'Student 5', NULL, 'student5@example.com', NULL, '$2b$10$Dl070Jl0Q9/K7ncCnYOKsuWoO35J4mKSO8vdE1v39c/Kx1ocNlq6G', NULL, NULL, NULL, TRUE, '"2026-01-22T20:22:22.126Z"', FALSE, NULL, NULL, NULL, FALSE, NULL, '', ''),
('4bb756be-e7b9-4d24-afd4-b7072d3590c0', 'STU2025006', 'Student 6', NULL, 'student6@example.com', NULL, '$2b$10$Dl070Jl0Q9/K7ncCnYOKsuWoO35J4mKSO8vdE1v39c/Kx1ocNlq6G', NULL, NULL, NULL, TRUE, '"2026-01-24T02:19:14.449Z"', FALSE, NULL, NULL, NULL, FALSE, NULL, '', ''),
('abd2d919-6c34-44da-acff-47a8939713ee', 'STU2025009', 'Student 9', NULL, 'student9@example.com', NULL, '$2b$10$Dl070Jl0Q9/K7ncCnYOKsuWoO35J4mKSO8vdE1v39c/Kx1ocNlq6G', NULL, NULL, NULL, TRUE, '"2026-01-14T16:20:35.358Z"', FALSE, NULL, NULL, NULL, FALSE, NULL, '', ''),
('b78d2dc1-2fa8-4596-a894-331a43d88730', 'STU2025010', 'Student 10', NULL, 'student10@example.com', NULL, '$2b$10$Dl070Jl0Q9/K7ncCnYOKsuWoO35J4mKSO8vdE1v39c/Kx1ocNlq6G', NULL, NULL, NULL, TRUE, '"2026-01-16T10:24:00.246Z"', FALSE, NULL, NULL, NULL, FALSE, NULL, '', ''),
('f48b1c84-9f4e-42e2-9497-1b1cc3ed55c6', 'STU2025011', 'Student 11', NULL, 'student11@example.com', NULL, '$2b$10$Dl070Jl0Q9/K7ncCnYOKsuWoO35J4mKSO8vdE1v39c/Kx1ocNlq6G', NULL, NULL, NULL, TRUE, '"2026-01-28T16:00:52.396Z"', FALSE, NULL, NULL, NULL, FALSE, NULL, '', ''),
('4c9e2400-4411-419c-b222-2e76210ab9c8', 'STU2025012', 'Student 12', NULL, 'student12@example.com', NULL, '$2b$10$Dl070Jl0Q9/K7ncCnYOKsuWoO35J4mKSO8vdE1v39c/Kx1ocNlq6G', NULL, NULL, NULL, TRUE, '"2026-01-22T16:48:08.133Z"', FALSE, NULL, NULL, NULL, FALSE, NULL, '', ''),
('d17d69fe-9bd5-4ff3-8107-db646fc55833', 'STU2025013', 'Student 13', NULL, 'student13@example.com', NULL, '$2b$10$Dl070Jl0Q9/K7ncCnYOKsuWoO35J4mKSO8vdE1v39c/Kx1ocNlq6G', NULL, NULL, NULL, TRUE, '"2025-12-31T12:46:32.033Z"', FALSE, NULL, NULL, NULL, FALSE, NULL, '', ''),
('83b907e2-8ed5-4bac-b78d-6857c435e001', 'STU2025014', 'Student 14', NULL, 'student14@example.com', NULL, '$2b$10$Dl070Jl0Q9/K7ncCnYOKsuWoO35J4mKSO8vdE1v39c/Kx1ocNlq6G', NULL, NULL, NULL, TRUE, '"2026-01-16T03:05:28.710Z"', FALSE, NULL, NULL, NULL, FALSE, NULL, '', ''),
('74584b76-b571-4678-bc9f-480c451d9f05', 'STU2025015', 'Student 15', NULL, 'student15@example.com', NULL, '$2b$10$Dl070Jl0Q9/K7ncCnYOKsuWoO35J4mKSO8vdE1v39c/Kx1ocNlq6G', NULL, NULL, NULL, TRUE, '"2026-01-27T12:09:44.156Z"', FALSE, NULL, NULL, NULL, FALSE, NULL, '', ''),
('87661076-6b01-44f5-a50b-8bf1d284ace8', 'STU2025016', 'Student 16', NULL, 'student16@example.com', NULL, '$2b$10$Dl070Jl0Q9/K7ncCnYOKsuWoO35J4mKSO8vdE1v39c/Kx1ocNlq6G', NULL, NULL, NULL, TRUE, '"2026-01-09T08:33:53.231Z"', FALSE, NULL, NULL, NULL, FALSE, NULL, '', ''),
('cd0d5121-5a2d-4a99-a07c-17226e85f459', 'STU2025017', 'Student 17', NULL, 'student17@example.com', NULL, '$2b$10$Dl070Jl0Q9/K7ncCnYOKsuWoO35J4mKSO8vdE1v39c/Kx1ocNlq6G', NULL, NULL, NULL, TRUE, '"2026-01-12T07:21:23.636Z"', FALSE, NULL, NULL, NULL, FALSE, NULL, '', ''),
('a9e7b157-c694-43df-bcf4-c9f77fda69af', 'STU2025018', 'Student 18', NULL, 'student18@example.com', NULL, '$2b$10$Dl070Jl0Q9/K7ncCnYOKsuWoO35J4mKSO8vdE1v39c/Kx1ocNlq6G', NULL, NULL, NULL, TRUE, '"2026-01-20T01:57:11.685Z"', FALSE, NULL, NULL, NULL, FALSE, NULL, '', ''),
('b4d12645-0221-43f3-a6a3-d1e45949e2d0', 'STU2025019', 'Student 19', NULL, 'student19@example.com', NULL, '$2b$10$Dl070Jl0Q9/K7ncCnYOKsuWoO35J4mKSO8vdE1v39c/Kx1ocNlq6G', NULL, NULL, NULL, TRUE, '"2026-01-09T03:41:41.462Z"', FALSE, NULL, NULL, NULL, FALSE, NULL, '', ''),
('080b0f19-57e0-4f6d-8e56-009fe6fe018b', 'STU2025020', 'Student 20', NULL, 'student20@example.com', NULL, '$2b$10$Dl070Jl0Q9/K7ncCnYOKsuWoO35J4mKSO8vdE1v39c/Kx1ocNlq6G', NULL, NULL, NULL, TRUE, '"2026-01-26T16:48:54.128Z"', FALSE, NULL, NULL, NULL, FALSE, NULL, '', ''),
('d86543b4-c1b4-4b85-b1e7-29a90c636b88', 'AN17697682300431', 'Student B Analysis', NULL, 'analytics1_1769768230043@test.com', NULL, 'hash', NULL, NULL, NULL, TRUE, '"2026-01-30T10:17:10.414Z"', FALSE, NULL, NULL, NULL, FALSE, NULL, '', ''),
('543ca643-57ad-46ef-ab87-480d3e55b262', 'AN17697682314132', 'Student C Analysis', NULL, 'analytics2_1769768231413@test.com', NULL, 'hash', NULL, NULL, NULL, TRUE, '"2026-01-30T10:17:11.633Z"', FALSE, NULL, NULL, NULL, FALSE, NULL, '', ''),
('63d16305-bfe8-47bc-93b5-7403edb9d07c', 'STU2025007', 'Student 7', NULL, 'student7@example.com', NULL, '$2b$10$Dl070Jl0Q9/K7ncCnYOKsuWoO35J4mKSO8vdE1v39c/Kx1ocNlq6G', NULL, NULL, NULL, TRUE, '"2026-01-10T04:48:32.760Z"', FALSE, NULL, NULL, NULL, FALSE, NULL, '', ''),
('bbfd306b-6f0f-4ef5-830d-622881b47e64', 'AN17697682322523', 'Student D Analysis', NULL, 'analytics3_1769768232252@test.com', NULL, 'hash', NULL, NULL, NULL, TRUE, '"2026-01-30T10:17:12.724Z"', FALSE, NULL, NULL, NULL, FALSE, NULL, '', ''),
('7ae0255b-065a-4e9a-b84a-8701be849a5c', 'AN17697682333844', 'Student E Analysis', NULL, 'analytics4_1769768233384@test.com', NULL, 'hash', NULL, NULL, NULL, TRUE, '"2026-01-30T10:17:13.607Z"', FALSE, NULL, NULL, NULL, FALSE, NULL, '', ''),
('d8cb12ae-33de-4c15-88ea-01a624159e67', 'AN17697682342335', 'Student F Analysis', NULL, 'analytics5_1769768234233@test.com', NULL, 'hash', NULL, NULL, NULL, TRUE, '"2026-01-30T10:17:14.458Z"', FALSE, NULL, NULL, NULL, FALSE, NULL, '', ''),
('85d3d910-5e92-4eea-a41c-8ee4724a873a', 'STU2025008', 'Student 8', NULL, NULL, NULL, '$2b$10$Dl070Jl0Q9/K7ncCnYOKsuWoO35J4mKSO8vdE1v39c/Kx1ocNlq6G', NULL, NULL, NULL, TRUE, '"2026-01-22T00:22:15.603Z"', TRUE, NULL, NULL, NULL, FALSE, NULL, '', '');

-- Data for table: exams
INSERT INTO "exams" ("id", "title", "description", "duration", "total_marks", "passing_marks", "negative_marking", "shuffle_questions", "showResults", "status", "created_by", "created_at", "updated_at", "instructions", "security_mode", "auto_assign", "auto_assign_attempts") VALUES
('c8959405-cbc7-448b-9860-726acd6abf7b', '{"en":"Sample Entrance Exam3","pa":"ਅ) ਨਮੂਨਾ ਦਾਖਲਾ ਪ੍ਰੀਖਿਆ3"}', '{"en":"A sample entrance exam for testing","pa":"ਟੈਸਟਿੰਗ ਲਈ ਇੱਕ ਨਮੂਨਾ ਦਾਖਲਾ ਪ੍ਰੀਖਿਆ"}', 60, 40, 16, NULL, FALSE, 'after_submit', 'published', '18ab2fd0-7503-457a-8ba4-d04645052a9b', '"2026-01-20T13:00:40.400Z"', '"2026-01-21T16:55:40.196Z"', NULL, FALSE, FALSE, 3),
('8564aec1-dc80-491b-8fed-e16cd72ba039', '{"en":"Mock Entrance Exam 2025"}', '{"en":"A comprehensive mock exam for testing analytics."}', 60, 100, 40, NULL, FALSE, 'after_submit', 'published', '18ab2fd0-7503-457a-8ba4-d04645052a9b', '"2026-01-20T08:57:47.709Z"', '"2026-01-20T08:57:47.709Z"', NULL, FALSE, FALSE, 3),
('5a7abc63-bb69-41d8-ba4c-7338c2f00c60', '{"en":"Analysis Mock Exam 1769768223931"}', '{"en":"A test exam for analytics verification."}', 60, 20, 8, NULL, FALSE, 'after_submit', 'published', '18ab2fd0-7503-457a-8ba4-d04645052a9b', '"2026-01-30T10:17:07.265Z"', '"2026-01-30T10:17:07.265Z"', NULL, FALSE, FALSE, 3),
('0c132348-48bf-4024-9dda-7d8f056fffdf', '{"en":"SOE2K25","pa":"SOE2K25"}', '{"en":"SOE Entrance Exam 2025 Old Paper","pa":"ਸ ਓ ਈ ਪ੍ਰਵੇਸ਼ ਪ੍ਰੀਖਿਆ ੨੦੨੫"}', 180, 156, 40, NULL, TRUE, 'after_submit', 'published', '18ab2fd0-7503-457a-8ba4-d04645052a9b', '"2026-01-21T17:01:33.827Z"', '"2026-02-09T16:19:16.186Z"', '{"en":"<p><strong style=\"color: rgb(0, 0, 0);\">This&nbsp;question&nbsp;paper&nbsp;is&nbsp;in&nbsp;two&nbsp;parts.</strong></p><p></p><p><strong style=\"color: rgb(0, 0, 0);\">Part&nbsp;I</strong><span style=\"color: rgb(0, 0, 0);\">&nbsp;is&nbsp;related&nbsp;to&nbsp;Reasoning&nbsp;Test&nbsp;which&nbsp;consists&nbsp;of&nbsp;30&nbsp;questions.</span></p><p></p><p><strong style=\"color: rgb(0, 0, 0);\">Part&nbsp;II</strong><span style=\"color: rgb(0, 0, 0);\">&nbsp;relates&nbsp;to&nbsp;Scholastic&nbsp;Aptitude&nbsp;Test&nbsp;which&nbsp;consists&nbsp;of&nbsp;120&nbsp;questions&nbsp;relating&nbsp;to&nbsp;six&nbsp;subjects&nbsp;listed&nbsp;below:</span></p><p></p><ul><li><span style=\"color: rgb(0, 0, 0);\">(i)&nbsp;Mathematics&nbsp;-&nbsp;30&nbsp;questions</span></li><li><span style=\"color: rgb(0, 0, 0);\">(ii)&nbsp;Science&nbsp;-&nbsp;30&nbsp;questions</span></li><li><span style=\"color: rgb(0, 0, 0);\">(iii)&nbsp;Social&nbsp;Science&nbsp;-&nbsp;30&nbsp;questions</span></li><li><span style=\"color: rgb(0, 0, 0);\">(iv)&nbsp;English&nbsp;-&nbsp;10&nbsp;questions</span></li><li><span style=\"color: rgb(0, 0, 0);\">(v)&nbsp;Hindi&nbsp;-&nbsp;10&nbsp;questions</span></li><li><span style=\"color: rgb(0, 0, 0);\">(vi)&nbsp;Punjabi&nbsp;-&nbsp;10&nbsp;questions</span></li></ul><p></p><p><span style=\"color: rgb(0, 0, 0);\">Each&nbsp;question&nbsp;carries&nbsp;1&nbsp;mark.&nbsp;There&nbsp;is&nbsp;no&nbsp;negative&nbsp;marking.</span></p><p><span style=\"color: rgb(0, 0, 0);\">All&nbsp;questions&nbsp;are&nbsp;compulsory.</span></p><p><span style=\"color: rgb(0, 0, 0);\">The&nbsp;candidates&nbsp;must&nbsp;fill&nbsp;in&nbsp;the&nbsp;correct&nbsp;option&nbsp;(i.e.,&nbsp;1&nbsp;or&nbsp;2&nbsp;or&nbsp;3&nbsp;or&nbsp;4)&nbsp;with&nbsp;blue/black&nbsp;ball&nbsp;point&nbsp;pen&nbsp;in&nbsp;the&nbsp;OMR&nbsp;Answer&nbsp;Sheet.</span></p><p><span style=\"color: rgb(0, 0, 0);\">The&nbsp;candidates&nbsp;should&nbsp;not&nbsp;write&nbsp;anything&nbsp;on&nbsp;the&nbsp;question&nbsp;paper&nbsp;except&nbsp;his/her&nbsp;roll&nbsp;number.</span></p><p><span style=\"color: rgb(0, 0, 0);\">The&nbsp;use&nbsp;of&nbsp;a&nbsp;calculator&nbsp;or&nbsp;any&nbsp;other&nbsp;electronic&nbsp;device&nbsp;is&nbsp;strictly&nbsp;prohibited.</span></p><p><span style=\"color: rgb(0, 0, 0);\">Rough&nbsp;work&nbsp;can&nbsp;be&nbsp;done&nbsp;in&nbsp;the&nbsp;space&nbsp;provided&nbsp;at&nbsp;the&nbsp;end&nbsp;of&nbsp;the&nbsp;question&nbsp;paper.</span></p><p><span style=\"color: rgb(0, 0, 0);\">Hand&nbsp;over&nbsp;the&nbsp;OMR&nbsp;Answer&nbsp;Sheet&nbsp;to&nbsp;the&nbsp;Invigilator&nbsp;before&nbsp;leaving&nbsp;the&nbsp;examination&nbsp;hall.</span></p><p><span style=\"color: rgb(0, 0, 0);\">No&nbsp;candidate&nbsp;is&nbsp;allowed&nbsp;to&nbsp;leave&nbsp;the&nbsp;examination&nbsp;hall&nbsp;before&nbsp;the&nbsp;completion&nbsp;of&nbsp;the&nbsp;examination&nbsp;time.</span></p>","pa":"<h3><strong style=\"color: rgb(0, 0, 0);\">ਇਹ&nbsp;ਪ੍ਰਸ਼ਨ&nbsp;ਪੱਤਰ&nbsp;ਦੋ&nbsp;ਭਾਗਾਂ&nbsp;ਵਿੱਚ&nbsp;ਹੈ।</strong></h3><p><strong style=\"color: rgb(0, 0, 0);\">ਪਹਿਲਾ&nbsp;ਭਾਗ</strong><span style=\"color: rgb(0, 0, 0);\">&nbsp;ਤਰਕ&nbsp;ਯੋਗਤਾ&nbsp;ਨਾਲ&nbsp;ਸੰਬੰਧਤ&nbsp;ਹੈ,&nbsp;ਜਿਸ&nbsp;ਵਿੱਚ&nbsp;30&nbsp;ਪ੍ਰਸ਼ਨ&nbsp;ਹਨ।</span></p><p><strong style=\"color: rgb(0, 0, 0);\">ਦੂਜੇ&nbsp;ਭਾਗ</strong><span style=\"color: rgb(0, 0, 0);\">&nbsp;ਵਿੱਚ&nbsp;ਵਿਸ਼ਿਆਂ&nbsp;ਦੀ&nbsp;ਯੋਗਤਾ&nbsp;ਨਾਲ&nbsp;ਸੰਬੰਧਤ&nbsp;ਨਿਮਨ&nbsp;ਦਰਸਾਏ&nbsp;ਛੇ&nbsp;ਵਿਸ਼ਿਆਂ&nbsp;ਦੇ&nbsp;120&nbsp;ਪ੍ਰਸ਼ਨ&nbsp;ਹਨ:</span></p><ul><li><span style=\"color: rgb(0, 0, 0);\">(i)&nbsp;ਗਣਿਤ&nbsp;-&nbsp;30&nbsp;ਪ੍ਰਸ਼ਨ</span></li><li><span style=\"color: rgb(0, 0, 0);\">(ii)&nbsp;ਵਿਗਿਆਨ&nbsp;-&nbsp;30&nbsp;ਪ੍ਰਸ਼ਨ</span></li><li><span style=\"color: rgb(0, 0, 0);\">(iii)&nbsp;ਸਮਾਜਿਕ&nbsp;ਵਿਗਿਆਨ&nbsp;-&nbsp;30&nbsp;ਪ੍ਰਸ਼ਨ</span></li><li><span style=\"color: rgb(0, 0, 0);\">(iv)&nbsp;ਅੰਗਰੇਜ਼ੀ&nbsp;-&nbsp;10&nbsp;ਪ੍ਰਸ਼ਨ</span></li><li><span style=\"color: rgb(0, 0, 0);\">(v)&nbsp;ਹਿੰਦੀ&nbsp;-&nbsp;10&nbsp;ਪ੍ਰਸ਼ਨ</span></li><li><span style=\"color: rgb(0, 0, 0);\">(vi)&nbsp;ਪੰਜਾਬੀ&nbsp;-&nbsp;10&nbsp;ਪ੍ਰਸ਼ਨ</span></li></ul><p></p><p></p><p><span style=\"color: rgb(0, 0, 0);\">ਹਰੇਕ&nbsp;ਪ੍ਰਸ਼ਨ&nbsp;ਦਾ&nbsp;1&nbsp;ਅੰਕ&nbsp;ਹੈ।&nbsp;ਕੋਈ&nbsp;ਨਕਾਰਾਤਮਕ&nbsp;ਅੰਕ&nbsp;ਨਹੀਂ&nbsp;ਹੈ।</span></p><p><span style=\"color: rgb(0, 0, 0);\">ਸਾਰੇ&nbsp;ਪ੍ਰਸ਼ਨ&nbsp;ਜ਼ਰੂਰੀ&nbsp;ਹਨ।</span></p><p><span style=\"color: rgb(0, 0, 0);\">ਉਮੀਦਵਾਰ&nbsp;OMR&nbsp;ਉੱਤਰ&nbsp;ਪੱਤਰੀ&nbsp;ਵਿੱਚ&nbsp;ਸਹੀ&nbsp;ਵਿਕਲਪ&nbsp;(ਭਾਵ&nbsp;1&nbsp;ਜਾਂ&nbsp;2&nbsp;ਜਾਂ&nbsp;3&nbsp;ਜਾਂ&nbsp;4)&nbsp;ਨੂੰ&nbsp;ਨੀਲੇ/ਕਾਲੇ&nbsp;ਬਾਲ&nbsp;ਪੁਆਇੰਟ&nbsp;ਪੈੱਨ&nbsp;ਨਾਲ&nbsp;ਭਰਨ।</span></p><p><span style=\"color: rgb(0, 0, 0);\">ਉਮੀਦਵਾਰ&nbsp;ਪ੍ਰਸ਼ਨ&nbsp;ਪੱਤਰ&nbsp;&#39;ਤੇ&nbsp;ਆਪਣੇ&nbsp;ਰੋਲ&nbsp;ਨੰਬਰ&nbsp;ਤੋਂ&nbsp;ਇਲਾਵਾ&nbsp;ਕੁਝ&nbsp;ਵੀ&nbsp;ਨਾ&nbsp;ਲਿਖਣ।</span></p><p><span style=\"color: rgb(0, 0, 0);\">ਕੈਲਕੁਲੇਟਰ&nbsp;ਜਾਂ&nbsp;ਕਿਸੇ&nbsp;ਹੋਰ&nbsp;ਇਲੈਕਟ੍ਰਾਨਿਕ&nbsp;ਯੰਤਰ&nbsp;ਦੀ&nbsp;ਵਰਤੋਂ&nbsp;ਦੀ&nbsp;ਸਖ਼ਤ&nbsp;ਮਨਾਹੀ&nbsp;ਹੈ।</span></p><p><span style=\"color: rgb(0, 0, 0);\">ਕੱਚਾ&nbsp;ਕੰਮ&nbsp;(Rough&nbsp;work)&nbsp;ਪ੍ਰਸ਼ਨ&nbsp;ਪੱਤਰ&nbsp;ਦੇ&nbsp;ਅੰਤ&nbsp;ਵਿੱਚ&nbsp;ਦਿੱਤੀ&nbsp;ਗਈ&nbsp;ਖਾਲੀ&nbsp;ਥਾਂ&nbsp;&#39;ਤੇ&nbsp;ਕੀਤਾ&nbsp;ਜਾ&nbsp;ਸਕਦਾ&nbsp;ਹੈ।</span></p><p><span style=\"color: rgb(0, 0, 0);\">ਪ੍ਰੀਖਿਆ&nbsp;ਹਾਲ&nbsp;ਛੱਡਣ&nbsp;ਤੋਂ&nbsp;ਪਹਿਲਾਂ&nbsp;OMR&nbsp;ਉੱਤਰ&nbsp;ਪੱਤਰੀ&nbsp;ਨਿਗਰਾਨ&nbsp;ਨੂੰ&nbsp;ਸੌਂਪ&nbsp;ਦਿਓ।</span></p><p><span style=\"color: rgb(0, 0, 0);\">ਪ੍ਰੀਖਿਆ&nbsp;ਦਾ&nbsp;ਸਮਾਂ&nbsp;ਖਤਮ&nbsp;ਹੋਣ&nbsp;ਤੋਂ&nbsp;ਪਹਿਲਾਂ&nbsp;ਕਿਸੇ&nbsp;ਵੀ&nbsp;ਉਮੀਦਵਾਰ&nbsp;ਨੂੰ&nbsp;ਪ੍ਰੀਖਿਆ&nbsp;ਹਾਲ&nbsp;ਛੱਡਣ&nbsp;ਦੀ&nbsp;ਇਜਾਜ਼ਤ&nbsp;ਨਹੀਂ&nbsp;ਹੈ।</span></p>"}', FALSE, TRUE, 3);

-- Data for table: sections
INSERT INTO "sections" ("id", "exam_id", "name", "order", "duration") VALUES
('edd9fca3-1ff1-4c87-a4e0-8f95197e20fc', '5a7abc63-bb69-41d8-ba4c-7338c2f00c60', '{"en":"General Knowledge"}', 1, NULL),
('150bbc38-362e-46ef-a965-8ee8349c3bfa', '0c132348-48bf-4024-9dda-7d8f056fffdf', '{"en":"Reasoning (Part-I)","pa":"ਰੀਜਨਿੰਗ(ਭਾਗ -I)"}', 2, NULL),
('9ecdbce8-4b2d-4a1c-95c7-6656a4868c05', '0c132348-48bf-4024-9dda-7d8f056fffdf', '{"en":"Science(Part-II)","pa":"ਵਿਗਿਆਨ (ਭਾਗ - ੨)"}', 1, NULL),
('f4d9390b-b4a5-4387-b1d8-5a033627b550', '0c132348-48bf-4024-9dda-7d8f056fffdf', '{"en":"Mathematics(Part-II)","pa":"ਗਣਿਤ(ਭਾਗ - ੨)"}', 4, NULL),
('b77b7c6c-35ae-467c-931a-880ee71c0028', 'c8959405-cbc7-448b-9860-726acd6abf7b', '{"en":"English","pa":"ਅੰਗਰੇਜ਼ੀ"}', 2, 30),
('a33b794a-217c-43fb-bb83-d967f8103136', 'c8959405-cbc7-448b-9860-726acd6abf7b', '{"en":"Mathematics2","pa":"ਗਣਿਤ"}', 3, 30),
('b7e59d99-d190-42a2-b98a-9d8501549850', '0c132348-48bf-4024-9dda-7d8f056fffdf', '{"en":"Punjabi(Part-II)","pa":"ਪੰਜਾਬੀ (ਭਾਗ - 2)"}', 5, NULL),
('896e7dd4-de53-4806-97e4-71af218ffd0f', '0c132348-48bf-4024-9dda-7d8f056fffdf', '{"en":"English(Part-II)","pa":"ਅੰਗਰੇਜ਼ੀ (ਭਾਗ - 2)"}', 6, NULL),
('f23ff4cf-45a8-487d-b8c3-8f2db321e8a8', '0c132348-48bf-4024-9dda-7d8f056fffdf', '{"en":"Hindi(Part-II)","pa":"ਹਿੰਦੀ (ਭਾਗ - 2)"}', 7, NULL),
('e3d4ed6a-3f31-48f8-93e6-c443104596f1', 'c8959405-cbc7-448b-9860-726acd6abf7b', '{"en":"Punjabi","pa":"ਪੰਜਾਬੀ"}', 3, 30),
('f8fef461-41fb-40cb-8b14-f7ac3c465b34', 'c8959405-cbc7-448b-9860-726acd6abf7b', '{"en":"Science","pa":"ਵਿਗਿਆਨ"}', 3, NULL),
('6a8d18be-641e-4f24-8dff-6a3e46d6a34f', 'c8959405-cbc7-448b-9860-726acd6abf7b', '{"en":"Logical Reasoning","pa":"Logical Reasoning"}', 2, NULL),
('c0404bb0-36ee-4d79-ac9a-f1bdb8f7cc4b', '0c132348-48bf-4024-9dda-7d8f056fffdf', '{"en":"Social Studies(Part-II)","pa":"ਸਮਾਜਿਕ ਵਿਗਿਆਨ (ਭਾਗ - ੨)"}', 3, NULL),
('cd4e78d8-f116-4508-8e0f-f5376c43f626', '8564aec1-dc80-491b-8fed-e16cd72ba039', '{"en":"General Knowledge"}', 1, NULL);

-- Data for table: paragraphs
INSERT INTO "paragraphs" ("id", "text", "content", "image_url", "created_at", "updated_at") VALUES
('fae33b00-945e-4671-9542-076456f56cf5', '{"en":"Chandigarh Architecture – Comprehension Passage","pa":"ਚੰਡੀਗੜ ਦਾ ਆਰਕੀਟੈਕਚਰ - ਲੇਖ"}', '{"en":"<p><span style=\"background-color: transparent; color: rgb(0, 0, 0);\">Chandigarh&nbsp;is&nbsp;one&nbsp;of&nbsp;the&nbsp;most&nbsp;well-planned&nbsp;cities&nbsp;in&nbsp;India&nbsp;and&nbsp;is&nbsp;world-famous&nbsp;for&nbsp;its&nbsp;unique&nbsp;and&nbsp;modern&nbsp;architecture.&nbsp;After&nbsp;India&nbsp;gained&nbsp;independence&nbsp;in&nbsp;1947,&nbsp;Chandigarh&nbsp;was&nbsp;designed&nbsp;as&nbsp;the&nbsp;new&nbsp;capital&nbsp;of&nbsp;Punjab.&nbsp;The&nbsp;responsibility&nbsp;of&nbsp;planning&nbsp;the&nbsp;city&nbsp;was&nbsp;given&nbsp;to&nbsp;the&nbsp;renowned&nbsp;French&nbsp;architect&nbsp;</span><strong style=\"background-color: transparent; color: rgb(0, 0, 0);\">Le&nbsp;Corbusier</strong><span style=\"background-color: transparent; color: rgb(0, 0, 0);\">,&nbsp;who&nbsp;shaped&nbsp;Chandigarh&nbsp;as&nbsp;a&nbsp;symbol&nbsp;of&nbsp;modern&nbsp;India.</span></p><p><span style=\"background-color: transparent; color: rgb(0, 0, 0);\">The&nbsp;architecture&nbsp;of&nbsp;Chandigarh&nbsp;is&nbsp;based&nbsp;on&nbsp;the&nbsp;principles&nbsp;of&nbsp;modernism.&nbsp;Buildings&nbsp;are&nbsp;simple,&nbsp;functional,&nbsp;and&nbsp;free&nbsp;from&nbsp;excessive&nbsp;decoration.&nbsp;Concrete,&nbsp;straight&nbsp;lines,&nbsp;bold&nbsp;shapes,&nbsp;and&nbsp;open&nbsp;spaces&nbsp;are&nbsp;the&nbsp;main&nbsp;features.&nbsp;The&nbsp;city&nbsp;is&nbsp;divided&nbsp;into&nbsp;well-organized&nbsp;sectors,&nbsp;each&nbsp;planned&nbsp;for&nbsp;specific&nbsp;purposes&nbsp;such&nbsp;as&nbsp;living,&nbsp;shopping,&nbsp;education,&nbsp;and&nbsp;recreation.&nbsp;This&nbsp;systematic&nbsp;layout&nbsp;makes&nbsp;the&nbsp;city&nbsp;easy&nbsp;to&nbsp;navigate&nbsp;and&nbsp;highly&nbsp;efficient.</span></p><p><span style=\"background-color: transparent; color: rgb(0, 0, 0);\">Some&nbsp;of&nbsp;the&nbsp;most&nbsp;iconic&nbsp;structures&nbsp;in&nbsp;Chandigarh&nbsp;are&nbsp;the&nbsp;Capitol&nbsp;Complex&nbsp;buildings,&nbsp;including&nbsp;the&nbsp;High&nbsp;Court,&nbsp;Secretariat,&nbsp;and&nbsp;Legislative&nbsp;Assembly.&nbsp;These&nbsp;buildings&nbsp;reflect&nbsp;strength,&nbsp;order,&nbsp;and&nbsp;clarity.&nbsp;The&nbsp;Open&nbsp;Hand&nbsp;Monument,&nbsp;another&nbsp;famous&nbsp;structure,&nbsp;represents&nbsp;peace&nbsp;and&nbsp;unity,&nbsp;showing&nbsp;Corbusier’s&nbsp;belief&nbsp;in&nbsp;giving&nbsp;and&nbsp;receiving&nbsp;freely.</span></p><p><span style=\"background-color: transparent; color: rgb(0, 0, 0);\">Apart&nbsp;from&nbsp;official&nbsp;buildings,&nbsp;Chandigarh&nbsp;also&nbsp;blends&nbsp;architecture&nbsp;with&nbsp;nature.&nbsp;Wide&nbsp;roads,&nbsp;green&nbsp;belts,&nbsp;parks,&nbsp;and&nbsp;gardens&nbsp;are&nbsp;carefully&nbsp;planned&nbsp;to&nbsp;provide&nbsp;a&nbsp;clean&nbsp;and&nbsp;healthy&nbsp;environment.&nbsp;The&nbsp;Rock&nbsp;Garden,&nbsp;created&nbsp;from&nbsp;industrial&nbsp;and&nbsp;household&nbsp;waste,&nbsp;is&nbsp;a&nbsp;creative&nbsp;example&nbsp;of&nbsp;sustainable&nbsp;architecture&nbsp;and&nbsp;artistic&nbsp;expression.</span></p><p><span style=\"background-color: transparent; color: rgb(0, 0, 0);\">Overall,&nbsp;Chandigarh’s&nbsp;architecture&nbsp;stands&nbsp;as&nbsp;a&nbsp;landmark&nbsp;in&nbsp;Indian&nbsp;urban&nbsp;planning.&nbsp;It&nbsp;combines&nbsp;functionality,&nbsp;aesthetics,&nbsp;and&nbsp;harmony&nbsp;with&nbsp;nature,&nbsp;making&nbsp;the&nbsp;city&nbsp;a&nbsp;timeless&nbsp;example&nbsp;of&nbsp;thoughtful&nbsp;design&nbsp;and&nbsp;modern&nbsp;vision.</span></p><p></p><p></p>","pa":"<p><span style=\"color: rgb(255, 255, 255);\">Chandigarh&nbsp;is&nbsp;one&nbsp;of&nbsp;the&nbsp;most&nbsp;well-planned&nbsp;cities&nbsp;in&nbsp;India&nbsp;and&nbsp;is&nbsp;world-famous&nbsp;for&nbsp;its&nbsp;unique&nbsp;and&nbsp;modern&nbsp;architecture.&nbsp;After&nbsp;India&nbsp;gained&nbsp;independence&nbsp;in&nbsp;1947,&nbsp;Chandigarh&nbsp;was&nbsp;designed&nbsp;as&nbsp;the&nbsp;new&nbsp;capital&nbsp;of&nbsp;Punjab.&nbsp;The&nbsp;responsibility&nbsp;of&nbsp;planning&nbsp;the&nbsp;city&nbsp;was&nbsp;given&nbsp;to&nbsp;the&nbsp;renowned&nbsp;French&nbsp;architect&nbsp;</span><strong style=\"color: rgb(255, 255, 255);\">Le&nbsp;Corbusier</strong><span style=\"color: rgb(255, 255, 255);\">,&nbsp;who&nbsp;shaped&nbsp;Chandigarh&nbsp;as&nbsp;a&nbsp;symbol&nbsp;of&nbsp;modern&nbsp;India.</span></p><p><span style=\"color: rgb(255, 255, 255);\">The&nbsp;architecture&nbsp;of&nbsp;Chandigarh&nbsp;is&nbsp;based&nbsp;on&nbsp;the&nbsp;principles&nbsp;of&nbsp;modernism.&nbsp;Buildings&nbsp;are&nbsp;simple,&nbsp;functional,&nbsp;and&nbsp;free&nbsp;from&nbsp;excessive&nbsp;decoration.&nbsp;Concrete,&nbsp;straight&nbsp;lines,&nbsp;bold&nbsp;shapes,&nbsp;and&nbsp;open&nbsp;spaces&nbsp;are&nbsp;the&nbsp;main&nbsp;features.&nbsp;The&nbsp;city&nbsp;is&nbsp;divided&nbsp;into&nbsp;well-organized&nbsp;sectors,&nbsp;each&nbsp;planned&nbsp;for&nbsp;specific&nbsp;purposes&nbsp;such&nbsp;as&nbsp;living,&nbsp;shopping,&nbsp;education,&nbsp;and&nbsp;recreation.&nbsp;This&nbsp;systematic&nbsp;layout&nbsp;makes&nbsp;the&nbsp;city&nbsp;easy&nbsp;to&nbsp;navigate&nbsp;and&nbsp;highly&nbsp;efficient.</span></p><p><span style=\"color: rgb(255, 255, 255);\">Some&nbsp;of&nbsp;the&nbsp;most&nbsp;iconic&nbsp;structures&nbsp;in&nbsp;Chandigarh&nbsp;are&nbsp;the&nbsp;Capitol&nbsp;Complex&nbsp;buildings,&nbsp;including&nbsp;the&nbsp;High&nbsp;Court,&nbsp;Secretariat,&nbsp;and&nbsp;Legislative&nbsp;Assembly.&nbsp;These&nbsp;buildings&nbsp;reflect&nbsp;strength,&nbsp;order,&nbsp;and&nbsp;clarity.&nbsp;The&nbsp;Open&nbsp;Hand&nbsp;Monument,&nbsp;another&nbsp;famous&nbsp;structure,&nbsp;represents&nbsp;peace&nbsp;and&nbsp;unity,&nbsp;showing&nbsp;Corbusier’s&nbsp;belief&nbsp;in&nbsp;giving&nbsp;and&nbsp;receiving&nbsp;freely.</span></p><p><span style=\"color: rgb(255, 255, 255);\">Apart&nbsp;from&nbsp;official&nbsp;buildings,&nbsp;Chandigarh&nbsp;also&nbsp;blends&nbsp;architecture&nbsp;with&nbsp;nature.&nbsp;Wide&nbsp;roads,&nbsp;green&nbsp;belts,&nbsp;parks,&nbsp;and&nbsp;gardens&nbsp;are&nbsp;carefully&nbsp;planned&nbsp;to&nbsp;provide&nbsp;a&nbsp;clean&nbsp;and&nbsp;healthy&nbsp;environment.&nbsp;The&nbsp;Rock&nbsp;Garden,&nbsp;created&nbsp;from&nbsp;industrial&nbsp;and&nbsp;household&nbsp;waste,&nbsp;is&nbsp;a&nbsp;creative&nbsp;example&nbsp;of&nbsp;sustainable&nbsp;architecture&nbsp;and&nbsp;artistic&nbsp;expression.</span></p><p><span style=\"color: rgb(255, 255, 255);\">Overall,&nbsp;Chandigarh’s&nbsp;architecture&nbsp;stands&nbsp;as&nbsp;a&nbsp;landmark&nbsp;in&nbsp;Indian&nbsp;urban&nbsp;planning.&nbsp;It&nbsp;combines&nbsp;functionality,&nbsp;aesthetics,&nbsp;and&nbsp;harmony&nbsp;with&nbsp;nature,&nbsp;making&nbsp;the&nbsp;city&nbsp;a&nbsp;timeless&nbsp;example&nbsp;of&nbsp;thoughtful&nbsp;design&nbsp;and&nbsp;modern&nbsp;vision.</span></p><p></p>"}', NULL, '"2026-01-26T10:39:03.756Z"', '"2026-01-26T11:48:16.660Z"'),
('3e1c5378-6d8f-41a9-b908-074dab9ed545', '{"en":"Social Media","pa":"Social Media"}', '{"en":"<p><span style=\"color: rgb(0, 0, 0);\">Social&nbsp;media&nbsp;has&nbsp;changed&nbsp;the&nbsp;way&nbsp;we&nbsp;communicate,&nbsp;interact&nbsp;and&nbsp;share&nbsp;information.&nbsp;Online&nbsp;platforms&nbsp;like&nbsp;Facebook,&nbsp;Twitter,&nbsp;and&nbsp;Instagram&nbsp;have&nbsp;become&nbsp;an&nbsp;important&nbsp;part&nbsp;of&nbsp;our&nbsp;daily&nbsp;lives.&nbsp;Social&nbsp;media&nbsp;has&nbsp;made&nbsp;it&nbsp;easier&nbsp;for&nbsp;people&nbsp;to&nbsp;connect&nbsp;with&nbsp;each&nbsp;other&nbsp;from&nbsp;anywhere&nbsp;in&nbsp;the&nbsp;world.&nbsp;It&nbsp;has&nbsp;also&nbsp;enabled&nbsp;marketing&nbsp;companies&nbsp;to&nbsp;reach&nbsp;more&nbsp;people&nbsp;and&nbsp;promote&nbsp;their&nbsp;products&nbsp;more&nbsp;effectively.&nbsp;Moreover,&nbsp;social&nbsp;media&nbsp;has&nbsp;enabled&nbsp;people&nbsp;to&nbsp;spread&nbsp;good&nbsp;messages&nbsp;and&nbsp;also&nbsp;raise&nbsp;awareness&nbsp;about&nbsp;social&nbsp;issues.&nbsp;For&nbsp;students,&nbsp;social&nbsp;media&nbsp;offers&nbsp;numerous&nbsp;benefits.&nbsp;It&nbsp;serves&nbsp;as&nbsp;a&nbsp;valuable&nbsp;resource&nbsp;for&nbsp;learning&nbsp;enabling&nbsp;access&nbsp;to&nbsp;educational&nbsp;videos,&nbsp;online&nbsp;courses,&nbsp;and&nbsp;expert&nbsp;opinions.&nbsp;However,&nbsp;social&nbsp;media&nbsp;has&nbsp;some&nbsp;negative&nbsp;impacts&nbsp;as&nbsp;well.&nbsp;Excessive&nbsp;use&nbsp;of&nbsp;social&nbsp;media&nbsp;leads&nbsp;to&nbsp;addiction,&nbsp;wasting&nbsp;valuable&nbsp;time&nbsp;that&nbsp;could&nbsp;be&nbsp;spent&nbsp;on&nbsp;productive&nbsp;activities&nbsp;and&nbsp;declining&nbsp;face-to-face&nbsp;conversation&nbsp;with&nbsp;people.&nbsp;It&nbsp;also&nbsp;causes&nbsp;physical&nbsp;and&nbsp;mental&nbsp;health&nbsp;problems.&nbsp;The&nbsp;spread&nbsp;of&nbsp;fake&nbsp;news&nbsp;and&nbsp;misinformation&nbsp;misleads&nbsp;people&nbsp;and&nbsp;creates&nbsp;confusion.&nbsp;To&nbsp;sum&nbsp;up,&nbsp;social&nbsp;media&nbsp;is&nbsp;like&nbsp;a&nbsp;double-edged&nbsp;sword&nbsp;-&nbsp;It&nbsp;can&nbsp;be&nbsp;really&nbsp;helpful&nbsp;or&nbsp;harmful&nbsp;based&nbsp;on&nbsp;how&nbsp;people&nbsp;use&nbsp;it.&nbsp;Undoubtedly,&nbsp;it&nbsp;provides&nbsp;amazing&nbsp;chances&nbsp;for&nbsp;learning,&nbsp;connecting&nbsp;with&nbsp;others&nbsp;and&nbsp;sharing&nbsp;ideas.&nbsp;At&nbsp;the&nbsp;same&nbsp;time,&nbsp;it&nbsp;requires&nbsp;careful&nbsp;management&nbsp;to&nbsp;avoid&nbsp;its&nbsp;negative&nbsp;effects.&nbsp;By&nbsp;using&nbsp;social&nbsp;media&nbsp;wisely&nbsp;and&nbsp;with&nbsp;a&nbsp;clear&nbsp;purpose,&nbsp;we&nbsp;can&nbsp;leverage&nbsp;its&nbsp;benefits&nbsp;while&nbsp;minimizing&nbsp;its&nbsp;drawbacks,&nbsp;making&nbsp;it&nbsp;a&nbsp;tool&nbsp;for&nbsp;personal&nbsp;growth&nbsp;and&nbsp;social&nbsp;progress.</span></p>","pa":"Social media has changed the way we communicate, interact and share information. Online platforms like Facebook, Twitter, and Instagram have become an important part of our daily lives... However, social media has some negative impacts as well... To sum up, social media is like a double-edged sword..."}', NULL, '"2026-01-26T16:30:19.713Z"', '"2026-01-26T16:46:51.480Z"'),
('c82969c4-195e-4bba-afa5-99948ff5c39c', '{"en":"ਸੱਭਿਅਤਾ","pa":"ਸੱਭਿਅਤਾ"}', '{"en":"<p><span style=\"color: rgb(0, 0, 0);\">ਸੱਭਿਅਤਾ&nbsp;ਦੇ&nbsp;ਜਨਮ&nbsp;ਤੋਂ&nbsp;ਹੀ&nbsp;ਇਹ&nbsp;ਮਹਿਸੂਸ&nbsp;ਕੀਤਾ&nbsp;ਜਾਂਦਾ&nbsp;ਹੈ&nbsp;ਕਿ&nbsp;ਵਿੱਦਿਆ&nbsp;ਦਾ&nbsp;ਉਦੇਸ਼&nbsp;ਪਰਉਪਕਾਰ&nbsp;ਕਰਨਾ&nbsp;ਹੈ।&nbsp;ਇਸ&nbsp;ਦਾ&nbsp;ਮੰਤਵ&nbsp;ਗਿਆਨ&nbsp;ਦੇਣਾ&nbsp;ਹੈ,&nbsp;ਕਿਤਾਬੀ-ਕੀੜਾ&nbsp;ਬਣਾਉਣਾ&nbsp;ਨਹੀਂ,&nbsp;ਅਗਿਆਨ&nbsp;ਦਾ&nbsp;ਹਨੇਰਾ&nbsp;ਦੂਰ&nbsp;ਕਰਨਾ&nbsp;ਹੈ,&nbsp;ਨਿਰੀਆਂ&nbsp;ਕਾਗ਼ਜ਼ੀ&nbsp;ਡਿਗਰੀਆਂ&nbsp;ਵੰਡਣਾ&nbsp;ਨਹੀਂ,&nbsp;ਦੂਸਰੇ&nbsp;ਸ਼ਬਦਾਂ&nbsp;ਵਿੱਚ&nbsp;ਮਨੁੱਖ&nbsp;ਨੂੰ&nbsp;ਵਾਸਤਵਿਕ&nbsp;ਸਮਾਜਿਕ&nbsp;ਜੀਵ&nbsp;ਬਣਾਉਣਾ&nbsp;ਹੈ।&nbsp;ਰੁਜ਼ਗਾਰ&nbsp;ਪ੍ਰਾਪਤੀ&nbsp;ਉਸ&nbsp;ਦਾ&nbsp;ਦੂਜਾ&nbsp;ਪਹਿਲੂ&nbsp;ਹੈ।&nbsp;ਗਿਆਨ&nbsp;ਸਮਾਜਿਕ,&nbsp;ਰਾਜਨੀਤਿਕ,&nbsp;ਆਰਥਿਕ,&nbsp;ਭੂਗੋਲਿਕ,&nbsp;ਇਤਿਹਾਸਿਕ,&nbsp;ਸਾਹਿਤਕ&nbsp;ਤੇ&nbsp;ਵਿਗਿਆਨਿਕ&nbsp;ਆਦਿ&nbsp;ਹੋ&nbsp;ਸਕਦਾ&nbsp;ਹੈ।&nbsp;ਇਹ&nbsp;ਗਿਆਨ,&nbsp;ਨਿਰਸੰਦੇਹ,&nbsp;ਕਿਤਾਬਾਂ&nbsp;ਰਾਹੀਂ&nbsp;ਗ੍ਰਹਿਣ&nbsp;ਕੀਤਾ&nbsp;ਜਾ&nbsp;ਸਕਦਾ&nbsp;ਹੈ,&nbsp;ਭਾਵੇਂ&nbsp;ਅੱਜ-ਕੁੱਲ੍ਹ&nbsp;ਰੇਡੀਓ,&nbsp;ਟੈਲੀਵੀਜ਼ਨ&nbsp;ਤੇ&nbsp;ਸਿਨੇਮਾ&nbsp;ਆਦਿ&nbsp;ਨਵੀਆਂ&nbsp;ਵਿਧੀਆਂ&nbsp;ਦੀ&nbsp;ਵਰਤੋਂ&nbsp;ਵੀ&nbsp;ਕੀਤੀ&nbsp;ਜਾ&nbsp;ਰਹੀ&nbsp;ਹੈ।&nbsp;ਪੜ੍ਹੇ-ਲਿਖੇ&nbsp;ਨੌਜਵਾਨ&nbsp;ਵਿਸ਼ਾਦ&nbsp;(ਨਿਰਾਸ਼ਾ)&nbsp;ਦੇ&nbsp;ਡੂੰਘੇ&nbsp;ਸਾਗਰ&nbsp;ਵਿੱਚ&nbsp;ਡੁੱਬੇ&nbsp;ਹੋਏ&nbsp;ਹਨ।&nbsp;ਵਾਸਤਵ&nbsp;ਵਿੱਚ&nbsp;ਅੰਗਰੇਜ਼ਾਂ&nbsp;ਨੇ&nbsp;ਆਪਣੀ&nbsp;ਕਲਰਕ-ਲੋੜ-ਪੂਰਤੀ&nbsp;ਲਈ&nbsp;&#39;ਕਲਰਕ&nbsp;ਬਣਾਓ&#39;&nbsp;ਵਿੱਦਿਅਕ&nbsp;ਪ੍ਰਨਾਲੀ&nbsp;ਪ੍ਰਚਲਿਤ&nbsp;ਕੀਤੀ&nbsp;ਸੀ,&nbsp;ਪਰ&nbsp;ਦੁੱਖ&nbsp;ਦੀ&nbsp;ਗੱਲ&nbsp;ਹੈ&nbsp;ਕਿ&nbsp;ਅੱਜ&nbsp;ਪੰਜ&nbsp;ਦਹਾਕਿਆਂ&nbsp;ਤੋਂ&nbsp;ਬਾਅਦ&nbsp;ਵੀ&nbsp;ਇਹੀ&nbsp;ਪ੍ਰਨਾਲੀ&nbsp;ਪ੍ਰਚਲਨ&nbsp;ਵਿੱਚ&nbsp;ਹੈ।&nbsp;ਜੋ&nbsp;ਅਸਲ&nbsp;ਵਿੱਦਿਆ&nbsp;ਹੈ।&nbsp;ਉਸ&nbsp;ਦਾ&nbsp;ਚਾਨਣ&nbsp;ਮਨੁੱਖੀ&nbsp;ਆਚਰਨ&nbsp;ਨੂੰ&nbsp;ਉੱਚਾ&nbsp;ਤੇ&nbsp;ਸੁੱਚਾ&nbsp;ਵੀ&nbsp;ਬਣਾਉਂਦਾ&nbsp;ਹੈ।&nbsp;ਉਸ&nbsp;ਦੇ&nbsp;ਦਿਲ&nbsp;ਵਿੱਚ&nbsp;ਦੁਖੀਆਂ&nbsp;ਲਈ&nbsp;ਦਰਦ,&nbsp;ਜ਼ਾਲਮਾਂ&nbsp;ਵਿਰੁੱਧ&nbsp;ਵਿਦਰੋਹ&nbsp;ਤੇ&nbsp;ਝੂਠਿਆਂ&nbsp;ਪ੍ਰਤੀ&nbsp;ਘਿਰਨਾ&nbsp;ਪੈਦਾ&nbsp;ਹੁੰਦੀ&nbsp;ਹੈ।&nbsp;ਜੇ&nbsp;ਕੋਈ&nbsp;ਪੜ੍ਹ-ਲਿਖ&nbsp;ਕੇ&nbsp;ਵੀ&nbsp;ਪੰਜੇ&nbsp;ਐਬਾਂ&nbsp;ਵਿੱਚ&nbsp;ਗ਼ਲਤਾਨ&nbsp;ਰਹਿੰਦਾ&nbsp;ਹੈ,&nbsp;ਦੋਖੀਆਂ&nbsp;ਨੂੰ&nbsp;ਸਜ਼ਾ&nbsp;ਨਹੀਂ&nbsp;ਦਿੰਦਾ,&nbsp;ਸੱਚ-ਝੂਠ&nbsp;ਦਾ&nbsp;ਨਿਤਾਰਾ&nbsp;ਨਹੀਂ&nbsp;ਕਰਦਾ,&nbsp;ਅਨਿਆਂ&nbsp;ਵਿਰੁੱਧ&nbsp;ਕੁੰਡਾ&nbsp;ਨਹੀਂ&nbsp;ਖੜਕਾਉਂਦਾ,&nbsp;ਜਨਤਾ&nbsp;ਦਾ&nbsp;ਕੁਝ&nbsp;ਸਵਾਰਦਾ&nbsp;ਨਹੀਂ&nbsp;ਤਾਂ&nbsp;ਉਹਦੀ&nbsp;ਵਿੱਦਿਆ&nbsp;ਜਿਹੀ&nbsp;ਹੋਈ&nbsp;ਤਿਹੀ&nbsp;ਨਾ&nbsp;ਹੋਈ&#39;।&nbsp;ਵਿੱਦਿਆ&nbsp;ਦੇ&nbsp;ਸਰਬ-ਪੱਖੀ&nbsp;ਵਿਕਾਸ&nbsp;ਦੇ&nbsp;ਮਨੋਰਥ&nbsp;ਨੂੰ&nbsp;ਮੁੱਖ&nbsp;ਰੱਖਦਿਆਂ&nbsp;ਹੋਇਆਂ&nbsp;ਵਿਦਿਆਲਿਆਂ&nbsp;ਵਿੱਚ&nbsp;ਪੜ੍ਹਾਈ&nbsp;ਤੋਂ&nbsp;ਛੁੱਟ&nbsp;ਖੇਡਾਂ,&nbsp;ਮਨੋਰੰਜਨ&nbsp;ਕਾਰਜਾਂ&nbsp;ਤੇ&nbsp;ਧਾਰਮਿਕ&nbsp;ਸਿੱਖਿਆ&nbsp;ਵੱਲ&nbsp;ਵੀ&nbsp;ਵਿਸ਼ੇਸ਼&nbsp;ਧਿਆਨ&nbsp;ਦਿੱਤਾ&nbsp;ਜਾਂਦਾ&nbsp;ਹੈ।&nbsp;ਵਿਦਿਆਰਥੀਆਂ&nbsp;ਨੂੰ&nbsp;ਨਿਸ਼ਚਿਤ&nbsp;ਪਾਠ-ਕ੍ਰਮ&nbsp;ਤੇ&nbsp;ਅਧਾਰਿਤ&nbsp;ਪੁਸਤਕਾਂ&nbsp;ਪੜ੍ਹਾਈਆਂ&nbsp;ਜਾਂਦੀਆਂ&nbsp;ਹਨ&nbsp;ਤਾਂ&nbsp;ਜੋ&nbsp;ਉਹ&nbsp;ਮਾਨਸਿਕ&nbsp;ਤੇ&nbsp;ਬੌਧਿਕ&nbsp;ਵਿਕਾਸ&nbsp;ਦੇ&nbsp;ਨਾਲ-ਨਾਲ&nbsp;ਯੂਨੀਵਰਸਿਟੀ&nbsp;ਦਾ&nbsp;ਇਮਤਿਹਾਨ&nbsp;ਵੀ&nbsp;ਪਾਸ&nbsp;ਕਰ&nbsp;ਸਕਣ।&nbsp;ਉਹਨਾਂ&nbsp;ਨੂੰ&nbsp;ਵਿਭਿੰਨ&nbsp;ਖੇਡਾਂ&nbsp;ਖਿਡਾਈਆਂ&nbsp;ਜਾਂਦੀਆਂ&nbsp;ਹਨ&nbsp;ਤਾਂ&nbsp;ਜੋ&nbsp;ਉਹ&nbsp;ਸਿਹਤਮੰਦ&nbsp;ਰਹਿ&nbsp;ਸਕਣ।&nbsp;ਉਹਨਾਂ&nbsp;ਨੂੰ&nbsp;ਭਾਸ਼ਨ,&nbsp;ਸੰਗੀਤ,&nbsp;ਨਾਟਕ&nbsp;ਤੇ&nbsp;ਲਲਿਤ&nbsp;ਕਲਾ&nbsp;ਆਦਿ&nbsp;ਦਾ&nbsp;ਗਿਆਨ&nbsp;ਦਿੱਤਾ&nbsp;ਜਾਂਦਾ&nbsp;ਹੈ&nbsp;ਤਾਂ&nbsp;ਜੋ&nbsp;ਉਹ&nbsp;ਆਪਣੇ&nbsp;ਵਿਅਕਤੀਤਵ&nbsp;ਦਾ&nbsp;ਬਹੁ-ਪੱਖੀ&nbsp;ਵਿਕਾਸ&nbsp;ਕਰ&nbsp;ਸਕਣ।&nbsp;ਉਹਨਾਂ&nbsp;ਨੂੰ&nbsp;ਧਾਰਮਿਕ&nbsp;ਸਿੱਖਿਆ&nbsp;ਦਿੱਤੀ&nbsp;ਜਾਂਦੀ&nbsp;ਹੈ&nbsp;ਤਾਂ&nbsp;ਜੋ&nbsp;ਉਹ&nbsp;ਅਦਿੱਖ,&nbsp;ਅਪਾਰ&nbsp;ਤੇ&nbsp;ਬੇਅੰਤ&nbsp;ਸ਼ਕਤੀ&nbsp;ਤੋਂ&nbsp;ਡਰ&nbsp;ਕੇ&nbsp;ਰਹਿਣ,&nbsp;ਨਿਰੀ&nbsp;&#39;ਹਉਂਮੈਂ&#39;&nbsp;ਦੇ&nbsp;ਝਗੜਿਆਂ&nbsp;ਵਿੱਚ&nbsp;ਆਪਣਾ&nbsp;ਸਮਾਂ&nbsp;ਅਜਾਈਂ&nbsp;ਨਾ&nbsp;ਗੁਆਉਣ।&nbsp;ਉਹਨਾਂ&nbsp;ਨੂੰ&nbsp;ਧਾਰਮਿਕ&nbsp;ਗ੍ਰੰਥਾਂ&nbsp;ਵਿੱਚ&nbsp;ਦਿੱਤੀਆਂ&nbsp;ਹੋਈਆਂ&nbsp;ਸਿੱਖਿਆਵਾਂ&nbsp;&#39;ਤੇ&nbsp;ਅਮਲ&nbsp;ਅਤੇ&nbsp;ਅਵਤਾਰਾਂ,&nbsp;ਪੀਰਾਂ-ਪੈਗੰਬਰਾਂ&nbsp;ਦਿਆਂ&nbsp;ਪੂਰਨਿਆਂ&nbsp;&#39;ਤੇ&nbsp;ਚਲਣ&nbsp;ਲਈ&nbsp;ਪ੍ਰੇਰਿਆ&nbsp;ਜਾਂਦਾ&nbsp;ਹੈ।</span></p>","pa":"ਸੱਭਿਅਤਾ ਦੇ ਜਨਮ ਤੋਂ ਹੀ ਇਹ ਮਹਿਸੂਸ ਕੀਤਾ ਜਾਂਦਾ ਹੈ ਕਿ ਵਿੱਦਿਆ ਦਾ ਉਦੇਸ਼ ਪਰਉਪਕਾਰ ਕਰਨਾ ਹੈ। ਇਸ ਦਾ ਮੰਤਵ ਗਿਆਨ ਦੇਣਾ ਹੈ, ਕਿਤਾਬੀ-ਕੀੜਾ ਬਣਾਉਣਾ ਨਹੀਂ, ਅਗਿਆਨ ਦਾ ਹਨੇਰਾ ਦੂਰ ਕਰਨਾ ਹੈ, ਨਿਰੀਆਂ ਕਾਗ਼ਜ਼ੀ ਡਿਗਰੀਆਂ ਵੰਡਣਾ ਨਹੀਂ, ਦੂਸਰੇ ਸ਼ਬਦਾਂ ਵਿੱਚ ਮਨੁੱਖ ਨੂੰ ਵਾਸਤਵਿਕ ਸਮਾਜਿਕ ਜੀਵ ਬਣਾਉਣਾ ਹੈ। ਰੁਜ਼ਗਾਰ ਪ੍ਰਾਪਤੀ ਉਸ ਦਾ ਦੂਜਾ ਪਹਿਲੂ ਹੈ..."}', NULL, '"2026-01-26T16:08:38.645Z"', '"2026-01-26T17:24:47.542Z"'),
('a74c82b8-608e-484e-a611-3f78aef8e52b', '{"en":"Hindi Comprehension Passage","pa":"महानगरों में भीड़ होती है, समाज या लोग नहीं बसते। भीड़ उसे कहते हैं, जहाँ लोगों का जमघट होता है। लोग तो होते हैं लेकिन उनकी छाती में हृदय नहीं होता... सारा पड़ोस, सारे संबंध इस फ्रिज में ''फ्रीज़'' रहते हैं।"}', '{"en":"<p><span style=\"color: rgb(0, 0, 0);\">महानगरों&nbsp;में&nbsp;भीड़&nbsp;होती&nbsp;है,&nbsp;समाज&nbsp;या&nbsp;लोग&nbsp;नहीं&nbsp;बसते।&nbsp;भीड़&nbsp;उसे&nbsp;कहते&nbsp;हैं,&nbsp;जहाँ&nbsp;लोगों&nbsp;का&nbsp;जमघट&nbsp;होता&nbsp;है।&nbsp;लोग&nbsp;तो&nbsp;होते&nbsp;हैं&nbsp;लेकिन&nbsp;उनकी&nbsp;छाती&nbsp;में&nbsp;हृदय&nbsp;नहीं&nbsp;होता;&nbsp;सिर&nbsp;होते&nbsp;हैं,&nbsp;लेकिन&nbsp;उनमें&nbsp;बुद्धि&nbsp;या&nbsp;विचार&nbsp;नहीं&nbsp;होता।&nbsp;हाथ&nbsp;होते&nbsp;हैं,&nbsp;लेकिन&nbsp;उन&nbsp;हाथों&nbsp;में&nbsp;विध्वंस&nbsp;के&nbsp;लिए&nbsp;पत्थर&nbsp;होते&nbsp;हैं,&nbsp;वे&nbsp;हाथ&nbsp;निर्माण&nbsp;के&nbsp;लिए&nbsp;नहीं&nbsp;होते।&nbsp;यह&nbsp;भीड़&nbsp;एक&nbsp;अंधी&nbsp;गली&nbsp;से&nbsp;दूसरी&nbsp;गली&nbsp;की&nbsp;ओर&nbsp;जाती&nbsp;है,&nbsp;क्योंकि&nbsp;भीड़&nbsp;में&nbsp;होने&nbsp;वाले&nbsp;लोगों&nbsp;का&nbsp;आपस&nbsp;में&nbsp;कोई&nbsp;रिश्ता&nbsp;नहीं&nbsp;होता।&nbsp;वे&nbsp;एक-दूसरे&nbsp;के&nbsp;कुछ&nbsp;भी&nbsp;नहीं&nbsp;लगते।&nbsp;सारे&nbsp;अनजान&nbsp;लोग&nbsp;इकट्ठा&nbsp;होकर&nbsp;विध्वंस&nbsp;करने&nbsp;में&nbsp;एक-दूसरे&nbsp;का&nbsp;साथ&nbsp;देते&nbsp;हैं,&nbsp;क्योंकि&nbsp;जिन&nbsp;इमारतों,&nbsp;बसों&nbsp;या&nbsp;रेलों&nbsp;में&nbsp;ये&nbsp;तोड़-फोड़&nbsp;के&nbsp;काम&nbsp;करते&nbsp;हैं,&nbsp;वे&nbsp;उनकी&nbsp;नहीं&nbsp;होतीं&nbsp;और&nbsp;न&nbsp;ही&nbsp;उनमें&nbsp;सफर&nbsp;करने&nbsp;वाले&nbsp;उनके&nbsp;अपने&nbsp;होते&nbsp;हैं।&nbsp;महानगरों&nbsp;में&nbsp;लोग&nbsp;एक&nbsp;ही&nbsp;बिल्डिंग&nbsp;में&nbsp;पड़ोसी&nbsp;के&nbsp;तौर&nbsp;पर&nbsp;रहते&nbsp;हैं,&nbsp;लेकिन&nbsp;यह&nbsp;पड़ोस&nbsp;भी&nbsp;संबंध&nbsp;रहित&nbsp;होता&nbsp;है।&nbsp;पुराने&nbsp;जमाने&nbsp;में&nbsp;दही&nbsp;जमाने&nbsp;के&nbsp;लिए&nbsp;जामन&nbsp;माँगने&nbsp;पड़ोस&nbsp;में&nbsp;लोग&nbsp;जाते&nbsp;थे,&nbsp;अब&nbsp;हर&nbsp;फ्लैट&nbsp;में&nbsp;फ्रिज&nbsp;है,&nbsp;इसलिए&nbsp;जामन&nbsp;माँगने&nbsp;जाने&nbsp;की&nbsp;भी&nbsp;जरूरत&nbsp;नहीं&nbsp;रही।&nbsp;सारा&nbsp;पड़ोस,&nbsp;सारे&nbsp;संबंध&nbsp;इस&nbsp;फ्रिज&nbsp;में&nbsp;&#39;फ्रीज़&#39;&nbsp;रहते&nbsp;हैं।</span></p>","pa":"महानगरों में भीड़ होती है, समाज या लोग नहीं बसते। भीड़ उसे कहते हैं, जहाँ लोगों का जमघट होता है। लोग तो होते हैं लेकिन उनकी छाती में हृदय नहीं होता... सारा पड़ोस, सारे संबंध इस फ्रिज में ''फ्रीज़'' रहते हैं।"}', NULL, '"2026-01-26T16:30:27.434Z"', '"2026-01-26T17:26:01.717Z"');

-- Data for table: questions
INSERT INTO "questions" ("id", "section_id", "type", "text", "options", "correct_answer", "explanation", "marks", "negative_marks", "image_url", "order", "parent_id", "paragraph_id", "difficulty", "tag_id") VALUES
('7ac20378-9eb4-4461-bc02-7a25423a0dfd', 'b77b7c6c-35ae-467c-931a-880ee71c0028', 'mcq_single', '{"en":"Sample question 1 for English","pa":"ਅੰਗਰੇਜ਼ੀ ਲਈ ਨਮੂਨਾ ਸਵਾਲ 1"}', '[{"id":"a","text":{"en":"Option A","pa":"ਵਿਕਲਪ ਏ"}},{"id":"b","text":{"en":"Option B","pa":"ਵਿਕਲਪ ਬੀ"}},{"id":"c","text":{"en":"Option C","pa":"ਵਿਕਲਪ ਸੀ"}},{"id":"d","text":{"en":"Option D","pa":"ਵਿਕਲਪ ਡੀ"}}]', '["a"]', '{"en":"The correct answer is A because...","pa":"ਸਹੀ ਜਵਾਬ ਏ ਹੈ ਕਿਉਂਕਿ..."}', 2, NULL, NULL, 1, NULL, NULL, 1, NULL),
('dbf3df73-2789-440d-962a-73b52fa4e37e', 'b77b7c6c-35ae-467c-931a-880ee71c0028', 'mcq_single', '{"en":"Sample question 2 for English","pa":"ਅੰਗਰੇਜ਼ੀ ਲਈ ਨਮੂਨਾ ਸਵਾਲ 2"}', '[{"id":"a","text":{"en":"Option A","pa":"ਵਿਕਲਪ ਏ"}},{"id":"b","text":{"en":"Option B","pa":"ਵਿਕਲਪ ਬੀ"}},{"id":"c","text":{"en":"Option C","pa":"ਵਿਕਲਪ ਸੀ"}},{"id":"d","text":{"en":"Option D","pa":"ਵਿਕਲਪ ਡੀ"}}]', '["a"]', '{"en":"The correct answer is A because...","pa":"ਸਹੀ ਜਵਾਬ ਏ ਹੈ ਕਿਉਂਕਿ..."}', 2, NULL, NULL, 2, NULL, NULL, 1, NULL),
('7564189d-bb60-458e-98bf-0daa700ce5d1', 'b77b7c6c-35ae-467c-931a-880ee71c0028', 'mcq_single', '{"en":"Sample question 3 for English","pa":"ਅੰਗਰੇਜ਼ੀ ਲਈ ਨਮੂਨਾ ਸਵਾਲ 3"}', '[{"id":"a","text":{"en":"Option A","pa":"ਵਿਕਲਪ ਏ"}},{"id":"b","text":{"en":"Option B","pa":"ਵਿਕਲਪ ਬੀ"}},{"id":"c","text":{"en":"Option C","pa":"ਵਿਕਲਪ ਸੀ"}},{"id":"d","text":{"en":"Option D","pa":"ਵਿਕਲਪ ਡੀ"}}]', '["a"]', '{"en":"The correct answer is A because...","pa":"ਸਹੀ ਜਵਾਬ ਏ ਹੈ ਕਿਉਂਕਿ..."}', 2, NULL, NULL, 3, NULL, NULL, 1, NULL),
('7f02e460-240a-435a-ae0f-f2abc8786b00', '9ecdbce8-4b2d-4a1c-95c7-6656a4868c05', 'mcq_single', '{"en":"Whose .chromosomes are responsible for determining the sex of a child in human beings?","pa":"ਮਨੁੱਖਾਂ ਵਿੱਚ ਕਿਸ ਦਾ ਗੁਣਸੂਤਰ ਬੱਚੇ ਦਾ ਲਿੰਗ ਨਿਰਧਾਰਿਤ ਕਰਦਾ ਹੈ?"}', '[{"id":"a","text":{"en":"Female","pa":"ਮਾਦਾ ਦਾ"},"image_url":null},{"id":"b","text":{"en":"Male","pa":"ਨਰ ਦਾ"},"image_url":null},{"id":"c","text":{"en":"Both","pa":"ਦੋਹਾਂ ਦਾ"},"image_url":null},{"id":"d","text":{"en":"None","pa":"ਕਿਸੇ ਦਾ ਵੀ ਨਹੀਂ"},"image_url":null}]', '["b"]', '{"en":"The sex of the child is determined by the father''s chromosome (X or Y).","pa":"ਬੱਚੇ ਦਾ ਲਿੰਗ ਪਿਤਾ ਦੇ ਗੁਣਸੂਤਰ (X ਜਾਂ Y) ਦੁਆਰਾ ਨਿਰਧਾਰਤ ਕੀਤਾ ਜਾਂਦਾ ਹੈ।"}', 1, '0.00', NULL, 2, NULL, NULL, 1, NULL),
('2906cd43-16d1-4bb7-8a3f-67c63e50316d', 'b77b7c6c-35ae-467c-931a-880ee71c0028', 'mcq_single', '{"en":"Sample question 5 for English","pa":"ਅੰਗਰੇਜ਼ੀ ਲਈ ਨਮੂਨਾ ਸਵਾਲ 5"}', '[{"id":"a","text":{"en":"Option A","pa":"ਵਿਕਲਪ ਏ"}},{"id":"b","text":{"en":"Option B","pa":"ਵਿਕਲਪ ਬੀ"}},{"id":"c","text":{"en":"Option C","pa":"ਵਿਕਲਪ ਸੀ"}},{"id":"d","text":{"en":"Option D","pa":"ਵਿਕਲਪ ਡੀ"}}]', '["a"]', '{"en":"The correct answer is A because...","pa":"ਸਹੀ ਜਵਾਬ ਏ ਹੈ ਕਿਉਂਕਿ..."}', 2, NULL, NULL, 5, NULL, NULL, 1, NULL),
('5ff2ed99-0d49-4efb-9c0e-02460bc070f5', 'a33b794a-217c-43fb-bb83-d967f8103136', 'mcq_single', '{"en":"Sample question 2 for Mathematics","pa":"ਗਣਿਤ ਲਈ ਨਮੂਨਾ ਸਵਾਲ 2"}', '[{"id":"a","text":{"en":"Option A","pa":"ਵਿਕਲਪ ਏ"}},{"id":"b","text":{"en":"Option B","pa":"ਵਿਕਲਪ ਬੀ"}},{"id":"c","text":{"en":"Option C","pa":"ਵਿਕਲਪ ਸੀ"}},{"id":"d","text":{"en":"Option D","pa":"ਵਿਕਲਪ ਡੀ"}}]', '["a"]', '{"en":"The correct answer is A because...","pa":"ਸਹੀ ਜਵਾਬ ਏ ਹੈ ਕਿਉਂਕਿ..."}', 2, NULL, NULL, 2, NULL, NULL, 1, NULL),
('e0898139-e749-4351-baa6-f3fa3243bd0e', 'a33b794a-217c-43fb-bb83-d967f8103136', 'mcq_single', '{"en":"Sample question 3 for Mathematics","pa":"ਗਣਿਤ ਲਈ ਨਮੂਨਾ ਸਵਾਲ 3"}', '[{"id":"a","text":{"en":"Option A","pa":"ਵਿਕਲਪ ਏ"}},{"id":"b","text":{"en":"Option B","pa":"ਵਿਕਲਪ ਬੀ"}},{"id":"c","text":{"en":"Option C","pa":"ਵਿਕਲਪ ਸੀ"}},{"id":"d","text":{"en":"Option D","pa":"ਵਿਕਲਪ ਡੀ"}}]', '["a"]', '{"en":"The correct answer is A because...","pa":"ਸਹੀ ਜਵਾਬ ਏ ਹੈ ਕਿਉਂਕਿ..."}', 2, NULL, NULL, 3, NULL, NULL, 1, NULL),
('6ec4bf4f-2b4a-49b8-a395-0867da1eae9f', 'a33b794a-217c-43fb-bb83-d967f8103136', 'mcq_single', '{"en":"Sample question 4 for Mathematics","pa":"ਗਣਿਤ ਲਈ ਨਮੂਨਾ ਸਵਾਲ 4"}', '[{"id":"a","text":{"en":"Option A","pa":"ਵਿਕਲਪ ਏ"}},{"id":"b","text":{"en":"Option B","pa":"ਵਿਕਲਪ ਬੀ"}},{"id":"c","text":{"en":"Option C","pa":"ਵਿਕਲਪ ਸੀ"}},{"id":"d","text":{"en":"Option D","pa":"ਵਿਕਲਪ ਡੀ"}}]', '["a"]', '{"en":"The correct answer is A because...","pa":"ਸਹੀ ਜਵਾਬ ਏ ਹੈ ਕਿਉਂਕਿ..."}', 2, NULL, NULL, 4, NULL, NULL, 1, NULL),
('250b858b-506c-42f7-afb4-8d4200af3a48', 'a33b794a-217c-43fb-bb83-d967f8103136', 'mcq_single', '{"en":"Sample question 5 for Mathematics","pa":"ਗਣਿਤ ਲਈ ਨਮੂਨਾ ਸਵਾਲ 5"}', '[{"id":"a","text":{"en":"Option A","pa":"ਵਿਕਲਪ ਏ"}},{"id":"b","text":{"en":"Option B","pa":"ਵਿਕਲਪ ਬੀ"}},{"id":"c","text":{"en":"Option C","pa":"ਵਿਕਲਪ ਸੀ"}},{"id":"d","text":{"en":"Option D","pa":"ਵਿਕਲਪ ਡੀ"}}]', '["a"]', '{"en":"The correct answer is A because...","pa":"ਸਹੀ ਜਵਾਬ ਏ ਹੈ ਕਿਉਂਕਿ..."}', 2, NULL, NULL, 5, NULL, NULL, 1, NULL),
('f9dd8b6c-6e47-4447-aeba-9feb79f9e44b', 'f8fef461-41fb-40cb-8b14-f7ac3c465b34', 'mcq_single', '{"en":"Sample question 1 for Science","pa":"ਵਿਗਿਆਨ ਲਈ ਨਮੂਨਾ ਸਵਾਲ 1"}', '[{"id":"a","text":{"en":"Option A","pa":"ਵਿਕਲਪ ਏ"}},{"id":"b","text":{"en":"Option B","pa":"ਵਿਕਲਪ ਬੀ"}},{"id":"c","text":{"en":"Option C","pa":"ਵਿਕਲਪ ਸੀ"}},{"id":"d","text":{"en":"Option D","pa":"ਵਿਕਲਪ ਡੀ"}}]', '["a"]', '{"en":"The correct answer is A because...","pa":"ਸਹੀ ਜਵਾਬ ਏ ਹੈ ਕਿਉਂਕਿ..."}', 2, NULL, NULL, 1, NULL, NULL, 1, NULL),
('d6cf3396-db59-4146-92b4-f07b13c261b5', 'f8fef461-41fb-40cb-8b14-f7ac3c465b34', 'mcq_single', '{"en":"Sample question 2 for Science","pa":"ਵਿਗਿਆਨ ਲਈ ਨਮੂਨਾ ਸਵਾਲ 2"}', '[{"id":"a","text":{"en":"Option A","pa":"ਵਿਕਲਪ ਏ"}},{"id":"b","text":{"en":"Option B","pa":"ਵਿਕਲਪ ਬੀ"}},{"id":"c","text":{"en":"Option C","pa":"ਵਿਕਲਪ ਸੀ"}},{"id":"d","text":{"en":"Option D","pa":"ਵਿਕਲਪ ਡੀ"}}]', '["a"]', '{"en":"The correct answer is A because...","pa":"ਸਹੀ ਜਵਾਬ ਏ ਹੈ ਕਿਉਂਕਿ..."}', 2, NULL, NULL, 2, NULL, NULL, 1, NULL),
('ad76e06d-1cb6-4e64-8346-a9c6b0769a5a', 'f8fef461-41fb-40cb-8b14-f7ac3c465b34', 'mcq_single', '{"en":"Sample question 3 for Science","pa":"ਵਿਗਿਆਨ ਲਈ ਨਮੂਨਾ ਸਵਾਲ 3"}', '[{"id":"a","text":{"en":"Option A","pa":"ਵਿਕਲਪ ਏ"}},{"id":"b","text":{"en":"Option B","pa":"ਵਿਕਲਪ ਬੀ"}},{"id":"c","text":{"en":"Option C","pa":"ਵਿਕਲਪ ਸੀ"}},{"id":"d","text":{"en":"Option D","pa":"ਵਿਕਲਪ ਡੀ"}}]', '["a"]', '{"en":"The correct answer is A because...","pa":"ਸਹੀ ਜਵਾਬ ਏ ਹੈ ਕਿਉਂਕਿ..."}', 2, NULL, NULL, 3, NULL, NULL, 1, NULL),
('eb712591-934f-4735-ab87-68d42d5ee05b', 'f8fef461-41fb-40cb-8b14-f7ac3c465b34', 'mcq_single', '{"en":"Sample question 4 for Science","pa":"ਵਿਗਿਆਨ ਲਈ ਨਮੂਨਾ ਸਵਾਲ 4"}', '[{"id":"a","text":{"en":"Option A","pa":"ਵਿਕਲਪ ਏ"}},{"id":"b","text":{"en":"Option B","pa":"ਵਿਕਲਪ ਬੀ"}},{"id":"c","text":{"en":"Option C","pa":"ਵਿਕਲਪ ਸੀ"}},{"id":"d","text":{"en":"Option D","pa":"ਵਿਕਲਪ ਡੀ"}}]', '["a"]', '{"en":"The correct answer is A because...","pa":"ਸਹੀ ਜਵਾਬ ਏ ਹੈ ਕਿਉਂਕਿ..."}', 2, NULL, NULL, 4, NULL, NULL, 1, NULL),
('adf631a1-671b-4d3f-8031-f0dd97ec683c', 'f8fef461-41fb-40cb-8b14-f7ac3c465b34', 'mcq_single', '{"en":"Sample question 5 for Science","pa":"ਵਿਗਿਆਨ ਲਈ ਨਮੂਨਾ ਸਵਾਲ 5"}', '[{"id":"a","text":{"en":"Option A","pa":"ਵਿਕਲਪ ਏ"}},{"id":"b","text":{"en":"Option B","pa":"ਵਿਕਲਪ ਬੀ"}},{"id":"c","text":{"en":"Option C","pa":"ਵਿਕਲਪ ਸੀ"}},{"id":"d","text":{"en":"Option D","pa":"ਵਿਕਲਪ ਡੀ"}}]', '["a"]', '{"en":"The correct answer is A because...","pa":"ਸਹੀ ਜਵਾਬ ਏ ਹੈ ਕਿਉਂਕਿ..."}', 2, NULL, NULL, 5, NULL, NULL, 1, NULL),
('62d1a34a-23b5-4ed3-b13d-3334e8f3b420', 'e3d4ed6a-3f31-48f8-93e6-c443104596f1', 'mcq_single', '{"en":"Sample question 1 for Punjabi","pa":"ਪੰਜਾਬੀ ਲਈ ਨਮੂਨਾ ਸਵਾਲ 1"}', '[{"id":"a","text":{"en":"Option A","pa":"ਵਿਕਲਪ ਏ"}},{"id":"b","text":{"en":"Option B","pa":"ਵਿਕਲਪ ਬੀ"}},{"id":"c","text":{"en":"Option C","pa":"ਵਿਕਲਪ ਸੀ"}},{"id":"d","text":{"en":"Option D","pa":"ਵਿਕਲਪ ਡੀ"}}]', '["a"]', '{"en":"The correct answer is A because...","pa":"ਸਹੀ ਜਵਾਬ ਏ ਹੈ ਕਿਉਂਕਿ..."}', 2, NULL, NULL, 1, NULL, NULL, 1, NULL),
('a4cecad3-e256-48cd-a0e2-806ae4aa1a8c', 'e3d4ed6a-3f31-48f8-93e6-c443104596f1', 'mcq_single', '{"en":"Sample question 2 for Punjabi","pa":"ਪੰਜਾਬੀ ਲਈ ਨਮੂਨਾ ਸਵਾਲ 2"}', '[{"id":"a","text":{"en":"Option A","pa":"ਵਿਕਲਪ ਏ"}},{"id":"b","text":{"en":"Option B","pa":"ਵਿਕਲਪ ਬੀ"}},{"id":"c","text":{"en":"Option C","pa":"ਵਿਕਲਪ ਸੀ"}},{"id":"d","text":{"en":"Option D","pa":"ਵਿਕਲਪ ਡੀ"}}]', '["a"]', '{"en":"The correct answer is A because...","pa":"ਸਹੀ ਜਵਾਬ ਏ ਹੈ ਕਿਉਂਕਿ..."}', 2, NULL, NULL, 2, NULL, NULL, 1, NULL),
('0a6d14cc-0bb4-4d33-9b91-0eed5a4ef75f', 'e3d4ed6a-3f31-48f8-93e6-c443104596f1', 'mcq_single', '{"en":"Sample question 3 for Punjabi","pa":"ਪੰਜਾਬੀ ਲਈ ਨਮੂਨਾ ਸਵਾਲ 3"}', '[{"id":"a","text":{"en":"Option A","pa":"ਵਿਕਲਪ ਏ"}},{"id":"b","text":{"en":"Option B","pa":"ਵਿਕਲਪ ਬੀ"}},{"id":"c","text":{"en":"Option C","pa":"ਵਿਕਲਪ ਸੀ"}},{"id":"d","text":{"en":"Option D","pa":"ਵਿਕਲਪ ਡੀ"}}]', '["a"]', '{"en":"The correct answer is A because...","pa":"ਸਹੀ ਜਵਾਬ ਏ ਹੈ ਕਿਉਂਕਿ..."}', 2, NULL, NULL, 3, NULL, NULL, 1, NULL),
('cdb9131b-11bf-4e8d-8198-2d1ee0cc15ce', 'e3d4ed6a-3f31-48f8-93e6-c443104596f1', 'mcq_single', '{"en":"Sample question 4 for Punjabi","pa":"ਪੰਜਾਬੀ ਲਈ ਨਮੂਨਾ ਸਵਾਲ 4"}', '[{"id":"a","text":{"en":"Option A","pa":"ਵਿਕਲਪ ਏ"}},{"id":"b","text":{"en":"Option B","pa":"ਵਿਕਲਪ ਬੀ"}},{"id":"c","text":{"en":"Option C","pa":"ਵਿਕਲਪ ਸੀ"}},{"id":"d","text":{"en":"Option D","pa":"ਵਿਕਲਪ ਡੀ"}}]', '["a"]', '{"en":"The correct answer is A because...","pa":"ਸਹੀ ਜਵਾਬ ਏ ਹੈ ਕਿਉਂਕਿ..."}', 2, NULL, NULL, 4, NULL, NULL, 1, NULL),
('8b6c2b5d-26f2-45dd-920d-eb74b6d90d85', 'e3d4ed6a-3f31-48f8-93e6-c443104596f1', 'mcq_single', '{"en":"Sample question 5 for Punjabi","pa":"ਪੰਜਾਬੀ ਲਈ ਨਮੂਨਾ ਸਵਾਲ 5"}', '[{"id":"a","text":{"en":"Option A","pa":"ਵਿਕਲਪ ਏ"}},{"id":"b","text":{"en":"Option B","pa":"ਵਿਕਲਪ ਬੀ"}},{"id":"c","text":{"en":"Option C","pa":"ਵਿਕਲਪ ਸੀ"}},{"id":"d","text":{"en":"Option D","pa":"ਵਿਕਲਪ ਡੀ"}}]', '["a"]', '{"en":"The correct answer is A because...","pa":"ਸਹੀ ਜਵਾਬ ਏ ਹੈ ਕਿਉਂਕਿ..."}', 2, NULL, NULL, 5, NULL, NULL, 1, NULL),
('46704592-fea3-4cb2-9995-34abaf81ec95', '6a8d18be-641e-4f24-8dff-6a3e46d6a34f', 'mcq_single', '{"en":"What comes at ?\n1 3 5 7 9 ?","pa":"? ਤੇ  ਕੀ ਆਏਗਾ "}', '[{"id":"a","text":{"en":"11","pa":"੧੧"}},{"id":"b","text":{"en":"13","pa":"੧੩"}},{"id":"c","text":{"en":"15","pa":"੧੫"}},{"id":"d","text":{"en":"17","pa":"੧੭"}}]', '[]', '{"en":"next odd number after 9 is 11","pa":"ਅਗਲਾ ਨੰਬਰ ੯ ਤੋ ਬਾਅਦ ੧੧"}', 2, NULL, NULL, 1, NULL, NULL, 1, NULL),
('305a7d1d-9b8a-4eba-9ee5-c3555126ac53', 'b77b7c6c-35ae-467c-931a-880ee71c0028', 'mcq_single', '{"en":"Sample question 4 for English","pa":"ਅੰਗਰੇਜ਼ੀ ਲਈ ਨਮੂਨਾ ਸਵਾਲ 4"}', '[{"id":"a","text":{"en":"Option A","pa":"ਵਿਕਲਪ ਏ"}},{"id":"b","text":{"en":"Option B","pa":"ਵਿਕਲਪ ਬੀ"}},{"id":"c","text":{"en":"Option C","pa":"ਵਿਕਲਪ ਸੀ"}},{"id":"d","text":{"en":"Option D","pa":"ਵਿਕਲਪ ਡੀ"}}]', '["c"]', '{"en":"The correct answer is A because...","pa":"ਸਹੀ ਜਵਾਬ ਏ ਹੈ ਕਿਉਂਕਿ..."}', 2, NULL, NULL, 4, NULL, NULL, 1, NULL),
('fdf54470-dd83-4826-a09f-eddead4010ab', 'a33b794a-217c-43fb-bb83-d967f8103136', 'mcq_single', '{"en":"Sample question 1 for Mathematics","pa":"ਗਣਿਤ ਲਈ ਨਮੂਨਾ ਸਵਾਲ 1"}', '[{"id":"a","text":{"en":"Option A","pa":"ਵਿਕਲਪ ਏ"},"image_url":null},{"id":"b","text":{"en":"Option B","pa":"ਵਿਕਲਪ ਬੀ"},"image_url":null},{"id":"c","text":{"en":"Option C","pa":"ਵਿਕਲਪ ਸੀ"},"image_url":null},{"id":"d","text":{"en":"Option D","pa":"ਵਿਕਲਪ ਡੀ"},"image_url":null}]', '["a"]', '{"en":"The correct answer is A because...","pa":"ਸਹੀ ਜਵਾਬ ਏ ਹੈ ਕਿਉਂਕਿ..."}', 1, NULL, NULL, 1, NULL, NULL, 1, NULL),
('1c8fe630-311f-4e16-80af-e62b452ae98b', '9ecdbce8-4b2d-4a1c-95c7-6656a4868c05', 'mcq_single', '{"en":" What does the symbol means in electric circuit?","pa":"ਇਲੈਕਟ੍ਰਿਕ ਸਰਕਟ ਵਿੱਚ ਚਿੰਨ੍ਹ ਦਾ ਕੀ ਅਰਥ ਹੈ?"}', '[{"id":"a","text":{"en":"Switch","pa":"ਸਵਿੱਚ"},"image_url":null},{"id":"b","text":{"en":"Wire Joint","pa":"ਤਾਰ ਦਾ ਜੋੜ"},"image_url":null},{"id":"c","text":{"en":"Electric Bulb","pa":"ਬਿਜਲੀ ਦਾ ਬਲਬ"},"image_url":null},{"id":"d","text":{"en":"Variable resistance","pa":"ਪਰਿਵਰਤੀ ਪ੍ਰਤੀਰੋਧਕ"},"image_url":null}]', '["d"]', '{"en":"The arrow crossing the resistor symbol denotes variable resistor.","pa":"ਰੋਧਕ ਚਿੰਨ੍ਹ ਨੂੰ ਪਾਰ ਕਰਨ ਵਾਲਾ ਤੀਰ ਵੇਰੀਏਬਲ ਰੋਧਕ ਨੂੰ ਦਰਸਾਉਂਦਾ ਹੈ।"}', 1, NULL, 'https://res.cloudinary.com/dn9vokfx5/image/upload/v1769017770/merit-entrance/questions/rvuimy3h7utgyr8tiqcc.png', 1, NULL, NULL, 1, NULL),
('6da3a0bb-5e69-4e2a-a83f-dedc5dadf2e7', 'f4d9390b-b4a5-4387-b1d8-5a033627b550', 'mcq_single', '{"en":"If the roots of ax² + bx + c = 0 are unequal, then which of the following number creates the difference between the roots?","pa":"ਜੇਕਰ ax² + bx + c = 0 ਦੇ ਮੂਲ ਗੈਰ-ਬਰਾਬਰ ਹਨ ਤਾਂ ਹੇਠ ਲਿਖੇ ਵਿੱਚੋਂ ਕਿਹੜੀ ਸੰਖਿਆ ਦੋਹਾਂ ਮੂਲਾਂ ਵਿੱਚ ਫ਼ਰਕ ਪੈਦਾ ਕਰਦੀ ਹੈ ?"}', '[{"id":"a","text":{"en":"b² + 4ac","pa":"b² + 4ac"}},{"id":"b","text":{"en":"-b/2a","pa":"-b/2a"}},{"id":"c","text":{"en":"b² - 4ac","pa":"b² - 4ac"}},{"id":"d","text":{"en":"c/a","pa":"c/a"}}]', '["c"]', '{"en":"The discriminant (b² - 4ac) determines the nature and difference between roots. Difference = √D / a.","pa":"ਡਿਸਕ੍ਰਿਮੀਨੈਂਟ (b² - 4ac) ਮੂਲਾਂ ਦੇ ਸੁਭਾਅ ਅਤੇ ਅੰਤਰ ਨੂੰ ਨਿਰਧਾਰਤ ਕਰਦਾ ਹੈ।"}', 1, '0.00', NULL, 25, NULL, NULL, 4, NULL),
('3797147b-ba9e-42f0-b665-4f8fa9e14753', '150bbc38-362e-46ef-a965-8ee8349c3bfa', 'mcq_single', '{"en":"How many terms are there in the series: 201, 208, 215, ..., 369","pa":"ਦਿੱਤੀ ਗਈ ਲੜੀ ਵਿੱਚ ਕੁੱਲ ਕਿੰਨੇ ਅੰਕ ਹਨ: 201, 208, 215, ..., 369"}', '[{"id":"a","text":{"en":"23","pa":"23"}},{"id":"b","text":{"en":"24","pa":"24"}},{"id":"c","text":{"en":"25","pa":"25"}},{"id":"d","text":{"en":"26","pa":"26"}}]', '["c"]', '{"en":"This is an AP with a=201, d=7, l=369. Formula: l = a + (n-1)d. 369 = 201 + (n-1)7. 168 = (n-1)7. 24 = n-1. n = 25.","pa":"ਇਹ ਇੱਕ ਅੰਕਗਣਿਤਕ ਲੜੀ ਹੈ ਜਿਸ ਵਿੱਚ a=201, d=7, l=369 ਹੈ। ਫਾਰਮੂਲਾ: l = a + (n-1)d. 369 = 201 + (n-1)7. 168 = (n-1)7. 24 = n-1. n = 25."}', 1, '0.00', NULL, 5, NULL, NULL, 3, NULL),
('f50e79d4-8688-4340-b18e-a54192680302', '150bbc38-362e-46ef-a965-8ee8349c3bfa', 'mcq_single', '{"en":"Find out the correct alternative for the table: Row1(1, 4, 1), Row2(2, 2, ?)","pa":"ਸਾਰਣੀ ਲਈ ਸਹੀ ਵਿਕਲਪ ਚੁਣੋ: Row1(1, 4, 1), Row2(2, 2, ?)"}', '[{"id":"a","text":{"en":"2","pa":"2"}},{"id":"b","text":{"en":"1","pa":"1"}},{"id":"c","text":{"en":"0","pa":"0"}},{"id":"d","text":{"en":"4","pa":"4"}}]', '["a"]', '{"en":"Pattern: Palindrome or Sum. Row 1 sum = 6. Row 2: 2+2+x=6 => x=2. Also 1-4-1 symmetry implies 2-2-2.","pa":"ਪੈਟਰਨ: ਪੈਲੀਡ੍ਰੋਮ ਜਾਂ ਜੋੜ। ਪਹਿਲੀ ਕਤਾਰ ਦਾ ਜੋੜ = 6. ਦੂਜੀ ਕਤਾਰ: 2+2+x=6 => x=2."}', 1, '0.00', NULL, 19, NULL, NULL, 3, NULL),
('52f7463b-3a24-4e82-8ac0-0728dba947eb', '9ecdbce8-4b2d-4a1c-95c7-6656a4868c05', 'mcq_single', '{"en":"Which of these devices works due to the magnetic effect of electric current?","pa":"ਕਿਹੜਾ ਯੰਤਰ ਬਿਜਲੀ ਧਾਰਾ ਦੇ ਚੁੰਬਕੀ ਪ੍ਰਭਾਵ ਅਧੀਨ ਕੰਮ ਕਰਦਾ ਹੈ ?"}', '[{"id":"a","text":{"en":"LED Bulb","pa":"LED ਬਲਬ"}},{"id":"b","text":{"en":"Electric Bell","pa":"ਬਿਜਲੀ ਦੀ ਘੰਟੀ"}},{"id":"c","text":{"en":"Electric Heater","pa":"ਬਿਜਲਈ ਹੀਟਰ"}},{"id":"d","text":{"en":"Mobile Charger","pa":"ਮੋਬਾਇਲ ਚਾਰਜਰ"}}]', '["b"]', '{"en":"An electric bell uses an electromagnet, which works on the magnetic effect of current.","pa":"ਇੱਕ ਇਲੈਕਟ੍ਰਿਕ ਘੰਟੀ ਇੱਕ ਇਲੈਕਟ੍ਰੋਮੈਗਨੇਟ ਦੀ ਵਰਤੋਂ ਕਰਦੀ ਹੈ, ਜੋ ਕਰੰਟ ਦੇ ਚੁੰਬਕੀ ਪ੍ਰਭਾਵ ''ਤੇ ਕੰਮ ਕਰਦੀ ਹੈ।"}', 1, '0.00', NULL, 20, NULL, NULL, 3, NULL),
('5893fecc-6fc9-44ee-879d-83a8b50f5ae5', '150bbc38-362e-46ef-a965-8ee8349c3bfa', 'mcq_single', '{"en":"Ranjeet was born on Saturday 22nd March, 1982. On what day of the week was he 14 years 7 months and 8 days of Age?","pa":"ਰਣਜੀਤ ਦਾ ਜਨਮ (ਸ਼ਨੀਵਾਰ) 22 ਮਾਰਚ, 1982 ਨੂੰ ਹੋਇਆ। ਹਫਤੇ ਦੇ ਕਿਸ ਦਿਨ ਰਣਜੀਤ ਨੂੰ ਉਮਰ 14 ਸਾਲ, 7 ਮਹੀਨੇ ਅਤੇ 8 ਦਿਨ ਆਵੇਗੀ?"}', '[{"id":"a","text":{"en":"Sunday","pa":"ਐਤਵਾਰ"}},{"id":"b","text":{"en":"Tuesday","pa":"ਮੰਗਲਵਾਰ"}},{"id":"c","text":{"en":"Monday","pa":"ਸੋਮਵਾਰ"}},{"id":"d","text":{"en":"Wednesday","pa":"ਬੁੱਧਵਾਰ"}}]', '["c"]', '{"en":"Date: 30 Oct 1996. 14 years (4 leaps) -> +4 odd days. 22 Mar 96 is Wed. Mar-Oct is 214 days -> +4 odd days. 22 Oct is Sun. +8 days -> +1 odd day. 30 Oct is Monday.","pa":"ਮਿਤੀ: 30 ਅਕਤੂਬਰ 1996. ਹਿਸਾਬ ਲਗਾਉਣ ''ਤੇ ਦਿਨ ਸੋਮਵਾਰ ਬਣਦਾ ਹੈ।"}', 1, '0.00', NULL, 29, NULL, NULL, 4, NULL),
('5e6ca2ff-dadf-401d-8ba8-ff8036f779d4', 'f4d9390b-b4a5-4387-b1d8-5a033627b550', 'mcq_single', '{"en":"Which of the following quadrants is with positive ordinate and negative abscissa?","pa":"ਹੇਠ ਲਿਖੀ ਚੌਥਾਈਆਂ ਵਿੱਚੋਂ ਕਿਹੜੀ ਚੌਥਾਈ ਦੀ ਕੋਟੀ ਧਨਾਤਮਕ ਅਤੇ ਭੁਜ ਰਿਣਾਤਮਕ ਹੁੰਦੀ ਹੈ?"}', '[{"id":"a","text":{"en":"First","pa":"ਪਹਿਲੀ"}},{"id":"b","text":{"en":"Second","pa":"ਦੂਜੀ"}},{"id":"c","text":{"en":"Third","pa":"ਤੀਜੀ"}},{"id":"d","text":{"en":"Fourth","pa":"ਚੌਥੀ"}}]', '["b"]', '{"en":"Negative abscissa (x < 0) and positive ordinate (y > 0) corresponds to the 2nd Quadrant.","pa":"ਰਿਣਾਤਮਕ ਭੁਜ (x < 0) ਅਤੇ ਧਨਾਤਮਕ ਕੋਟੀ (y > 0) ਦੂਜੀ ਚੌਥਾਈ ਨਾਲ ਸਬੰਧਤ ਹੈ।"}', 1, '0.00', NULL, 7, NULL, NULL, 3, NULL),
('43298c25-c446-4c76-8516-6ea315ea59cd', 'f4d9390b-b4a5-4387-b1d8-5a033627b550', 'mcq_single', '{"en":"Which of the following pairs of distinct lines are parallel lines?","pa":"ਹੇਠ ਲਿਖੇ ਵਖਰੀਆਂ ਰੇਖਾਵਾਂ ਦੇ ਜੋੜਿਆਂ ਵਿਚੋਂ ਕਿਹੜੀ ਸਮਾਤਰ ਰੇਖਾਵਾਂ ਹਨ?"}', '[{"id":"a","text":{"en":"2x+3y=1, 4x-6y=2","pa":"2x+3y=1, 4x-6y=2"}},{"id":"b","text":{"en":"2x-3y=1, 2x+3y=1","pa":"2x-3y=1, 2x+3y=1"}},{"id":"c","text":{"en":"2x-3y=1, 4x+6y=2","pa":"2x-3y=1, 4x+6y=2"}},{"id":"d","text":{"en":"2x-3y=1, 4x-6y=1","pa":"2x-3y=1, 4x-6y=1"}}]', '["d"]', '{"en":"For parallel lines, a1/a2 = b1/b2 ≠ c1/c2. In option (d), 2/4 = -3/-6 = 1/2.","pa":"ਸਮਾਨਾਂਤਰ ਰੇਖਾਵਾਂ ਲਈ, a1/a2 = b1/b2 ≠ c1/c2. ਵਿਕਲਪ (d) ਵਿੱਚ, 2/4 = -3/-6 = 1/2."}', 1, '0.00', NULL, 9, NULL, NULL, 3, NULL),
('299446c0-5ee8-4787-8e51-2e540576ae1f', 'f4d9390b-b4a5-4387-b1d8-5a033627b550', 'mcq_single', '{"en":"Which of the following statement is not true?","pa":"ਹੇਠ ਲਿਖੇ ਕਥਨਾ ਵਿਚੋਂ ਕਿਹੜਾ ਸਹੀ ਨਹੀਂ ਹੈ ?"}', '[{"id":"a","text":{"en":"If triangles are congruent, then triangles are similar.","pa":"ਜੇਕਰ ਤ੍ਰਿਭੁਜ ਇੱਕਸਾਰ ਹਨ ਤਾਂ ਤ੍ਰਿਭੁਜ ਸਮਾਨ ਹਨ।"}},{"id":"b","text":{"en":"If triangles are similar, then triangles are congruent.","pa":"ਜੇਕਰ ਤ੍ਰਿਭੁਜ ਸਮਾਨ ਹਨ ਤਾਂ ਤ੍ਰਿਭੁਜ ਇੱਕਸਾਰ ਹਨ।"}},{"id":"c","text":{"en":"If triangles are similar, then ratio of lengths of corresponding sides are equal.","pa":"ਜੇਕਰ ਤ੍ਰਿਭੁਜ ਸਮਾਨ ਹਨ ਤਾਂ ਅਨੁਸਾਰੀ ਭੁਜਾਵਾਂ ਦਾ ਅਨੁਪਾਤ ਬਰਾਬਰ ਹੁੰਦਾ ਹੈ।"}},{"id":"d","text":{"en":"All of the above","pa":"ਉੱਤੇ ਲਿਖੇ ਸਾਰੇ"}}]', '["b"]', '{"en":"Congruent triangles are always similar, but similar triangles are not necessarily congruent (they can differ in size).","pa":"ਇੱਕਸਾਰ ਤ੍ਰਿਭੁਜ ਹਮੇਸ਼ਾ ਸਮਾਨ ਹੁੰਦੇ ਹਨ, ਪਰ ਸਮਾਨ ਤ੍ਰਿਭੁਜ ਜ਼ਰੂਰੀ ਨਹੀਂ ਕਿ ਇੱਕਸਾਰ ਹੋਣ (ਉਹ ਆਕਾਰ ਵਿੱਚ ਵੱਖਰੇ ਹੋ ਸਕਦੇ ਹਨ)।"}', 1, '0.00', NULL, 19, NULL, NULL, 4, NULL),
('6a7ee031-5c76-431a-a580-3920bc6770b7', 'f4d9390b-b4a5-4387-b1d8-5a033627b550', 'mcq_single', '{"en":"If A is sure event and B is any other event, then:","pa":"ਜੇਕਰ A ਇੱਕ ਯਕੀਨੀ ਘਟਨਾ ਹੈ ਅਤੇ B ਕੋਈ ਵੀ ਹੋਰ ਘਟਨਾ ਹੈ ਤਾਂ :"}', '[{"id":"a","text":{"en":"P(A).P(B) = 1","pa":"P(A).P(B) = 1"}},{"id":"b","text":{"en":"P(A).P(B) = P(A)","pa":"P(A).P(B) = P(A)"}},{"id":"c","text":{"en":"P(A).P(B) = P(B)","pa":"P(A).P(B) = P(B)"}},{"id":"d","text":{"en":"P(A).P(B) = 0","pa":"P(A).P(B) = 0"}}]', '["c"]', '{"en":"Probability of sure event P(A) = 1. Therefore P(A) * P(B) = 1 * P(B) = P(B).","pa":"ਯਕੀਨੀ ਘਟਨਾ ਦੀ ਸੰਭਾਵਨਾ P(A) = 1. ਇਸਲਈ P(A) * P(B) = 1 * P(B) = P(B)."}', 1, '0.00', NULL, 20, NULL, NULL, 3, NULL),
('7f1516ff-a46c-4b5d-8685-1a6ba67c4709', 'f4d9390b-b4a5-4387-b1d8-5a033627b550', 'mcq_single', '{"en":"If 13x + 12y = 49, 12x + 13y = 51 then sum of x and y is:","pa":"ਜੇਕਰ 13x + 12y = 49, 12x + 13y = 51 ਹੈ ਤਾਂ x ਅਤੇ y ਦਾ ਜੋੜ ਹੈ :"}', '[{"id":"a","text":{"en":"2","pa":"2"}},{"id":"b","text":{"en":"4","pa":"4"}},{"id":"c","text":{"en":"8","pa":"8"}},{"id":"d","text":{"en":"16","pa":"16"}}]', '["b"]', '{"en":"Add both equations: 25x + 25y = 100 => 25(x+y) = 100 => x+y = 4.","pa":"ਦੋਵੇਂ ਸਮੀਕਰਨਾਂ ਜੋੜੋ: 25x + 25y = 100 => 25(x+y) = 100 => x+y = 4."}', 1, '0.00', NULL, 27, NULL, NULL, 2, NULL),
('a6ce4deb-8672-4f03-9fe9-ebdf4d4a03e8', 'f4d9390b-b4a5-4387-b1d8-5a033627b550', 'mcq_single', '{"en":"The abscissa of origin is:","pa":"ਮੂਲ ਬਿੰਦੂ ਦਾ ਭੁਜ ਹੈ :"}', '[{"id":"a","text":{"en":"0","pa":"0"}},{"id":"b","text":{"en":"-1","pa":"-1"}},{"id":"c","text":{"en":"1","pa":"1"}},{"id":"d","text":{"en":"None of these","pa":"ਇਹਨਾ ਵਿਚੋਂ ਕੋਈ ਨਹੀਂ"}}]', '["a"]', '{"en":"Origin coordinates are (0,0). Abscissa (x-coordinate) is 0.","pa":"ਮੂਲ ਬਿੰਦੂ ਦੇ ਨਿਰਦੇਸ਼ ਅੰਕ (0,0) ਹਨ। ਭੁਜ (x-ਨਿਰਦੇਸ਼ ਅੰਕ) 0 ਹੈ।"}', 1, '0.00', NULL, 28, NULL, NULL, 2, NULL),
('18a9ef32-29a2-4cde-a905-81fdbc699439', 'f4d9390b-b4a5-4387-b1d8-5a033627b550', 'mcq_single', '{"en":"Which of the following depends on the extreme values of the data?","pa":"ਹੇਠ ਲਿਖੇ ਵਿੱਚੋਂ ਕਿਹੜੀ ਸੰਖਿਆ ਅੰਕੜਿਆਂ ਦੇ ਸਿਖਰ ਮੁੱਲਾਂ ਤੇ ਨਿਰਭਰ ਕਰਦੀ ਹੈ ?"}', '[{"id":"a","text":{"en":"Mode","pa":"ਬਹੁਲਕ"}},{"id":"b","text":{"en":"Median","pa":"ਮਧਿਕਾ"}},{"id":"c","text":{"en":"Mean","pa":"ਮਧਮਾਨ"}},{"id":"d","text":{"en":"Both Mean and Mode","pa":"ਮਧਮਾਨ ਅਤੇ ਬਹੁਲਕ ਦੋਵੇਂ"}}]', '["c"]', '{"en":"The Mean is calculated using all data points, so extreme values (outliers) affect it significantly.","pa":"ਮਧਮਾਨ ਦੀ ਗਣਨਾ ਸਾਰੇ ਅੰਕੜਿਆਂ ਦੀ ਵਰਤੋਂ ਕਰਕੇ ਕੀਤੀ ਜਾਂਦੀ ਹੈ, ਇਸ ਲਈ ਸਿਖਰ ਮੁੱਲ ਇਸਨੂੰ ਪ੍ਰਭਾਵਿਤ ਕਰਦੇ ਹਨ।"}', 1, '0.00', NULL, 21, NULL, NULL, 4, NULL),
('d87a490b-d6d1-47ee-8278-e766088e75c1', 'f4d9390b-b4a5-4387-b1d8-5a033627b550', 'mcq_single', '{"en":"Value of (sin 45° . cot 30° . sec 60° . cos 90° . tan 60°)⁽3/2) is:","pa":"(sin 45° . cot 30° . sec 60° . cos 90° . tan 60°)⁽3/2) ਦਾ ਮੁੱਲ ਹੈ :"}', '[{"id":"a","text":{"en":"1","pa":"1"}},{"id":"b","text":{"en":"(3/4√2)⁽3/2)","pa":"(3/4√2)⁽3/2)"}},{"id":"c","text":{"en":"(3/2√2)⁽3/2)","pa":"(3/2√2)⁽3/2)"}},{"id":"d","text":{"en":"0","pa":"0"}}]', '["d"]', '{"en":"Since cos 90° = 0, the product of terms inside the bracket is 0. 0⁽3/2) = 0.","pa":"ਕਿਉਂਕਿ cos 90° = 0 ਹੈ, ਬਰੈਕਟ ਦੇ ਅੰਦਰਲੇ ਪਦਾਂ ਦਾ ਗੁਣਨਫਲ 0 ਹੈ। 0⁽3/2) = 0."}', 1, '0.00', NULL, 18, NULL, NULL, 3, NULL),
('a71a4e41-2209-48cd-b76d-d49ee9a15b01', 'c0404bb0-36ee-4d79-ac9a-f1bdb8f7cc4b', 'mcq_single', '{"en":"On 14 Dec 1959 how many countries accepted the principles of Panchsheel in the General Assembly of United Nations?","pa":"14 ਦਸੰਬਰ, 1959 ਨੂੰ ਸੰਯੁਕਤ ਰਾਸ਼ਟਰ ਦੀ ਜਨਰਲ ਅਸੈਂਬਲੀ ਵਿੱਚ ਕਿੰਨੇ ਦੋਸ਼ਾਂ ਨੇ ਪੰਚਸ਼ੀਲ ਦੇ ਸਿਧਾਂਤਾਂ ਨੂੰ ਸਵੀਕਾਰ ਕੀਤਾ? [cite: 1400, 1406][cite<sub>s</sub>tart]"}', '[{"id":"a","text":{"en":"70","pa":"70"},"image_url":null},{"id":"b","text":{"en":"72","pa":"72"},"image_url":null},{"id":"c","text":{"en":"80","pa":"80"},"image_url":null},{"id":"d","text":{"en":"82","pa":"82"},"image_url":null}]', '["d"]', '{"en":"The Panchsheel resolution was adopted by the UN General Assembly on December 14, 1959, with 82 countries accepting it. [cite: 1400, 1408]","pa":"ਪੰਚਸ਼ੀਲ ਮਤੇ ਨੂੰ 14 ਦਸੰਬਰ, 1959 ਨੂੰ ਸੰਯੁਕਤ ਰਾਸ਼ਟਰ ਮਹਾਸਭਾ ਦੁਆਰਾ ਅਪਣਾਇਆ ਗਿਆ ਸੀ, ਜਿਸ ਨੂੰ 82 ਦੇਸ਼ਾਂ ਨੇ ਸਵੀਕਾਰ ਕੀਤਾ ਸੀ।"}', 1, '0.00', NULL, 1, NULL, NULL, 3, NULL),
('47d6fbd4-0bf2-41fe-8928-aa2758208407', 'b7e59d99-d190-42a2-b98a-9d8501549850', 'paragraph', '{"en":"ਸੱਭਿਅਤਾ","pa":"ਸੱਭਿਅਤਾ"}', NULL, '[]', NULL, 1, '0.00', NULL, 7, NULL, 'c82969c4-195e-4bba-afa5-99948ff5c39c', 4, NULL),
('a2c9925d-1454-498d-be51-1418edd0397b', 'f23ff4cf-45a8-487d-b8c3-8f2db321e8a8', 'mcq_single', '{"en":"सारे संबंध इस फ्रिज में ''फ्रीज़'' रहते हैं'' ऐसा क्यों कहा गया है ?","pa":"सारे संबंध इस फ्रिज में ''फ्रीज़'' रहते हैं'' ऐसा क्यों कहा गया है ?"}', '[{"id":"a","text":{"en":"","pa":"क्योंकि महानगरों में सभी के पास फ्रिज होता है।"},"image_url":null},{"id":"b","text":{"en":"","pa":"क्योंकि आधुनिक समाज में परस्पर संबंधों में गर्माहट नहीं रही है।"},"image_url":null},{"id":"c","text":{"en":"","pa":"क्योंकि आधुनिक समाज में परस्पर संबंधों में गर्माहट बनी रहती है।"},"image_url":null},{"id":"d","text":{"en":"","pa":"क्योंकि लोग अनजान लोगों का भी भरपूर साथ देते हैं।"},"image_url":null}]', '["b"]', '{"en":"Lack of warmth in relationships.","pa":"ਰਿਸ਼ਤਿਆਂ ਵਿੱਚ ਗਰਮਾਹਟ ਦੀ ਕਮੀ ਕਾਰਨ।"}', 1, '0.00', NULL, 10, '4e64709f-cfde-4b86-a7e8-1225c76bf2a5', NULL, 4, NULL),
('654fddfb-ac28-4c71-a1a9-360d8792dcdd', '9ecdbce8-4b2d-4a1c-95c7-6656a4868c05', 'mcq_single', '{"en":"The breakdown of pyruvate to give carbon dioxide, water and energy takes place in:","pa":"ਕਿਸ ਵਿੱਚ ਪਾਇਰੂਵੇਟ ਟੁੱਟ ਕੇ ਕਾਰਬਨ ਡਾਈਆਕਸਾਈਡ, ਪਾਣੀ ਅਤੇ ਊਰਜਾ ਦਿੰਦਾ ਹੈ ?"}', '[{"id":"a","text":{"en":"Cytoplasm","pa":"ਸਾਈਟੋਪਲਾਜ਼ਮ"}},{"id":"b","text":{"en":"Mitochondria","pa":"ਮਾਈਟੋਕਾਂਡੀਆ"}},{"id":"c","text":{"en":"Chloroplast","pa":"ਕਲੋਰੋਪਲਾਸਟ"}},{"id":"d","text":{"en":"Nucleus","pa":"ਕੇਂਦਰਕ"}}]', '["b"]', '{"en":"Aerobic respiration (breakdown of pyruvate) occurs in the mitochondria.","pa":"ਏਰੋਬਿਕ ਸਾਹ ਲੈਣ ਦੀ ਕਿਰਿਆ ਮਾਈਟੋਕਾਂਡਰੀਆ ਵਿੱਚ ਹੁੰਦੀ ਹੈ।"}', 1, '0.00', NULL, 17, NULL, NULL, 2, NULL),
('ecbecafa-ec74-4687-ba6b-b198b5b84dfd', 'edd9fca3-1ff1-4c87-a4e0-8f95197e20fc', 'mcq_single', '{"en":"Question Level 1"}', NULL, '["a"]', NULL, 4, NULL, NULL, 1, NULL, NULL, 1, NULL),
('0723b7a5-d5b7-4a5c-b4fb-06ac8b1129f8', 'edd9fca3-1ff1-4c87-a4e0-8f95197e20fc', 'mcq_single', '{"en":"Question Level 2"}', NULL, '["a"]', NULL, 4, NULL, NULL, 2, NULL, NULL, 2, NULL),
('a955ccb0-3560-47cc-a267-cce94347e7be', 'edd9fca3-1ff1-4c87-a4e0-8f95197e20fc', 'mcq_single', '{"en":"Question Level 3"}', NULL, '["a"]', NULL, 4, NULL, NULL, 3, NULL, NULL, 3, NULL),
('54050a1f-bf07-4e3e-ba5c-624456610dc2', 'edd9fca3-1ff1-4c87-a4e0-8f95197e20fc', 'mcq_single', '{"en":"Question Level 4"}', NULL, '["a"]', NULL, 4, NULL, NULL, 4, NULL, NULL, 4, NULL),
('979f9501-294d-4624-acf8-16d507017b8e', 'edd9fca3-1ff1-4c87-a4e0-8f95197e20fc', 'mcq_single', '{"en":"Question Level 5"}', NULL, '["a"]', NULL, 4, NULL, NULL, 5, NULL, NULL, 5, NULL),
('c31a5e51-4e7c-4f28-b2b2-9b5f3afb5b65', 'f23ff4cf-45a8-487d-b8c3-8f2db321e8a8', 'mcq_single', '{"en":"महानगरों में भीड़ होती है, समाज या लोग नहीं बसते'' इस वाक्य का आशय क्या है ?","pa":"महानगरों में भीड़ होती है, समाज या लोग नहीं बसते'' इस वाक्य का आशय क्या है ?"}', '[{"id":"a","text":{"en":"","pa":"महानगरों में लोग एक-दूसरे पर आश्रित होते हैं।"},"image_url":null},{"id":"b","text":{"en":"","pa":"महानगरों में लोगों के पारस्परिक संबंध बहुत अच्छे होते हैं।"},"image_url":null},{"id":"c","text":{"en":"","pa":"महानगरों में लोगों के पारस्परिक सामाजिक संबंध नहीं होते हैं।"},"image_url":null},{"id":"d","text":{"en":"","pa":"महानगरों में लोग निर्माण कार्य करने हेतु एक-दूसरे का साथ देते हैं।"},"image_url":null}]', '["c"]', '{"en":"No social connection.","pa":"ਭੀੜ ਹੈ ਪਰ ਸਮਾਜਿਕ ਸਾਂਝ ਨਹੀਂ ਹੈ।"}', 1, '0.00', NULL, 11, '4e64709f-cfde-4b86-a7e8-1225c76bf2a5', NULL, 3, NULL),
('c9cd6fb1-d7c4-469b-9897-b6c83e69e1c2', '896e7dd4-de53-4806-97e4-71af218ffd0f', 'mcq_single', '{"en":"Identify subordinate clause: ''The restaurant where we had lunch was lively.''","pa":"Identify subordinate clause: ''The restaurant where we had lunch was lively.''"}', '[{"id":"a","text":{"en":"The restaurant where we had lunch.","pa":""}},{"id":"b","text":{"en":"The restaurant was lively.","pa":""}},{"id":"c","text":{"en":"Restaurant where we had lunch was lively.","pa":""}},{"id":"d","text":{"en":"Where we had lunch.","pa":""}}]', '["d"]', '{"en":"Relative clause ''where we had lunch''.","pa":""}', 1, '0.00', NULL, 16, NULL, NULL, 4, NULL),
('0a1aff0d-245b-49f1-b0d5-8838399226b0', '896e7dd4-de53-4806-97e4-71af218ffd0f', 'paragraph', '{"en":"Social Media","pa":"Social Media"}', NULL, '[]', NULL, 1, '0.00', NULL, 17, NULL, '3e1c5378-6d8f-41a9-b908-074dab9ed545', 2, NULL),
('e66227e0-462a-4451-88b7-6fe65a3d5d11', '9ecdbce8-4b2d-4a1c-95c7-6656a4868c05', 'mcq_single', '{"en":"An electron enters a magnetic field at right angles to it as shown in fig. The direction of force acting on the electron will be:","pa":"ਕੋਈ ਇਲੈਕਟਰਾਨ ਕਿਸੇ ਚੁੰਬਕੀ ਖੇਤਰ ਵਿੱਚ ਖੇਤਰ ਦੀ ਲੰਬ ਸਥਿਤੀ ਵਿੱਚ ਪ੍ਰਵੇਸ਼ ਕਰਦਾ ਹੈ (ਚਿੱਤਰ ਵਿੱਚ ਦਰਸਾਏ ਅਨੁਸਾਰ)। ਇਲੈਕਟਰਾਨ ਉੱਤੇ ਲੱਗੇ ਬਲ ਦੀ ਦਿਸ਼ਾ ਕੀ ਹੋਵੇਗੀ?"}', '[{"id":"a","text":{"en":"To the right","pa":"ਸੱਜੇ ਪਾਸੇ"}},{"id":"b","text":{"en":"To the left","pa":"ਖੱਬੇ ਪਾਸੇ"}},{"id":"c","text":{"en":"Out of the page","pa":"ਕਾਗਜ਼ ਤੋਂ ਬਾਹਰ ਵੱਲ ਆਉਂਦੇ ਹੋਏ"}},{"id":"d","text":{"en":"Into the page","pa":"ਕਾਗਜ਼ ਤੋਂ ਅੰਦਰ ਵੱਲ ਜਾਂਦੇ ਹੋਏ"}}]', '["d"]', '{"en":"Using Fleming''s Left Hand Rule: Current is opposite to electron motion (Up), Field is Right, so Force is Into the page.","pa":"ਫਲੇਮਿੰਗ ਦੇ ਖੱਬੇ ਹੱਥ ਦੇ ਨਿਯਮ ਦੀ ਵਰਤੋਂ ਕਰਦੇ ਹੋਏ: ਕਰੰਟ ਇਲੈਕਟ੍ਰੌਨ ਦੀ ਗਤੀ (ਉੱਪਰ) ਦੇ ਉਲਟ ਹੈ, ਖੇਤਰ ਸੱਜੇ ਹੈ, ਇਸਲਈ ਬਲ ਪੇਜ ਦੇ ਅੰਦਰ ਵੱਲ ਹੈ।"}', 1, '0.00', NULL, 5, NULL, NULL, 2, NULL),
('f43974f5-a079-4403-b657-ab15dc2c164b', '9ecdbce8-4b2d-4a1c-95c7-6656a4868c05', 'mcq_single', '{"en":"An electric iron consumes 1 kW electric power at 220 V. A current of 4.54A will flow in the circuit. In this case which type of fuse is used?","pa":"ਬਿਜਲਈ ਪ੍ਰੈੱਸ ਦੇ ਸਰਕਟ ਵਿੱਚ ਜੋ 1 kW ਦੀ ਬਿਜਲਈ ਸ਼ਕਤੀ ਉਸ ਸਮੇਂ ਵਰਤਦੀ ਹੈ ਜਦ ਉਸ ਨੂੰ 220 V ਤੇ ਚਾਲੂ ਕਰਦੇ ਹਨ, ਤਾਂ 4.54 A ਦੀ ਬਿਜਲਈ ਧਾਰਾ ਉਸ ਵਿੱਚੋਂ ਪ੍ਰਵਾਹਿਤ ਹੁੰਦੀ ਹੈ। ਇਸ ਕੇਸ ਵਿੱਚ ਕਿਹੜਾ ਫਿਊਜ਼ ਵਰਤਣਾ ਚਾਹੀਦਾ ਹੈ?"}', '[{"id":"a","text":{"en":"1 A","pa":"1 A"}},{"id":"b","text":{"en":"2 A","pa":"2 A"}},{"id":"c","text":{"en":"3 A","pa":"3 A"}},{"id":"d","text":{"en":"5 A","pa":"5 A"}}]', '["d"]', '{"en":"The fuse rating must be slightly higher than the current (4.54 A), so 5 A is suitable.","pa":"ਫਿਊਜ਼ ਰੇਟਿੰਗ ਕਰੰਟ (4.54 A) ਤੋਂ ਥੋੜ੍ਹਾ ਵੱਧ ਹੋਣੀ ਚਾਹੀਦੀ ਹੈ, ਇਸ ਲਈ 5 A ਢੁਕਵਾਂ ਹੈ।"}', 1, '0.00', NULL, 6, NULL, NULL, 2, NULL),
('773a5233-675f-4401-b9e6-5058f42d5d7f', '9ecdbce8-4b2d-4a1c-95c7-6656a4868c05', 'mcq_single', '{"en":"How many atoms of sulphur will react with one atom of magnesium to form a compound?","pa":"ਯੋਗਿਕ ਬਣਾਉਣ ਲਈ ਸਲਫਰ ਦੇ ਕਿੰਨ੍ਹੇ ਪ੍ਰਮਾਣੂ ਮੈਗਨੀਸ਼ੀਅਮ ਦੇ ਇੱਕ ਪ੍ਰਮਾਣੂ ਨਾਲ ਕਿਰਿਆ ਕਰਨਗੇ?"}', '[{"id":"a","text":{"en":"One","pa":"ਇੱਕ"}},{"id":"b","text":{"en":"Two","pa":"ਦੋ"}},{"id":"c","text":{"en":"Three","pa":"ਤਿੰਨ"}},{"id":"d","text":{"en":"Four","pa":"ਚਾਰ"}}]', '["a"]', '{"en":"Magnesium (Mg²⁺) and Sulphur (S²⁻) react in a 1:1 ratio to form MgS.","pa":"ਮੈਗਨੀਸ਼ੀਅਮ (Mg²⁺) ਅਤੇ ਸਲਫਰ (S²⁻) MgS ਬਣਾਉਣ ਲਈ 1:1 ਅਨੁਪਾਤ ਵਿੱਚ ਪ੍ਰਤੀਕਿਰਿਆ ਕਰਦੇ ਹਨ।"}', 1, '0.00', NULL, 29, NULL, NULL, 2, NULL),
('d641bae7-bcd6-4cd4-9a1f-cd8cfb356299', '9ecdbce8-4b2d-4a1c-95c7-6656a4868c05', 'mcq_single', '{"en":"One day Sukhman observed buds in the notches along the leaf margin. She saw when these buds fall on the soil, they develop into new plants. Name that plant:","pa":"ਇੱਕ ਦਿਨ ਸੁਖਮਨ ਨੇ ਪੱਤਿਆਂ ਦੀ ਕਿਨਾਰੀ ਉੱਤੇ ਵਿਕਸਿਤ ਕਲੀਆਂ ਵੇਖਿਆਂ। ਇਹ ਕੱਲੀਆਂ ਮਿੱਟੀ ਵਿੱਚ ਡਿਗਣ ਉਪਰਾਂਤ ਨਵੇਂ ਪੌਦੇ ਵੱਜੋਂ ਵਿਕਸਿਤ ਹੋ ਗਈਆਂ। ਉਸ ਪੌਦਾ ਦਾ ਨਾਂ ਕੀ ਹੈ?"}', '[{"id":"a","text":{"en":"Bryophyllum","pa":"ਬ੍ਰਾਇਓਫਾਈਲਮ"}},{"id":"b","text":{"en":"Spirogyra","pa":"ਸਪਾਇਰੋਗਾਇਰਾ"}},{"id":"c","text":{"en":"Hydra","pa":"ਹਾਈਡਰਾ"}},{"id":"d","text":{"en":"Planaria","pa":"ਪਲੇਨੇਰੀਆ"}}]', '["a"]', '{"en":"Bryophyllum reproduces vegetatively through leaf buds.","pa":"ਬ੍ਰਾਇਓਫਾਈਲਮ ਪੱਤਿਆਂ ਦੀਆਂ ਮੁਕੁਲਾਂ ਰਾਹੀਂ ਪ੍ਰਜਨਨ ਕਰਦਾ ਹੈ।"}', 1, '0.00', NULL, 7, NULL, NULL, 3, NULL),
('dc5e37ec-6f1d-4f19-827a-a5ca46b4f426', '9ecdbce8-4b2d-4a1c-95c7-6656a4868c05', 'mcq_single', '{"en":"What would happen if north pole of a magnet comes closer to the north pole of another magnet?","pa":"ਕੀ ਹੋਵੇਗਾ ਜੇਕਰ ਇੱਕ ਚੁੰਬਕ ਦਾ ਉੱਤਰੀ ਧਰੁਵ ਦੂਜੇ ਚੁੰਬਕ ਦੇ ਉੱਤਰੀ ਧਰੁਵ ਦੇ ਨੇੜੇ ਲਿਜਾਇਆ ਜਾਂਦਾ ਹੈ?"}', '[{"id":"a","text":{"en":"Attract each other","pa":"ਇੱਕ ਦੂਜੇ ਨੂੰ ਖਿਚਦੇ ਹਨ"}},{"id":"b","text":{"en":"Repel each other","pa":"ਇੱਕ ਦੂਜੇ ਨੂੰ ਧਕਦੇ ਹਨ"}},{"id":"c","text":{"en":"Electromagnet","pa":"ਬਿਜਲ ਚੁੰਬਕ"}},{"id":"d","text":{"en":"Solenoid","pa":"ਸੋਲੇਨਾਇਡ"}}]', '["b"]', '{"en":"Like poles repel each other.","pa":"ਇੱਕੋ ਜਿਹੇ ਧਰੁਵ ਇੱਕ ਦੂਜੇ ਨੂੰ ਦੂਰ ਧੱਕਦੇ ਹਨ।"}', 1, '0.00', NULL, 12, NULL, NULL, 3, NULL),
('adf34ff2-889c-4313-a3d4-56528682e09b', '896e7dd4-de53-4806-97e4-71af218ffd0f', 'mcq_single', '{"en":"Substitute: ''a word the meaning of which is not clear''","pa":"Substitute: ''a word the meaning of which is not clear''"}', '[{"id":"a","text":{"en":"affidavit","pa":""}},{"id":"b","text":{"en":"indelible","pa":""}},{"id":"c","text":{"en":"incorrigible","pa":""}},{"id":"d","text":{"en":"ambiguous","pa":""}}]', '["d"]', '{"en":"Ambiguous means unclear meaning.","pa":""}', 1, '0.00', NULL, 14, NULL, NULL, 3, NULL),
('7fe6a52a-91ff-4ff1-bc93-05f08b66675c', '150bbc38-362e-46ef-a965-8ee8349c3bfa', 'mcq_single', '{"en":"What will be integer in place of ''?'' in the given figure below? (Triangles with numbers)","pa":"ਹੇਠਾਂ ਦਿੱਤੇ ਚਿੱਤਰ ਵਿੱਚ ''?'' ਦੀ ਥਾਂ ਤੇ ਕਿਹੜਾ ਪੂਰਨ ਅੰਕ ਹੋਵੇਗਾ?"}', '[{"id":"a","text":{"en":"22","pa":"22"}},{"id":"b","text":{"en":"14","pa":"14"}},{"id":"c","text":{"en":"24","pa":"24"}},{"id":"d","text":{"en":"32","pa":"32"}}]', '["d"]', '{"en":"Logic: (Top x Left) + Right? Or Top x BottomLeft + BottomRight. Triangle 1: 5*3+4=19. Triangle 2: 6*4+5=29. Triangle 3: 7*5+6=41. 41 is not in options, 32 is closest valid option choice based on typical exam patterns or transcription error.","pa":"ਤਰਕ: ਤਿਕੋਣ 1: 5*3+4=19. ਤਿਕੋਣ 2: 6*4+5=29. ਤਿਕੋਣ 3: 7*5+6=41. 41 ਵਿਕਲਪਾਂ ਵਿੱਚ ਨਹੀਂ ਹੈ, ਸੰਭਾਵਿਤ ਉੱਤਰ 32 ਹੋ ਸਕਦਾ ਹੈ।"}', 1, '0.00', NULL, 10, NULL, NULL, 3, NULL),
('7064881d-8f11-4fc2-aa05-d0a7e0195e06', '150bbc38-362e-46ef-a965-8ee8349c3bfa', 'mcq_single', '{"en":"In a certain language ''QUESTION'' is coded as ''RVFTUJPO''. How is ''BARTER'' coded?","pa":"ਇੱਕ ਖਾਸ ਭਾਸ਼ਾ ਵਿੱਚ ''QUESTION'' ਨੂੰ ''RVFTUJPO'' ਵਜੋਂ ਕੋਡ ਕੀਤਾ ਜਾਂਦਾ ਹੈ, ''BARTER'' ਨੂੰ ਕਿਵੇਂ ਕੋਡ ਕੀਤਾ ਜਾਵੇਗਾ?"}', '[{"id":"a","text":{"en":"CBSUFS","pa":"CBSUFS"}},{"id":"b","text":{"en":"CBSSFU","pa":"CBSSFU"}},{"id":"c","text":{"en":"UFSCBS","pa":"UFSCBS"}},{"id":"d","text":{"en":"CBSFUS","pa":"CBSFUS"}}]', '["a"]', '{"en":"Logic is +1 to each letter. B->C, A->B, R->S, T->U, E->F, R->S.","pa":"ਤਰਕ ਹਰੇਕ ਅੱਖਰ ਵਿੱਚ +1 ਹੈ। B->C, A->B, R->S, T->U, E->F, R->S."}', 1, '0.00', NULL, 32, NULL, NULL, 3, NULL),
('1f1a0be1-0530-4491-84ce-773e2c7230fa', '150bbc38-362e-46ef-a965-8ee8349c3bfa', 'mcq_single', '{"en":"Which of the following is 12th to the right of the 10th from the left? Series: C1%ESH C$7$%9@...","pa":"ਹੇਠਾਂ ਦਿੱਤੇ ਚਿੱਤਰ ਵਿੱਚ 10ਵੇਂ ਦੇ ਸੱਜੇ ਪਾਸੇ ਦਾ 12ਵਾਂ ਚਿੰਨ੍ਹ ਕਿਹੜਾ ਹੋਵੇਗਾ?"}', '[{"id":"a","text":{"en":"1","pa":"1"}},{"id":"b","text":{"en":"$","pa":"$"}},{"id":"c","text":{"en":"%","pa":"%"}},{"id":"d","text":{"en":"@","pa":"@"}}]', '["d"]', '{"en":"10th char from left is ''$'' (in sequence C1%ESH C$7$). 2nd to the right is ''9'', 3rd is ''@''. Assuming ''12th'' is a typo for a smaller number or implies ''@'' at end of visible string.","pa":"ਖੱਬੇ ਪਾਸੇ ਤੋਂ 10ਵਾਂ ਅੱਖਰ ''$'' ਹੈ। ਇਸਦੇ ਸੱਜੇ ਪਾਸੇ 3ਵਾਂ ''@'' ਹੈ। ਪ੍ਰਸ਼ਨ ਵਿੱਚ ਟਾਈਪਿੰਗ ਗਲਤੀ ਹੋ ਸਕਦੀ ਹੈ।"}', 1, '0.00', NULL, 11, NULL, NULL, 4, NULL),
('bb4ee0b0-ba90-400c-b15b-0ab8e8100b1c', 'f23ff4cf-45a8-487d-b8c3-8f2db321e8a8', 'mcq_single', '{"en":"बल'' शब्द का सही ''विशेषण'' शब्द चुनिए -","pa":"बल'' शब्द का सही ''विशेषण'' शब्द चुनिए -"}', '[{"id":"a","text":{"en":"","pa":"बलहीन"}},{"id":"b","text":{"en":"","pa":"बलिहारी"}},{"id":"c","text":{"en":"","pa":"बलिदान"}},{"id":"d","text":{"en":"","pa":"उपर्युक्त सभी"}}]', '["a"]', '{"en":"Balheen (Weak/Powerless).","pa":"ਬਲਹੀਣ (ਵਿਸ਼ੇਸ਼ਣ)।"}', 1, '0.00', NULL, 5, NULL, NULL, 4, NULL),
('9ab96cc8-b88b-481c-b4bf-dd43be1e0149', '150bbc38-362e-46ef-a965-8ee8349c3bfa', 'mcq_single', '{"en":"How many triangles are there in following figure?","pa":"ਹੇਠਾਂ ਦਿੱਤੀ ਤਸਵੀਰ ਵਿੱਚ ਕਿੰਨੇ ਤਿਕੋਣ ਹਨ?"}', '[{"id":"a","text":{"en":"3","pa":"3"}},{"id":"b","text":{"en":"5","pa":"5"}},{"id":"c","text":{"en":"6","pa":"6"}},{"id":"d","text":{"en":"4","pa":"4"}}]', '["c"]', '{"en":"A triangle with 2 internal lines from one vertex to base creates 3 small triangles. Total = 1+2+3 = 6.","pa":"ਇੱਕ ਸਿਖਰ ਤੋਂ ਅਧਾਰ ਤੱਕ 2 ਅੰਦਰੂਨੀ ਰੇਖਾਵਾਂ ਵਾਲਾ ਤਿਕੋਣ 3 ਛੋਟੇ ਤਿਕੋਣ ਬਣਾਉਂਦਾ ਹੈ। ਕੁੱਲ = 1+2+3 = 6।"}', 1, '0.00', NULL, 18, NULL, NULL, 3, NULL),
('c251728e-a2c7-424e-ac61-6dd8a600589e', '150bbc38-362e-46ef-a965-8ee8349c3bfa', 'mcq_single', '{"en":"Choose the alternative which closely resembles the water image of the given combination AIM3b","pa":"ਉਹ ਵਿਕਲਪ ਚੁਣੋ ਜੋ ਸੁਮੇਲ ''AIM3b'' ਦਾ ਪਾਣੀ ਚਿੱਤਰ ਹੋਵੇ"}', '[{"id":"a","text":{"en":"VIM3P","pa":"VIM3P"}},{"id":"b","text":{"en":"VIW39","pa":"VIW39"}},{"id":"c","text":{"en":"VIW3P","pa":"VIW3P"}},{"id":"d","text":{"en":"VIWEP","pa":"VIWEP"}}]', '["c"]', '{"en":"Water image flips vertically: A->V, I->I, M->W, 3->3, b->p.","pa":"ਪਾਣੀ ਦਾ ਚਿੱਤਰ ਲੰਬਕਾਰੀ ਰੂਪ ਵਿੱਚ ਪਲਟਦਾ ਹੈ: A->V, I->I, M->W, 3->3, b->p."}', 1, '0.00', NULL, 21, NULL, NULL, 3, NULL),
('ea4b7e8a-162f-495c-9853-5dba44f2f61f', '150bbc38-362e-46ef-a965-8ee8349c3bfa', 'mcq_single', '{"en":"Choose the alternative which closely resembles the Mirror Image of following given combination 11965","pa":"ਉਹ ਵਿਕਲਪ ਚੁਣੋ ਜੋ ਸੁਮੇਲ ‘11965'' ਦਾ ਸ਼ੀਸ਼ਾ ਚਿੱਤਰ ਜਾਂ ਮਿਰਰ ਇਮੇਜ਼ ਹੋਵੇ।"}', '[{"id":"a","text":{"en":"[Image Option 1]","pa":"[Image Option 1]"}},{"id":"b","text":{"en":"[Image Option 2]","pa":"[Image Option 2]"}},{"id":"c","text":{"en":"[Image Option 3]","pa":"[Image Option 3]"}},{"id":"d","text":{"en":"[Image Option 4]","pa":"[Image Option 4]"}}]', '["d"]', '{"en":"Mirror image reverses order and laterally inverts digits. 5 becomes a shape like ''2'', 6 becomes ''d'', 9 becomes ''P'', 1 stays 1.","pa":"ਸ਼ੀਸ਼ੇ ਦਾ ਚਿੱਤਰ ਕ੍ਰਮ ਨੂੰ ਉਲਟਾਉਂਦਾ ਹੈ ਅਤੇ ਅੰਕਾਂ ਨੂੰ ਪਾਸੇ ਵੱਲ ਪਲਟਦਾ ਹੈ।"}', 1, '0.00', NULL, 22, NULL, NULL, 4, NULL),
('30328812-7ceb-4d9f-8ae8-5301b8e7c2f0', '150bbc38-362e-46ef-a965-8ee8349c3bfa', 'mcq_single', '{"en":"If L denotes ''x'', M denotes ''/'', P denotes ''+'' and Q denotes ''-'', then 8P36M6Q6M2L3 is:","pa":"ਜੇਕਰ ''L'' ਦਾ ਮਤਲਬ ‘x`, M'' ਦਾ ਮਤਲਬ ''/'', P'' ਦਾ ਮਤਲਬ ''+'' ਅਤੇ ''Q'' ਦੀ ਜਗ੍ਹਾਂ ਤੇ ''-'' ਆਉਂਦਾ ਹੈ ਤਾਂ 8P36M6Q6M2L3 ਕੀ ਹੋਵੇਗਾ?"}', '[{"id":"a","text":{"en":"10","pa":"10"}},{"id":"b","text":{"en":"5","pa":"5"}},{"id":"c","text":{"en":"3/4","pa":"3/4"}},{"id":"d","text":{"en":"1/6","pa":"1/6"}}]', '["b"]', '{"en":"Equation: 8 + 36 / 6 - 6 / 2 * 3. BODMAS: 36/6=6, 6/2=3. Then 3*3=9. Eq: 8 + 6 - 9 = 5.","pa":"ਸਮੀਕਰਨ: 8 + 36 / 6 - 6 / 2 * 3. BODMAS ਨਿਯਮ ਅਨੁਸਾਰ: 8 + 6 - 9 = 5."}', 1, '0.00', NULL, 25, NULL, NULL, 4, NULL),
('944c64b9-2854-4c2a-aab2-eb62a00d47d0', '150bbc38-362e-46ef-a965-8ee8349c3bfa', 'mcq_single', '{"en":"Find out the correct alternative: 27, 343, 1331, ?","pa":"ਸਹੀ ਵਿਕਲਪ ਚੁਣੋ: 27, 343, 1331, ?"}', '[{"id":"a","text":{"en":"739","pa":"739"}},{"id":"b","text":{"en":"719","pa":"719"}},{"id":"c","text":{"en":"729","pa":"729"}},{"id":"d","text":{"en":"125","pa":"125"}}]', '["d"]', '{"en":"Numbers are cubes of primes: 3³, 7³, 11³. Missing is 5³ = 125.","pa":"ਸੰਖਿਆਵਾਂ ਅਭਾਜ ਸੰਖਿਆਵਾਂ ਦੇ ਘਣ ਹਨ: 3³, 7³, 11³. ਗੁੰਮ ਸੰਖਿਆ 5³ = 125 ਹੈ।"}', 1, '0.00', NULL, 20, NULL, NULL, 4, NULL),
('87924bdb-69f4-4b4c-99ba-f843334de86f', 'f4d9390b-b4a5-4387-b1d8-5a033627b550', 'mcq_single', '{"en":"(a² + b + 2a√b) is equal to:","pa":"(a² + b + 2a√b) ਬਰਾਬਰ ਹੈ :"}', '[{"id":"a","text":{"en":"a² + b² = (a + b)² − 2ab","pa":"(√a + √b )² "},"image_url":null},{"id":"b","text":{"en":"(√a + b )² ","pa":"(√a + b )² "},"image_url":null},{"id":"c","text":{"en":"(a + √b)² ","pa":"(a + √b )² "},"image_url":null},{"id":"d","text":{"en":"(a + b)²","pa":"(a + b )² "},"image_url":null}]', '["c"]', '{"en":"Expansion of (a + √b )²  is a²  + (√b)² + 2(a)(√b) = a² + b + 2a√b.","pa":"(a + √b)² ਦਾ ਵਿਸਥਾਰ a² + (√b)² + 2(a)(√b) = a² + b + 2a√b ਹੈ।"}', 1, '0.00', NULL, 1, NULL, NULL, 4, NULL),
('f7741111-cd7a-435f-a391-20a02efddfac', 'b7e59d99-d190-42a2-b98a-9d8501549850', 'mcq_single', '{"en":"ਬਹੁਅਰਥਕ ਸ਼ਬਦ ਕਿਸਨੂੰ ਕਹਿੰਦੇ ਹਨ? (ਅਨੁਮਾਨਿਤ)","pa":"ਬਹੁਅਰਥਕ ਸ਼ਬਦ ਕਿਸਨੂੰ ਕਹਿੰਦੇ ਹਨ? (ਅਨੁਮਾਨਿਤ)"}', '[{"id":"a","text":{"en":"2","pa":"2"},"image_url":null},{"id":"b","text":{"en":"3","pa":"3"},"image_url":null},{"id":"c","text":{"en":"4","pa":"4"},"image_url":null},{"id":"d","text":{"en":"5","pa":"5"},"image_url":null}]', '["a"]', '{"en":"A word that has multiple meanings.","pa":"ਜਿਸ ਸ਼ਬਦ ਦੇ ਇੱਕ ਤੋਂ ਵੱਧ ਅਰਥ ਹੋਣ, ਉਸਨੂੰ ਬਹੁਅਰਥਕ ਸ਼ਬਦ ਕਿਹਾ ਜਾਂਦਾ ਹੈ।"}', 1, '0.00', NULL, 1, NULL, NULL, 1, NULL),
('6aed645d-2e6f-4360-bee5-08fbb9cfcd4b', '9ecdbce8-4b2d-4a1c-95c7-6656a4868c05', 'mcq_single', '{"en":"The gap between two neurons is called:","pa":"ਦੋ ਨਿਉਰਾਨਾਂ ਵਿਚਲੀ ਖਾਲੀ ਥਾਂ ਨੂੰ ਕਿਹਾ ਜਾਂਦਾ ਹੈ :"}', '[{"id":"a","text":{"en":"Dendrite","pa":"ਡੈਂਡਰਾਇਟ"}},{"id":"b","text":{"en":"Synapse","pa":"ਸਾਇਨੇਪਸ"}},{"id":"c","text":{"en":"Axon","pa":"ਐਕਸਾਨ"}},{"id":"d","text":{"en":"Impulse","pa":"ਆਵੇਗ"}}]', '["b"]', '{"en":"The junction between two neurons is called a synapse.","pa":"ਦੋ ਨਿਊਰੋਨਾਂ ਦੇ ਵਿਚਕਾਰਲੇ ਜੋੜ ਨੂੰ ਸਿਨੈਪਸ ਕਿਹਾ ਜਾਂਦਾ ਹੈ।"}', 1, '0.00', NULL, 15, NULL, NULL, 2, NULL),
('9455fd70-2216-4cef-91fb-f997fdc67081', '9ecdbce8-4b2d-4a1c-95c7-6656a4868c05', 'mcq_single', '{"en":"Gurjeet is not able to see clearly blackboard when sits on back bench of the class, but can see clearly her book. She is suffering from:","pa":"ਗੁਰਜੀਤ ਨੂੰ ਕਲਾਸ ਵਿੱਚ ਪਿਛੇ ਬੈਠਣ ਤੇ ਬਲੈਕ ਬੋਰਡ ਸਪਸਟ ਨਜ਼ਰ ਨਹੀਂ ਆਉਂਦਾ ਪਰ ਉਹ ਆਪਣੀ ਕਿਤਾਬ ਪੜ੍ਹ ਸਕਦੀ ਹੈ। ਗੁਰਜੀਤ ਕਿਸ ਬਿਮਾਰੀ ਤੋਂ ਪੀੜਿਤ ਹੈ ?"}', '[{"id":"a","text":{"en":"Short sightedness","pa":"ਨਿਕਟ-ਦ੍ਰਿਸ਼ਟੀ ਦੋਸ਼"}},{"id":"b","text":{"en":"Long sightedness","pa":"ਦੂਰ-ਦ੍ਰਿਸ਼ਟੀ ਦੋਸ਼"}},{"id":"c","text":{"en":"Cataract","pa":"ਕੇਟਾਰਕਟ"}},{"id":"d","text":{"en":"None","pa":"ਕੋਈ ਨਹੀਂ"}}]', '["a"]', '{"en":"Inability to see distant objects clearly is Myopia or Short-sightedness.","pa":"ਦੂਰ ਦੀਆਂ ਵਸਤੂਆਂ ਨੂੰ ਸਪਸ਼ਟ ਰੂਪ ਵਿੱਚ ਦੇਖਣ ਵਿੱਚ ਅਸਮਰੱਥਾ ਮਾਇਓਪੀਆ ਜਾਂ ਨਿਕਟ-ਦ੍ਰਿਸ਼ਟੀ ਦੋਸ਼ ਹੈ।"}', 1, '0.00', NULL, 16, NULL, NULL, 4, NULL),
('a2951efb-88e4-46e1-9e92-ecf9e39eda81', '150bbc38-362e-46ef-a965-8ee8349c3bfa', 'mcq_single', '{"en":"Choose the correct alternative that will continue the same pattern and replace the ? in the given series\n120,99,80,63,48,?","pa":"ਸਹੀ ਵਿਕਲਪ ਚੁਣੋ ਜੋ ਉਸੇ ਪੈਟਰਨ ਨੂੰ ਜਾਰੀ ਰੱਖੇਗਾ ਅਤੇ ਦਿੱਤੀ ਗਈ ਲੜੀ ਵਿੱਚ ? ਨੂੰ ਬਦਲ ਦੇਵੇਗਾ। 120,99,80,63,48,?"}', '[{"id":"a","text":{"en":"35","pa":"35"},"image_url":null},{"id":"b","text":{"en":"39","pa":"39"},"image_url":null},{"id":"c","text":{"en":"38","pa":"38"},"image_url":null},{"id":"d","text":{"en":"40","pa":"40"},"image_url":null}]', '["a"]', '{"en":"difference is reducing odd numbers 120-99 =  21 ,99-80 = 19 then diff follows 17 ,15  after 48 next odd number is 13 which is difference between ? and 48 so ? will be 48-13 = 35.So option A is correct","pa":"difference is reducing odd numbers 120-99 =  21 ,99-80 = 19 then diff follows 17 ,15  after 48 next odd number is 13 which is difference between ? and 48 so ? will be 48-13 = 35.So option A is correct"}', 1, NULL, NULL, 1, NULL, NULL, 3, NULL),
('8ed462c6-26fc-430d-9151-db538a645ffa', '9ecdbce8-4b2d-4a1c-95c7-6656a4868c05', 'mcq_single', '{"en":"Surjit digs a pit in his garden and puts the following items in it. Which will decompose?","pa":"ਸੁਰਜੀਤ ਨੇ ਆਪਣੇ ਬਾਗ ਵਿੱਚ ਖੰਡਾ (Pit) ਖੋਦ ਕੇ ਹੇਠ ਦਿੱਤੀਆਂ ਚੀਜਾਂ ਨੂੰ ਪਾਇਆ। ਇਹਨਾਂ ਵਿੱਚੋਂ ਕਿਹੜੀ ਵਿਘਟਿਤ ਹੋਵੇਗੀ ?"}', '[{"id":"a","text":{"en":"Paper Cups","pa":"ਪੇਪਰ ਕੱਪ"}},{"id":"b","text":{"en":"Rubber Slippers","pa":"ਰਬੜ ਦੇ ਜੁੱਤੇ"}},{"id":"c","text":{"en":"Glass Bowls","pa":"ਕੱਚ ਦੇ ਡੋਂਗੇ"}},{"id":"d","text":{"en":"Metal Clip","pa":"ਧਾਤ ਦੀ ਕਲਿੱਪ"}}]', '["a"]', '{"en":"Paper is biodegradable and will decompose.","pa":"ਕਾਗਜ਼ ਬਾਇਓਡੀਗਰੇਡੇਬਲ ਹੈ ਅਤੇ ਗਲ ਜਾਵੇਗਾ।"}', 1, '0.00', NULL, 18, NULL, NULL, 3, NULL),
('1bdba70c-f378-4ba2-97d4-bf564cfd73ba', '150bbc38-362e-46ef-a965-8ee8349c3bfa', 'mcq_single', '{"en":"Based on the given arrangement which of the following groups should be next? AB1, CD4, EF9, GH16, ....","pa":"ਦਿੱਤੇ ਗਏ ਪ੍ਰਬੰਧ ਦੇ ਆਧਾਰ ''ਤੇ, ਇਹਨਾਂ ਵਿੱਚੋਂ ਕਿਹੜਾ ਸਮੂਹ ਅੱਗੇ ਹੋਣਾ ਚਾਹੀਦਾ ਹੈ? AB1, CD4, EF9, GH16, ...."}', '[{"id":"a","text":{"en":"JI25","pa":"JI25"},"image_url":null},{"id":"b","text":{"en":"IJ25","pa":"JI26"},"image_url":null},{"id":"c","text":{"en":"JI26","pa":"JI26"},"image_url":null},{"id":"d","text":{"en":"JK25","pa":"JI26"},"image_url":null}]', '["b"]', '{"en":"Alphabet pair are consecutive letters AB,CD,EF,GH so next will IJ and number appended to each pair is square of consecutive numbers starting from 1    1 ,4, 9 ,16 which is followed by 25.So correct option is B","pa":"Alphabet pair are consecutive letters AB,CD,EF,GH so next will IJ and number appended to each pair is square of consecutive numbers starting from 1    1 ,4, 9 ,16 which is followed by 25.So correct option is B"}', 1, NULL, NULL, 2, NULL, NULL, 4, NULL),
('900e16e3-310a-44d1-a7d6-fb8759582313', '150bbc38-362e-46ef-a965-8ee8349c3bfa', 'mcq_single', '{"en":"Choose the correct alternative that will continue the same pattern and replace the question mark (?) in the given series: 3, 10, 101, ?","pa":"ਪੈਟਰਨ ਨੂੰ ਜਾਰੀ ਰੱਖਣ ਲਈ ਸਹੀ ਵਿਕਲਪ ਚੁਣੋ ਅਤੇ ਦਿੱਤੀ ਹੋਈ ਲੜੀ ਵਿੱਚੋਂ ''?'' ਦੀ ਜਗ੍ਹਾ ਤੇ ਲਿਖੋ: 3, 10, 101, ?"}', '[{"id":"a","text":{"en":"10101","pa":"10101"}},{"id":"b","text":{"en":"10201","pa":"10201"}},{"id":"c","text":{"en":"10202","pa":"10202"}},{"id":"d","text":{"en":"11012","pa":"11012"}}]', '["c"]', '{"en":"The pattern is n² + 1. 3²+1=10, 10²+1=101. Next term is 101²+1 = 10201+1 = 10202.","pa":"ਪੈਟਰਨ n² + 1 ਹੈ। 3²+1=10, 10²+1=101. ਅਗਲਾ ਪਦ 101²+1 = 10201+1 = 10202 ਹੋਵੇਗਾ।"}', 1, '0.00', NULL, 4, NULL, NULL, 4, NULL),
('c578bea1-a83b-4373-a49e-fda1bc26db8e', 'f4d9390b-b4a5-4387-b1d8-5a033627b550', 'mcq_single', '{"en":"If in the figure, BC is the diameter, radius of circle is 5 cm and AB = 6 cm, then AC is:","pa":"ਜੇਕਰ ਚਿੱਤਰ ਵਿੱਚ BC ਵਿਆਸ ਹੈ, ਚੱਕਰ ਦਾ ਅਰਧਵਿਆਸ 5 cm ਹੈ ਅਤੇ AB = 6 cm ਤਾਂ AC ਬਰਾਬਰ ਹੈ:"}', '[{"id":"a","text":{"en":"8 cm","pa":"8 cm"}},{"id":"b","text":{"en":"11 cm","pa":"11 cm"}},{"id":"c","text":{"en":"10 cm","pa":"10 cm"}},{"id":"d","text":{"en":"30 cm","pa":"30 cm"}}]', '["a"]', '{"en":"Diameter BC = 10cm. Angle in semicircle A is 90°. By Pythagoras: AC = √(10² - 6²) = √(100-36) = √64 = 8.","pa":"ਵਿਆਸ BC = 10cm. ਅਰਧ ਚੱਕਰ ਵਿੱਚ ਕੋਣ A 90° ਹੈ। ਪਾਇਥਾਗੋਰਸ ਦੁਆਰਾ: AC = √(10² - 6²) = √(100-36) = √64 = 8."}', 1, '0.00', NULL, 14, NULL, NULL, 4, NULL),
('58770ec4-57f1-4255-8ccc-44f0347c1733', 'f4d9390b-b4a5-4387-b1d8-5a033627b550', 'mcq_single', '{"en":"Which of the following is true?","pa":"ਹੇਠ ਲਿਖੇ ਵਿੱਚੋਂ ਕਿਹੜਾ ਸਹੀ ਹੈ ?"}', '[{"id":"a","text":{"en":"sin²θ + tan²(90°-θ) = 1","pa":"sin²θ + tan²(90°-θ) = 1"}},{"id":"b","text":{"en":"cos²θ + cos²(90°-θ) = 1","pa":"cos²θ + cos²(90°-θ) = 1"}},{"id":"c","text":{"en":"sin²θ + cos²θ = 0","pa":"sin²θ + cos²θ = 0"}},{"id":"d","text":{"en":"sec²θ - sec²(90°-θ) = 1","pa":"sec²θ - sec²(90°-θ) = 1"}}]', '["b"]', '{"en":"cos²(90°-θ) = sin²θ. So cos²θ + sin²θ = 1, which is a standard identity.","pa":"cos²(90°-θ) = sin²θ. ਇਸ ਲਈ cos²θ + sin²θ = 1, ਜੋ ਕਿ ਇੱਕ ਮਿਆਰੀ ਪਛਾਣ ਹੈ।"}', 1, '0.00', NULL, 17, NULL, NULL, 4, NULL),
('9d25fb81-1866-401c-96cb-c57b59cceef0', 'f4d9390b-b4a5-4387-b1d8-5a033627b550', 'mcq_single', '{"en":"If roots of a quadratic equation are 4 and -3, then the quadratic equation is:","pa":"ਜੇਕਰ ਇੱਕ ਦੋ ਘਾਤੀ ਸਮੀਕਰਣ ਦੇ ਮੂਲ 4 ਅਤੇ -3 ਹਨ ਤਾਂ ਦੋ ਘਾਤੀ ਸਮੀਕਰਣ ਹੈ :"}', '[{"id":"a","text":{"en":"x² - x - 12 = 0","pa":"x² - x - 12 = 0"}},{"id":"b","text":{"en":"x² + x - 12 = 0","pa":"x² + x - 12 = 0"}},{"id":"c","text":{"en":"x² + 7x - 12 = 0","pa":"x² + 7x - 12 = 0"}},{"id":"d","text":{"en":"x² - 7x + 12 = 0","pa":"x² - 7x + 12 = 0"}}]', '["a"]', '{"en":"Sum of roots = 4 + (-3) = 1. Product = 4 * (-3) = -12. Eq: x² - (sum)x + product = 0 => x² - x - 12 = 0.","pa":"ਮੂਲ ਦਾ ਜੋੜ = 1. ਗੁਣਨਫਲ = -12. ਸਮੀਕਰਣ: x² - (ਜੋੜ)x + ਗੁਣਨਫਲ = 0 => x² - x - 12 = 0."}', 1, '0.00', NULL, 22, NULL, NULL, 2, NULL),
('9fbd2cee-71ec-4c34-9b76-d202b36984e2', 'f4d9390b-b4a5-4387-b1d8-5a033627b550', 'mcq_single', '{"en":"If ''a'' is the first term of an arithmetic progression and Sₙ = 2aₙ, then:","pa":"ਜੇਕਰ ਇੱਕ ਅੰਕ ਗਣਿਤਕ ਲੜੀ ਵਿੱਚ ''a'' ਪਹਿਲਾ ਪਦ ਹੈ ਅਤੇ Sₙ = 2aₙ ਹੈ, ਤਾਂ:"}', '[{"id":"a","text":{"en":"aₙ = 3a","pa":"aₙ = 3a "},"image_url":null},{"id":"b","text":{"en":"3aₙ  = na","pa":"3aₙ  = na"},"image_url":null},{"id":"c","text":{"en":"(4-n)aₙ  = na","pa":"(4-n)aₙ  = na"},"image_url":null},{"id":"d","text":{"en":"5aₙ  = a","pa":"5aₙ  = a"},"image_url":null}]', '["c"]', '{"en":"Sₙ = (n/2)(a + aₙ). Given Sn = 2aₙ. So, 2aₙ = (n/2)(a + aₙ) => 4aₙ= na + naₙ => 4aₙ - naₙ = na => aₙ(4-n) = na.","pa":"Sn = (n/2)(a + an). ਦਿੱਤਾ ਹੈ Sn = 2an. ਇਸ ਲਈ, 2an = (n/2)(a + an) => 4an = na + nan => 4an - nan = na => an(4-n) = na."}', 1, '0.00', NULL, 2, NULL, NULL, 3, NULL),
('c16cc962-0b49-4fcb-977a-7f7082129f79', 'c0404bb0-36ee-4d79-ac9a-f1bdb8f7cc4b', 'mcq_single', '{"en":"According to the Indian Constitution, what is minimum age to become a voter?","pa":"ਭਾਰਤੀ ਸੰਵਿਧਾਨ ਦੇ ਅਨੁਸਾਰ ਵੋਟਰ ਬਣਨ ਲਈ ਘੱਟੋ-ਘੱਟ ਉਮਰ ਕਿੰਨੀ ਹੈ? [cite: 1431, 1434][cite<sub>s</sub>tart]"}', '[{"id":"a","text":{"en":"21 years","pa":"21 ਸਾਲ"}},{"id":"b","text":{"en":"19 years","pa":"19 ਸਾਲ"}},{"id":"c","text":{"en":"18 years","pa":"18 ਸਾਲ"}},{"id":"d","text":{"en":"25 years","pa":"25 ਸਾਲ"}}]', '["c"]', '{"en":"The voting age in India is 18 years. [cite: 1432]","pa":"ਭਾਰਤ ਵਿੱਚ ਵੋਟ ਪਾਉਣ ਦੀ ਉਮਰ 18 ਸਾਲ ਹੈ।"}', 1, '0.00', NULL, 3, NULL, NULL, 3, NULL),
('784b0c40-7461-445f-a239-389118e2c673', 'c0404bb0-36ee-4d79-ac9a-f1bdb8f7cc4b', 'mcq_single', '{"en":"What is the main role of the Lok Sabha in the Indian Parliament?","pa":"ਭਾਰਤੀ ਸੰਸਦ ਵਿੱਚ ਲੋਕ ਸਭਾ ਦੀ ਮੁੱਖ ਭੂਮਿਕਾ ਕੀ ਹੈ ? [cite: 1440, 1449][cite<sub>s</sub>tart]"}', '[{"id":"a","text":{"en":"To interpret laws and to provide Justice","pa":"ਕਾਨੂੰਨਾਂ ਦੀ ਵਿਆਖਿਆ ਕਰਨਾ ਅਤੇ ਨਿਆਂ ਪ੍ਰਦਾਨ ਕਰਨਾ"}},{"id":"b","text":{"en":"To elect the Chief Ministers of the States","pa":"ਰਾਜਾਂ ਦੇ ਮੁੱਖ ਮੰਤਰੀਆਂ ਦੀ ਚੋਣ ਕਰਨਾ"}},{"id":"c","text":{"en":"Settlement of disputes between States","pa":"ਰਾਜਾਂ ਵਿਚਕਾਰ ਵਿਵਾਦਾਂ ਦਾ ਨਿਪਟਾਰਾ ਕਰਨਾ"}},{"id":"d","text":{"en":"To make laws for the country and pass them","pa":"ਦੇਸ਼ ਲਈ ਕਾਨੂੰਨ ਬਣਾਉਣਾ ਅਤੇ ਉਨ੍ਹਾਂ ਨੂੰ ਪਾਸ ਕਰਨਾ"}}]', '["d"]', '{"en":"The primary function of the Lok Sabha is to make and pass laws for the country. [cite: 1448]","pa":"ਲੋਕ ਸਭਾ ਦਾ ਮੁੱਖ ਕੰਮ ਦੇਸ਼ ਲਈ ਕਾਨੂੰਨ ਬਣਾਉਣਾ ਅਤੇ ਪਾਸ ਕਰਨਾ ਹੈ।"}', 1, '0.00', NULL, 4, NULL, NULL, 3, NULL),
('0708d020-ba79-43cd-ac1a-320a951f8dc8', 'c0404bb0-36ee-4d79-ac9a-f1bdb8f7cc4b', 'mcq_single', '{"en":"According to the right against exploitation, children under the age of ............ cannot be employed in the factories, which hinder their physical development.","pa":"ਸ਼ੋਸ਼ਣ ਵਿਰੁੱਧ ਅਧਿਕਾਰ ਦੇ ਅਨੁਸਾਰ, ............ ਸਾਲ ਤੋਂ ਘੱਟ ਉਮਰ ਦੇ ਬੱਚਿਆਂ ਨੂੰ ਫੈਕਟਰੀਆਂ ਵਿੱਚ ਨੌਕਰੀ ''ਤੇ ਨਹੀਂ ਰੱਖਿਆ ਜਾ ਸਕਦਾ, ਜੋ ਉਨ੍ਹਾਂ ਦੇ ਭੌਤਿਕ ਵਿਕਾਸ ਵਿੱਚ ਰੁਕਾਵਟ ਪਾਉਂਦੀਆਂ ਹਨ। [cite: 1458, 1461][cite<sub>s</sub>tart]"}', '[{"id":"a","text":{"en":"18 years","pa":"18 ਸਾਲ"}},{"id":"b","text":{"en":"12 years","pa":"12 ਸਾਲ"}},{"id":"c","text":{"en":"14 years","pa":"14 ਸਾਲ"}},{"id":"d","text":{"en":"15 years","pa":"15 ਸਾਲ"}}]', '["c"]', '{"en":"Article 24 prohibits the employment of children below the age of 14 years in factories. [cite: 1462]","pa":"ਧਾਰਾ 24, 14 ਸਾਲ ਤੋਂ ਘੱਟ ਉਮਰ ਦੇ ਬੱਚਿਆਂ ਨੂੰ ਫੈਕਟਰੀਆਂ ਵਿੱਚ ਰੱਖਣ ਦੀ ਮਨਾਹੀ ਕਰਦੀ ਹੈ।"}', 1, '0.00', NULL, 5, NULL, NULL, 3, NULL),
('f9d56897-c7ad-47cb-a540-7db49f613fce', 'c0404bb0-36ee-4d79-ac9a-f1bdb8f7cc4b', 'mcq_single', '{"en":"From which country was the ship Kamaghatamaru borrowed by Baba Gurdit Singh?","pa":"ਬਾਬਾ ਗੁਰਦਿੱਤ ਸਿੰਘ ਦੁਆਰਾ ਕਾਮਾਘਾਟਾਮਾਰੂ ਜਹਾਜ਼ ਕਿਸ ਦੇਸ਼ ਤੋਂ ਉਧਾਰ ਲਿਆ ਗਿਆ ਸੀ? [cite: 1466, 1467][cite<sub>s</sub>tart]"}', '[{"id":"a","text":{"en":"England","pa":"ਇੰਗਲੈਂਡ"}},{"id":"b","text":{"en":"Canada","pa":"ਕੈਨੇਡਾ"}},{"id":"c","text":{"en":"Japan","pa":"ਜਪਾਨ"}},{"id":"d","text":{"en":"Germany","pa":"ਜਰਮਨੀ"}}]', '["c"]', '{"en":"The Komagata Maru ship was chartered (borrowed) from Japan. [cite: 1468]","pa":"ਕਾਮਾਗਾਟਾਮਾਰੂ ਜਹਾਜ਼ ਜਾਪਾਨ ਤੋਂ ਚਾਰਟਰ (ਉਧਾਰ) ਕੀਤਾ ਗਿਆ ਸੀ।"}', 1, '0.00', NULL, 6, NULL, NULL, 3, NULL),
('a4b753e7-2359-4d9d-a9cb-59560ce5fd47', '9ecdbce8-4b2d-4a1c-95c7-6656a4868c05', 'mcq_single', '{"en":"Speed of light in vacuum is:","pa":"ਖਲਾਅ (vacuum) ਵਿੱਚ ਪ੍ਰਕਾਸ ਦੀ ਚਾਲ ਕਿਹੜੀ ਹੁੰਦੀ ਹੈ?"}', '[{"id":"a","text":{"en":"6×10⁸ m/s","pa":"6×10⁸ m/s"}},{"id":"b","text":{"en":"3×10⁸ m/s","pa":"3×10⁸ m/s"}},{"id":"c","text":{"en":"6×10¹⁰ m/s","pa":"6×10¹⁰ m/s"}},{"id":"d","text":{"en":"3×10¹⁰ m/s","pa":"3×10¹⁰ m/s"}}]', '["b"]', '{"en":"The speed of light in a vacuum is approximately 3×10⁸ m/s.","pa":"ਵੈਕਿਊਮ ਵਿੱਚ ਪ੍ਰਕਾਸ਼ ਦੀ ਗਤੀ ਲਗਭਗ 3×10⁸ m/s ਹੁੰਦੀ ਹੈ।"}', 1, '0.00', NULL, 3, NULL, NULL, 2, NULL),
('12f60dbf-9d81-4a40-9574-55c303c2f27c', '9ecdbce8-4b2d-4a1c-95c7-6656a4868c05', 'mcq_single', '{"en":"Biotic component in an ecosystem comprises of:","pa":"ਪਰਿਸਥਿਤਿਕ ਪ੍ਰਬੰਧ ਵਿੱਚ ਕਿਹੜਾ ਘਟਕ ਜੀਵ ਘਟਕ ਹੈ?"}', '[{"id":"a","text":{"en":"Temperature","pa":"ਤਾਪ"}},{"id":"b","text":{"en":"Wind","pa":"ਹਵਾ"}},{"id":"c","text":{"en":"Living Organism","pa":"ਸਜੀਵ"}},{"id":"d","text":{"en":"Soil","pa":"ਮਿੱਟੀ"}}]', '["c"]', '{"en":"Biotic components are the living parts of an ecosystem.","pa":"ਜੈਵਿਕ ਹਿੱਸੇ ਇੱਕ ਈਕੋਸਿਸਟਮ ਦੇ ਜੀਵਿਤ ਹਿੱਸੇ ਹੁੰਦੇ ਹਨ।"}', 1, '0.00', NULL, 4, NULL, NULL, 2, NULL),
('2caecaee-8d7b-48d0-9a97-6ca1d881f8c4', '9ecdbce8-4b2d-4a1c-95c7-6656a4868c05', 'mcq_single', '{"en":"Which hormone is responsible for dramatic changes in male as they approach the age of 10-12 years?","pa":"ਤੁਹਾਡਾ ਦੋਸਤ 10-12 ਸਾਲ ਦਾ ਹੋਣ ਤੇ ਉਸਦੇ ਸਰੀਰ ਵਿੱਚ ਨਾਟਕੀ ਅੰਤਰ ਵੇਖੇ ਗਏ। ਨਰ ਵਿੱਚ ਇਸ ਪਰਿਵਰਤਨ ਲਈ ਕਿਹੜਾ ਹਾਰਮੋਨ ਦਾ ਰਸਾਓ ਜ਼ੁੰਮੇਵਾਰ ਹੈ?"}', '[{"id":"a","text":{"en":"Oestrogen","pa":"ਈਸਟਰੋਜਨ"}},{"id":"b","text":{"en":"Testosterone","pa":"ਟੈਸਟੋਸਟੀਰੋਨ"}},{"id":"c","text":{"en":"Insulin","pa":"ਇੰਸੂਲਿਨ"}},{"id":"d","text":{"en":"Adrenaline","pa":"ਐਡਰਿਨੇਲਿਨ"}}]', '["b"]', '{"en":"Testosterone is responsible for secondary sexual characteristics in males.","pa":"ਟੈਸਟੋਸਟੀਰੋਨ ਨਰਾਂ ਵਿੱਚ ਸੈਕੰਡਰੀ ਜਿਨਸੀ ਵਿਸ਼ੇਸ਼ਤਾਵਾਂ ਲਈ ਜ਼ਿੰਮੇਵਾਰ ਹੈ।"}', 1, '0.00', NULL, 8, NULL, NULL, 4, NULL),
('65dcb19e-24be-4fb2-a81a-b77b48d7935f', '9ecdbce8-4b2d-4a1c-95c7-6656a4868c05', 'mcq_single', '{"en":"Among the following which one is sweet-smelling substance used for making perfumes and as flavoring agent?","pa":"ਹੇਠਾਂ ਦਿੱਤੀਆਂ ਵਿੱਚੋਂ ਕਿਹੜਾ ਪਦਾਰਥ ਮਿੱਠੀ ਗੰਧ ਦੇਣ ਵਾਲਾ ਹੈ? ਇਸ ਦੀ ਵਰਤੋਂ ਇੱਤਰ ਬਣਾਉਣ ਅਤੇ ਸੁਆਦ ਉਤਪੰਨ ਕਰਨ ਵਾਲੇ ਕਾਰਕਾਂ ਦੇ ਰੂਪ ਵਿੱਚ ਕੀਤੀ ਜਾਂਦੀ ਹੈ?"}', '[{"id":"a","text":{"en":"Ester","pa":"ਐਸਟਰ"}},{"id":"b","text":{"en":"Acetone","pa":"ਐਸੀਟੋਨ"}},{"id":"c","text":{"en":"Vinegar","pa":"ਸਿਰਕਾ"}},{"id":"d","text":{"en":"Formic Acid","pa":"ਫਾਰਮਿਕ ਐਸਿਡ"}}]', '["a"]', '{"en":"Esters are sweet-smelling compounds used in perfumes.","pa":"ਐਸਟਰ ਮਿੱਠੀ ਗੰਧ ਵਾਲੇ ਮਿਸ਼ਰਣ ਹਨ ਜੋ ਪਰਫਿਊਮ ਵਿੱਚ ਵਰਤੇ ਜਾਂਦੇ ਹਨ।"}', 1, '0.00', NULL, 9, NULL, NULL, 3, NULL),
('a6cf9eec-f7a8-4860-bbe5-c99daf8aebab', '9ecdbce8-4b2d-4a1c-95c7-6656a4868c05', 'mcq_single', '{"en":"Gold is used for making jewellery. They are of variable type. One of them is very soft. Identify it.","pa":"ਸੋਨਾ ਗਹਿਣੇ ਬਣਾਉਣ ਲਈ ਵਰਤਿਆ ਜਾਂਦਾ ਹੈ। ਇਹ ਕਈ ਕਿਸਮਾਂ ਦਾ ਹੁੰਦਾ ਹੈ। ਇਸ ਵਿੱਚੋਂ ਇੱਕ ਕਿਸਮ ਬਹੁਤ ਹੀ ਨਰਮ ਹੁੰਦੀ ਹੈ ਅਤੇ ਗਹਿਣੇ ਬਣਾਉਣ ਲਈ ਠੀਕ ਨਹੀਂ ਹੁੰਦੀ। ਹੇਠਾਂ ਦਿੱਤੇ ਵਿੱਚੋਂ ਸਹੀ ਉੱਤਰ ਦੀ ਚੋਣ ਕਰੋ ਕਿ ਕਿਹੜੀ ਕਿਸਮ ਨਰਮ ਹੁੰਦੀ ਹੈ?"}', '[{"id":"a","text":{"en":"22 carat","pa":"22 ਕੈਰਟ"}},{"id":"b","text":{"en":"18 carat","pa":"18 ਕੈਰਟ"}},{"id":"c","text":{"en":"24 carat","pa":"24 ਕੈਰਟ"}},{"id":"d","text":{"en":"14 carat","pa":"14 ਕੈਰਟ"}}]', '["c"]', '{"en":"24 carat gold is pure gold and is very soft.","pa":"24 ਕੈਰਟ ਸੋਨਾ ਸ਼ੁੱਧ ਸੋਨਾ ਹੁੰਦਾ ਹੈ ਅਤੇ ਬਹੁਤ ਨਰਮ ਹੁੰਦਾ ਹੈ।"}', 1, '0.00', NULL, 10, NULL, NULL, 4, NULL),
('a0fbceb0-0d49-4245-937d-2f10c0a89179', '9ecdbce8-4b2d-4a1c-95c7-6656a4868c05', 'mcq_single', '{"en":"One day Anju stung by a honey-bee. Bee sting leaves an acid which causes pain and irritation. Her teacher applied some chemical. What was that chemical?","pa":"ਅੰਜੂ ਨੂੰ ਸ਼ਹਿਦ ਮੱਖੀ ਨੇ ਡੰਗ ਮਾਰਿਆ। ਸ਼ਹਿਦ ਮੱਖੀ ਇੱਕ ਤੇਜ਼ਾਬ ਛੱਡਦੀ ਹੈ ਜਿਸਦੇ ਕਾਰਨ ਦਰਦ ਅਤੇ ਜਲਣ ਹੁੰਦੀ ਹੈ। ਉੱਸਦੀ ਅਧਿਆਪਕਾ ਨੇ ਡੰਗ ਮਾਰੇ ਸਥਾਨ ਤੇ ਇੱਕ ਰਸਾਇਣ ਲਗਾਇਆ। ਉਹ ਰਸਾਇਣ ਕੀ ਸੀ?"}', '[{"id":"a","text":{"en":"Baking Soda","pa":"ਮਿੱਠਾ ਸੋਡਾ"}},{"id":"b","text":{"en":"Milk of Magnesia","pa":"ਮਿਲਕ ਆਫ ਮੈਗਨੀਸ਼ਿਆ"}},{"id":"c","text":{"en":"Calcium Phosphate","pa":"ਕੈਲਸ਼ੀਅਮ ਫਾਸਫੋਟ"}},{"id":"d","text":{"en":"Lemon Juice","pa":"ਨਿੰਬੂ ਦਾ ਰਸ"}}]', '["a"]', '{"en":"Baking soda is a mild base that neutralizes the acid from the bee sting.","pa":"ਬੇਕਿੰਗ ਸੋਡਾ ਇੱਕ ਹਲਕਾ ਖਾਰ ਹੁੰਦਾ ਹੈ ਜੋ ਮਧੂ ਮੱਖੀ ਦੇ ਡੰਗ ਤੋਂ ਐਸਿਡ ਨੂੰ ਬੇਅਸਰ ਕਰਦਾ ਹੈ।"}', 1, '0.00', NULL, 11, NULL, NULL, 3, NULL),
('da51c885-f104-4000-a67d-e94778e1565e', '150bbc38-362e-46ef-a965-8ee8349c3bfa', 'mcq_single', '{"en":"Four of the following 5 are alike. Which one is the one that does not belong to that group? Snake, Lizard, Turtle, Whale, Python","pa":"ਹੇਠਾਂ ਲਿਖੇ (5) ਪੰਜਾਂ ਵਿੱਚੋਂ (4) ਚਾਰ ਇੱਕ ਸਮਾਨ ਹਨ, ਇਨ੍ਹਾਂ ਪੰਜਾਂ ਵਿੱਚੋਂ ਕਿਹੜਾ ਇੱਕ ਵਖਰਾ ਹੈ? ਸੱਪ, ਛਿਪਕਲੀ, ਕੱਛੁਆ, ਵੇਲ ਮੱਛੀ, ਅਜਗਰ"}', '[{"id":"a","text":{"en":"Turtle","pa":"ਕੱਛੁਆ"}},{"id":"b","text":{"en":"Lizard","pa":"ਛਿਪਕਲੀ"}},{"id":"c","text":{"en":"Snake","pa":"ਸੱਪ"}},{"id":"d","text":{"en":"Whale","pa":"ਵੇਲ ਮੱਛੀ"}}]', '["d"]', '{"en":"Whale is a mammal, others are reptiles.","pa":"ਵੇਲ ਇੱਕ ਥਣਧਾਰੀ ਜੀਵ ਹੈ, ਬਾਕੀ ਸਾਰੇ ਰੀਂਗਣ ਵਾਲੇ ਜੀਵ ਹਨ।"}', 1, '0.00', NULL, 26, NULL, NULL, 2, NULL),
('dee3f8b4-ae13-4037-b92d-17ad4062bb21', '150bbc38-362e-46ef-a965-8ee8349c3bfa', 'mcq_single', '{"en":"Clock : Time :: Thermometer : ?","pa":"ਘੜੀ : ਸਮਾਂ : : ਥਰਮਾਮੀਟਰ : ?"}', '[{"id":"a","text":{"en":"Heat","pa":"ਤਾਪ"}},{"id":"b","text":{"en":"Radiation","pa":"ਵਿਕਿਰਨ"}},{"id":"c","text":{"en":"Energy","pa":"ਊਰਜਾ"}},{"id":"d","text":{"en":"Temperature","pa":"ਤਾਪਮਾਨ"}}]', '["d"]', '{"en":"Clock measures Time, Thermometer measures Temperature.","pa":"ਘੜੀ ਸਮਾਂ ਮਾਪਦੀ ਹੈ, ਥਰਮਾਮੀਟਰ ਤਾਪਮਾਨ ਮਾਪਦਾ ਹੈ।"}', 1, '0.00', NULL, 27, NULL, NULL, 4, NULL),
('9dde1553-7212-4df8-98e1-16f819847f02', '150bbc38-362e-46ef-a965-8ee8349c3bfa', 'mcq_single', '{"en":"In a row of students of Jaspreet''s class, Jaspreet is 15th from either end of the row. How many students are there in his class?","pa":"ਜਸਪ੍ਰੀਤ ਆਪਣੀ ਜਮਾਤ ਦੇ ਵਿਦਿਆਰਥੀਆਂ ਦੀ ਕਤਾਰ ਵਿੱਚ ਕਿਸੇ ਵੀ ਸਿਰੇ ਤੋਂ 15ਵੇਂ ਨੰਬਰ ਤੇ ਹੈ। ਉਸ ਦੀ ਜਮਾਤ ਵਿੱਚ ਕੁੱਲ ਕਿੰਨੇ ਵਿਦਿਆਰਥੀ ਹਨ?"}', '[{"id":"a","text":{"en":"33","pa":"33"}},{"id":"b","text":{"en":"31","pa":"31"}},{"id":"c","text":{"en":"29","pa":"29"}},{"id":"d","text":{"en":"30","pa":"30"}}]', '["c"]', '{"en":"Total = (Pos from Left + Pos from Right) - 1 = 15 + 15 - 1 = 29.","pa":"ਕੁੱਲ = (ਖੱਬੇ ਤੋਂ ਸਥਾਨ + ਸੱਜੇ ਤੋਂ ਸਥਾਨ) - 1 = 15 + 15 - 1 = 29."}', 1, '0.00', NULL, 28, NULL, NULL, 2, NULL),
('998b5b09-3d42-4251-a309-6572115a4ae5', '150bbc38-362e-46ef-a965-8ee8349c3bfa', 'mcq_single', '{"en":"If F=6, DEBIT=40, then EVENT=?","pa":"ਜੇਕਰ F=6, DEBIT=40 ਹੈ ਤਾਂ EVENT ਕਿੰਨੇ ਬਰਾਬਰ ਹੋਵੇਗਾ?"}', '[{"id":"a","text":{"en":"66","pa":"66"}},{"id":"b","text":{"en":"56","pa":"56"}},{"id":"c","text":{"en":"64","pa":"64"}},{"id":"d","text":{"en":"60","pa":"60"}}]', '["a"]', '{"en":"Sum of alphabet positions: E(5)+V(22)+E(5)+N(14)+T(20) = 66.","pa":"ਅੱਖਰਾਂ ਦੇ ਸਥਾਨਾਂ ਦਾ ਜੋੜ: E(5)+V(22)+E(5)+N(14)+T(20) = 66."}', 1, '0.00', NULL, 6, NULL, NULL, 3, NULL),
('0f33e4cb-a5bd-42af-95ba-4ed22f1c929e', '150bbc38-362e-46ef-a965-8ee8349c3bfa', 'mcq_single', '{"en":"What will be the next term of the given series? 4, 11, 7, 14, 10, 17, ?","pa":"ਦਿੱਤੀ ਗਈ ਲੜੀ ਦਾ ਅਗਲਾ ਕ੍ਰਮ ਕੀ ਹੋਵੇਗਾ? 4, 11, 7, 14, 10, 17, ?"}', '[{"id":"a","text":{"en":"24","pa":"24"}},{"id":"b","text":{"en":"13","pa":"13"}},{"id":"c","text":{"en":"20","pa":"20"}},{"id":"d","text":{"en":"21","pa":"21"}}]', '["b"]', '{"en":"Two alternating series. Series 1: 4, 7, 10, (next +3 = 13). Series 2: 11, 14, 17. The missing term belongs to Series 1.","pa":"ਦੋ ਬਦਲਵੀਆਂ ਲੜੀਆਂ ਹਨ। ਲੜੀ 1: 4, 7, 10, (ਅਗਲਾ +3 = 13)। ਲੜੀ 2: 11, 14, 17। ਗੁੰਮ ਹੋਇਆ ਪਦ ਲੜੀ 1 ਨਾਲ ਸਬੰਧਤ ਹੈ।"}', 1, '0.00', NULL, 7, NULL, NULL, 3, NULL),
('1b18f3a4-b63b-484e-b36f-a4d596916eb6', '150bbc38-362e-46ef-a965-8ee8349c3bfa', 'mcq_single', '{"en":"If Sandeep is walking towards North, what direction should he follow so that he will walk towards West?","pa":"ਜੇਕਰ ਸੰਦੀਪ ਉੱਤਰ ਵੱਲ ਚਲ ਰਿਹਾ ਹੈ ਤਾਂ ਉਸ ਨੂੰ ਕਿਹੜੀ ਦਿਸ਼ਾ ਦੀ ਪਾਲਣਾ ਕਰਨੀ ਚਾਹੀਦੀ ਹੈ ਤਾਂ ਜੋ ਉਹ ਪੱਛਮ ਵੱਲ ਚੱਲੇ ?"}', '[{"id":"a","text":{"en":"Right, Right, Left","pa":"ਸੱਜੇ, ਸੱਜੇ, ਖੱਬੇ"}},{"id":"b","text":{"en":"Left, Left, Right","pa":"ਖੱਬੇ, ਖੱਬੇ, ਸੱਜੇ"}},{"id":"c","text":{"en":"Left, Right, Left","pa":"ਖੱਬੇ, ਸੱਜੇ, ਖੱਬੇ"}},{"id":"d","text":{"en":"Right, Right, Right","pa":"ਸੱਜੇ, ਸੱਜੇ, ਸੱਜੇ"}}]', '["b"]', '{"en":"Walking North, turning Left (West) -> Left (South) -> Right (West). Result is facing West. Option (d) R-R-R is also West, but L-L-R is a common answer pattern.","pa":"ਉੱਤਰ ਵੱਲ ਚਲਦੇ ਹੋਏ, ਖੱਬੇ ਮੁੜਨਾ (ਪੱਛਮ) -> ਖੱਬੇ (ਦੱਖਣ) -> ਸੱਜੇ (ਪੱਛਮ)। ਨਤੀਜਾ ਪੱਛਮ ਵੱਲ ਹੈ।"}', 1, '0.00', NULL, 9, NULL, NULL, 3, NULL),
('02784bb9-c8c4-49b1-8f85-5b8954979c13', '150bbc38-362e-46ef-a965-8ee8349c3bfa', 'mcq_single', '{"en":"It is given that A is the brother of B and C is the son of A. D is the daughter of B, then who is the uncle of D?","pa":"ਜੇਕਰ A, B ਦਾ ਭਰਾ ਹੈ ਅਤੇ C, A ਦਾ ਪੁੱਤਰ ਹੈ। D, B ਦੀ ਧੀ ਹੈ, ਤਾਂ D ਦਾ ਚਾਚਾ/ਤਾਇਆ ਕੌਣ ਹੈ?"}', '[{"id":"a","text":{"en":"B","pa":"B"}},{"id":"b","text":{"en":"C","pa":"C"}},{"id":"c","text":{"en":"A","pa":"A"}},{"id":"d","text":{"en":"D","pa":"D"}}]', '["c"]', '{"en":"Since A is the brother of B (D''s parent), A is the uncle of D.","pa":"ਕਿਉਂਕਿ A, B (D ਦੇ ਮਾਤਾ/ਪਿਤਾ) ਦਾ ਭਰਾ ਹੈ, ਇਸ ਲਈ A, D ਦਾ ਚਾਚਾ/ਤਾਇਆ ਹੈ।"}', 1, '0.00', NULL, 12, NULL, NULL, 2, NULL),
('197753e8-b568-4929-93d1-4449c1dc3464', '150bbc38-362e-46ef-a965-8ee8349c3bfa', 'mcq_single', '{"en":"Arrange the following words in a meaningful order: (a) Shoulder (b) Wrist (c) Elbow (d) Palm (e) Finger","pa":"ਹੇਠਾਂ ਦਿੱਤੇ ਸ਼ਬਦਾਂ ਨੂੰ ਅਰਥ ਪੂਰਨ ਕ੍ਰਮ ਵਿੱਚ ਵਿਵਸਥਿਤ ਕਰੋ: (a) ਮੋਢਾ (b) ਗੁੱਟ (c) ਕੂਹਣੀ (d) ਹਥੇਲੀ (e) ਉਂਗਲ"}', '[{"id":"a","text":{"en":"e, d, b, c, a","pa":"e, d, b, c, a"}},{"id":"b","text":{"en":"c, d, e, b, a","pa":"c, d, e, b, a"}},{"id":"c","text":{"en":"c, a, b, d, e","pa":"c, a, b, d, e"}},{"id":"d","text":{"en":"b, d, e, c, a","pa":"b, d, e, c, a"}}]', '["a"]', '{"en":"Order from bottom to top: Finger, Palm, Wrist, Elbow, Shoulder. (e, d, b, c, a).","pa":"ਹੇਠਾਂ ਤੋਂ ਉੱਪਰ ਵੱਲ ਕ੍ਰਮ: ਉਂਗਲ, ਹਥੇਲੀ, ਗੁੱਟ, ਕੂਹਣੀ, ਮੋਢਾ (e, d, b, c, a)।"}', 1, '0.00', NULL, 13, NULL, NULL, 4, NULL),
('43caf6e4-ca74-4090-9cc7-daf3108df587', '150bbc38-362e-46ef-a965-8ee8349c3bfa', 'mcq_single', '{"en":"Arrange: (a) Key (b) Door (c) Lock (d) Room (e) Switch on","pa":"ਕ੍ਰਮਵਾਰ ਕਰੋ: (a) ਚਾਬੀ (b) ਦਰਵਾਜ਼ਾ (c) ਜਿੰਦਾ (d) ਕਮਰਾ (e) ਸਵਿੱਚ ਚਲਾਉਣਾ"}', '[{"id":"a","text":{"en":"a, b, d, c, e","pa":"a, b, d, c, e"}},{"id":"b","text":{"en":"d, c, b, a, e","pa":"d, c, b, a, e"}},{"id":"c","text":{"en":"c, a, d, b, e","pa":"c, a, d, b, e"}},{"id":"d","text":{"en":"b, d, e, c, a","pa":"b, d, e, c, a"}}]', '["a"]', '{"en":"Logical sequence: Key -> Lock -> Door -> Room -> Switch on. Matches option pattern logic (Key opens Lock etc). Note: Option labels in source are mixed, ''a,b,d,c,e'' is closest logical flow if interpreted as Key->Door->Room. Best fit is Key(a)-Lock(c)-Door(b)-Room(d)-Switch(e). Assumed Option A maps to this flow.","pa":"ਤਰਕਪੂਰਨ ਕ੍ਰਮ: ਚਾਬੀ -> ਜਿੰਦਾ -> ਦਰਵਾਜ਼ਾ -> ਕਮਰਾ -> ਸਵਿੱਚ ਚਲਾਉਣਾ।"}', 1, '0.00', NULL, 14, NULL, NULL, 4, NULL),
('fc811cbe-e401-4c43-bc7d-428c9a55da6d', '150bbc38-362e-46ef-a965-8ee8349c3bfa', 'mcq_single', '{"en":"Arrange: (a) Family (b) Community (c) Member (d) Locality (e) Country","pa":"ਕ੍ਰਮਵਾਰ ਕਰੋ: (a) ਪਰਿਵਾਰ (b) ਭਾਈਚਾਰਾ (c) ਮੈਂਬਰ (d) ਇਲਾਕਾ (e) ਦੇਸ਼"}', '[{"id":"a","text":{"en":"c, a, d, e, b","pa":"c, a, d, e, b"}},{"id":"b","text":{"en":"c, a, d, e, b","pa":"c, a, d, e, b"}},{"id":"c","text":{"en":"c, a, b, d, e","pa":"c, a, b, d, e"}},{"id":"d","text":{"en":"c, a, d, b, e","pa":"c, a, d, b, e"}}]', '["c"]', '{"en":"Member -> Family -> Community -> Locality -> Country. (c, a, b, d, e).","pa":"ਮੈਂਬਰ -> ਪਰਿਵਾਰ -> ਭਾਈਚਾਰਾ -> ਇਲਾਕਾ -> ਦੇਸ਼ (c, a, b, d, e)।"}', 1, '0.00', NULL, 15, NULL, NULL, 2, NULL),
('bf64dfc2-5e1c-432d-a86f-9d8d4fad3608', '150bbc38-362e-46ef-a965-8ee8349c3bfa', 'mcq_single', '{"en":"Arrange: (a) College (b) Child (c) Salary (d) School (e) Employment","pa":"ਕ੍ਰਮਵਾਰ ਕਰੋ: (a) ਕਾਲਜ (b) ਬੱਚਾ (c) ਤਨਖਾਹ (d) ਸਕੂਲ (e) ਰੁਜ਼ਗਾਰ"}', '[{"id":"a","text":{"en":"a, b, d, c, e","pa":"a, b, d, c, e"}},{"id":"b","text":{"en":"b, d, a, e, c","pa":"b, d, a, e, c"}},{"id":"c","text":{"en":"d, a, c, e, b","pa":"d, a, c, e, b"}},{"id":"d","text":{"en":"c, e, b, a, d","pa":"c, e, b, a, d"}}]', '["b"]', '{"en":"Child -> School -> College -> Employment -> Salary. (b, d, a, e, c).","pa":"ਬੱਚਾ -> ਸਕੂਲ -> ਕਾਲਜ -> ਰੁਜ਼ਗਾਰ -> ਤਨਖਾਹ (b, d, a, e, c)।"}', 1, '0.00', NULL, 16, NULL, NULL, 2, NULL),
('d920d920-ee4f-4c2a-b695-af77944ea890', '150bbc38-362e-46ef-a965-8ee8349c3bfa', 'mcq_single', '{"en":"Arrange: (a) Milky way (b) Sun (c) Moon (d) Earth (e) Stars","pa":"ਕ੍ਰਮਵਾਰ ਕਰੋ: (a) ਆਕਾਸ਼ਗੰਗਾ (b) ਸੂਰਜ (c) ਚੰਦ (d) ਧਰਤੀ (e) ਤਾਰੇ"}', '[{"id":"a","text":{"en":"c, d, b, c, a","pa":"c, d, b, c, a"}},{"id":"b","text":{"en":"c, d, b, e, a","pa":"c, d, b, e, a"}},{"id":"c","text":{"en":"c, d, e, b, a","pa":"c, d, e, b, a"}},{"id":"d","text":{"en":"b, d, e, c, a","pa":"b, d, e, c, a"}}]', '["b"]', '{"en":"Size/Hierarchy: Moon < Earth < Sun < Stars < Milky Way. (c, d, b, e, a).","pa":"ਆਕਾਰ/ਦਰਜਾਬੰਦੀ: ਚੰਦ < ਧਰਤੀ < ਸੂਰਜ < ਤਾਰੇ < ਆਕਾਸ਼ਗੰਗਾ (c, d, b, e, a)।"}', 1, '0.00', NULL, 17, NULL, NULL, 2, NULL),
('6ee484f1-52ca-4364-9d2f-ac74f368ec61', '150bbc38-362e-46ef-a965-8ee8349c3bfa', 'mcq_single', '{"en":"The probability that can''t exist among the following:","pa":"ਹੇਠਾਂ ਦਿੱਤੇ ਵਿਕਲਪਾਂ ਵਿੱਚੋਂ ਕਿਹੜੀ ਸੰਭਾਵਨਾਂ ਸੰਭਵ ਨਹੀਂ?"}', '[{"id":"a","text":{"en":"3/4","pa":"3/4"}},{"id":"b","text":{"en":"-1.5","pa":"-1.5"}},{"id":"c","text":{"en":"0.3","pa":"0.3"}},{"id":"d","text":{"en":"20%","pa":"20%"}}]', '["b"]', '{"en":"Probability cannot be negative.","pa":"ਸੰਭਾਵਨਾ ಋਣਾਤਮਕ ਨਹੀਂ ਹੋ ਸਕਦੀ।"}', 1, '0.00', NULL, 23, NULL, NULL, 2, NULL),
('06d62fcb-5558-47fe-b2bc-ff3028ef4cd4', '150bbc38-362e-46ef-a965-8ee8349c3bfa', 'mcq_single', '{"en":"A clock shows 30 minutes past 2 when both the hands of the clock are rotated by 90° in clockwise direction. What time will the clock show?","pa":"ਇੱਕ ਘੜੀ 2 ਵੱਜ ਕੇ 30 ਮਿੰਟ ਦਰਸਾਉਂਦੀ ਹੈ ਜਦੋਂ ਘੜੀ ਦੀਆਂ ਦੋਵੇਂ ਸੂਈਆਂ ਨੂੰ ਘੜੀ ਦੀ ਦਿਸ਼ਾ ਵਿੱਚ 90° ਘੁਮਾਇਆ ਜਾਂਦਾ ਹੈ, ਤਾਂ ਘੜੀ ਤੇ ਕੀ ਸਮਾਂ ਹੋਵੇਗਾ?"}', '[{"id":"a","text":{"en":"4:45","pa":"4:45"}},{"id":"b","text":{"en":"5:45","pa":"5:45"}},{"id":"c","text":{"en":"11:15","pa":"11:15"}},{"id":"d","text":{"en":"11:45","pa":"11:45"}}]', '["b"]', '{"en":"2:30 -> Hour hand at 2.5, Minute at 6. Rotate +90 deg (3 hours). Minute 6->9 (45 min). Hour 2.5->5.5. Time 5:45.","pa":"2:30 -> ਘੰਟੇ ਦੀ ਸੂਈ 2.5 ਤੇ, ਮਿੰਟ ਦੀ 6 ਤੇ। +90 ਡਿਗਰੀ (3 ਘੰਟੇ) ਘੁਮਾਓ। ਮਿੰਟ 6->9 (45 ਮਿੰਟ)। ਘੰਟਾ 2.5->5.5. ਸਮਾਂ 5:45।"}', 1, '0.00', NULL, 24, NULL, NULL, 2, NULL),
('10ecdbab-b102-4048-b012-963009510e47', '9ecdbce8-4b2d-4a1c-95c7-6656a4868c05', 'mcq_single', '{"en":"Ranjit is suffering from hypermetropia. Doctor advised him convex lens. Suppose power of convex lens is 2 Dioptre, what will be its focal length?","pa":"ਰਣਜੀਤ ਦੂਰ ਦ੍ਰਿਸ਼ਟੀ ਰੋਗ ਨਾਲ ਪੀੜਿਤ ਹੈ। ਡਾਕਟਰ ਨੇ ਉਸਨੂੰ ਉੱਤਲ ਲੈਨਜ਼ ਲਗਾਉਣ ਲਈ ਕਿਹਾ। ਜੇਕਰ ਉੱਤਲ ਲੇਨਜ਼ 2 Dioptre ਦੀ ਸ਼ਕਤੀ ਦਾ ਹੈ ਤਾਂ ਉਸਦੀ ਫੋਕਸ ਦੂਰੀ ਕੀ ਹੋਵੇਗੀ?"}', '[{"id":"a","text":{"en":"20 cm","pa":"20 cm"}},{"id":"b","text":{"en":"40 cm","pa":"40 cm"}},{"id":"c","text":{"en":"10 cm","pa":"10 cm"}},{"id":"d","text":{"en":"50 cm","pa":"50 cm"}}]', '["d"]', '{"en":"Focal length f = 1/P = 1/2 m = 0.5 m = 50 cm.","pa":"ਫੋਕਸ ਦੂਰੀ f = 1/P = 1/2 m = 0.5 m = 50 cm."}', 1, '0.00', NULL, 13, NULL, NULL, 2, NULL),
('51b5fd74-db29-4614-b8ff-29daf8794d4c', '9ecdbce8-4b2d-4a1c-95c7-6656a4868c05', 'mcq_single', '{"en":"When you have a problem of indigestion, you visit a doctor. The doctor will give you:","pa":"ਬਦਹਜ਼ਮੀ ਦੀ ਹਾਲਤ ਹੋਣ ਤੇ ਤੁਸੀਂ ਡਾਕਟਰ ਕੋਲ ਜਾਂਦੇ ਹੋ? ਡਾਕਟਰ ਤੁਹਾਨੂੰ ਕਿਹੜੀ ਦਵਾਈ ਦਿੰਦਾ ਹੈ ?"}', '[{"id":"a","text":{"en":"Antibiotic","pa":"ਐਂਟੀਬਾਇਉਟਿਕ"}},{"id":"b","text":{"en":"Analgesic","pa":"ਐਨਾਲਜੈਸਿਕ"}},{"id":"c","text":{"en":"Antacid","pa":"ਐਂਟਐਸਿਡ"}},{"id":"d","text":{"en":"Antiseptic","pa":"ਐਂਟੀਸੈਪਟਿਕ"}}]', '["c"]', '{"en":"Antacids neutralize excess stomach acid to relieve indigestion.","pa":"ਐਂਟਾਸੀਡ ਬਦਹਜ਼ਮੀ ਤੋਂ ਛੁਟਕਾਰਾ ਪਾਉਣ ਲਈ ਪੇਟ ਦੇ ਵਾਧੂ ਐਸਿਡ ਨੂੰ ਬੇਅਸਰ ਕਰਦੇ ਹਨ।"}', 1, '0.00', NULL, 14, NULL, NULL, 2, NULL),
('882c9196-2d64-413d-9d82-86e3047c3db8', '9ecdbce8-4b2d-4a1c-95c7-6656a4868c05', 'mcq_single', '{"en":"The ozone layer of the atmosphere shields the earth''s surface from ultraviolet radiation of the Sun. Which of these is likely to increase in humans with the depletion of ozone layer?","pa":"ਵਾਯੂਮੰਡਲ ਦੀ ਓਜ਼ੋਨ ਪਰਤ ਸੂਰਜ ਤੋਂ ਆਉਣ ਵਾਲੀਆਂ ਪਰਾਵੈਂਗਣੀ ਵਿਕਿਰਨਾਂ ਤੋਂ ਧਰਤੀ ਦੀ ਸਤਹ ਨੂੰ ਬਚਾਉਂਦੀ ਹੈ। ਓਜ਼ੋਨ ਪਰਤ ਦੀ ਹਾਨੀ ਨਾਲ ਮਨੁੱਖਾਂ ਵਿੱਚ ਕਿਸਦਾ ਵਾਧਾ ਹੁੰਦਾ ਹੈ ?"}', '[{"id":"a","text":{"en":"AIDS","pa":"ਏਡਜ਼"}},{"id":"b","text":{"en":"COVID","pa":"ਕੋਵਿਡ"}},{"id":"c","text":{"en":"JAUNDICE","pa":"ਪੀਲੀਆ"}},{"id":"d","text":{"en":"SKIN CANCER","pa":"ਚਮੜੀ ਦਾ ਕੈਂਸਰ"}}]', '["d"]', '{"en":"UV radiation exposure increases the risk of skin cancer.","pa":"ਯੂਵੀ ਰੇਡੀਏਸ਼ਨ ਦੇ ਸੰਪਰਕ ਨਾਲ ਚਮੜੀ ਦੇ ਕੈਂਸਰ ਦਾ ਖ਼ਤਰਾ ਵਧ ਜਾਂਦਾ ਹੈ।"}', 1, '0.00', NULL, 19, NULL, NULL, 4, NULL),
('1f37767f-cd4c-4da8-9240-a1d26ed06997', '9ecdbce8-4b2d-4a1c-95c7-6656a4868c05', 'mcq_single', '{"en":"The table shows four different materials and their resistivity: Material 1 (1.62×10⁻⁸), Material 2 (100×10⁻⁶), Material 3 (6.84×10⁻⁸), Material 4 (44×10⁻⁶). Which material is the best conductor of electricity?","pa":"ਦਿੱਤੇ ਹੋਏ ਟੰਬਲ ਵਿੱਚ ਚਾਰ ਵੱਖ-ਵੱਖ ਪਦਾਰਥਾਂ ਦੀ ਪ੍ਰਤਿਰੋਧਕਤਾ ਦਰਸਾਈ ਗਈ ਹੈ। ਇਨ੍ਹਾਂ ਵਿੱਚੋਂ ਕਿਹੜਾ ਬਿਜਲੀ ਦਾ ਸੱਭ ਤੋਂ ਵਧਿਆ ਸੁਚਾਲਕ ਹੈ?"}', '[{"id":"a","text":{"en":"Material 1","pa":"ਪਦਾਰਥ 1"}},{"id":"b","text":{"en":"Material 2","pa":"ਪਦਾਰਥ 2"}},{"id":"c","text":{"en":"Material 3","pa":"ਪਦਾਰਥ 3"}},{"id":"d","text":{"en":"Material 4","pa":"ਪਦਾਰਥ 4"}}]', '["a"]', '{"en":"Lowest resistivity indicates the best conductor. Material 1 has the lowest value.","pa":"ਸਭ ਤੋਂ ਘੱਟ ਪ੍ਰਤੀਰੋਧਕਤਾ ਸਭ ਤੋਂ ਵਧੀਆ ਕੰਡਕਟਰ ਦਰਸਾਉਂਦੀ ਹੈ।"}', 1, '0.00', NULL, 23, NULL, NULL, 4, NULL),
('f760caf1-a8b6-4ef4-b01f-1ddb5e644a16', '9ecdbce8-4b2d-4a1c-95c7-6656a4868c05', 'mcq_single', '{"en":"What type of image is formed on the retina?","pa":"ਰੈਟਿਨਾ ਤੇ ਕਿਸ ਤਰ੍ਹਾਂ ਦਾ ਪ੍ਰਤੀਬਿੰਬ ਬਣਦਾ ਹੈ ?"}', '[{"id":"a","text":{"en":"Virtual and Inverted","pa":"ਅਭਾਸੀ ਅਤੇ ਉਲਟਾ"}},{"id":"b","text":{"en":"Real and Inverted","pa":"ਵਾਸਤਵਿਕ ਅਤੇ ਉਲਟਾ"}},{"id":"c","text":{"en":"Virtual and Erect","pa":"ਅਭਾਸੀ ਅਤੇ ਸਿੱਧਾ"}},{"id":"d","text":{"en":"Real and Erect","pa":"ਵਾਸਤਵਿਕ ਅਤੇ ਸਿੱਧਾ"}}]', '["b"]', '{"en":"The eye lens forms a real and inverted image on the retina.","pa":"ਅੱਖ ਦਾ ਲੈਂਜ਼ ਰੈਟੀਨਾ ''ਤੇ ਅਸਲੀ ਅਤੇ ਉਲਟਾ ਚਿੱਤਰ ਬਣਾਉਂਦਾ ਹੈ।"}', 1, '0.00', NULL, 24, NULL, NULL, 2, NULL),
('62a7381c-7d41-4e0a-9fc1-ca94adcb3db1', '9ecdbce8-4b2d-4a1c-95c7-6656a4868c05', 'mcq_single', '{"en":"Which of the following diseases is caused by a sexually transmissible bacterium?","pa":"ਬੈਕਟੀਰੀਆ ਕਿਸ ਰੋਗ ਦਾ ਸੰਚਾਰਨ ਲਿੰਗੀ ਕਿਰਿਆ ਦੁਆਰਾ ਕਰਦਾ ਹੈ?"}', '[{"id":"a","text":{"en":"Wart","pa":"ਵਾਰਟ"}},{"id":"b","text":{"en":"Cholera","pa":"ਹੈਜ਼ਾ"}},{"id":"c","text":{"en":"Influenza","pa":"ਇਨਫਲੂਐਨਜ਼ਾ"}},{"id":"d","text":{"en":"Gonorrhoea","pa":"ਗੋਨੇਰੀਆ"}}]', '["d"]', '{"en":"Gonorrhoea is a sexually transmitted disease caused by bacteria.","pa":"ਗੋਨੋਰੀਆ ਇੱਕ ਜਿਨਸੀ ਤੌਰ ''ਤੇ ਪ੍ਰਸਾਰਿਤ ਬਿਮਾਰੀ ਹੈ ਜੋ ਬੈਕਟੀਰੀਆ ਕਾਰਨ ਹੁੰਦੀ ਹੈ।"}', 1, '0.00', NULL, 25, NULL, NULL, 4, NULL),
('b6ec3652-6407-48ab-96d0-8acb64506d1f', '9ecdbce8-4b2d-4a1c-95c7-6656a4868c05', 'mcq_single', '{"en":"Which of these health conditions is caused by hormonal imbalance in the body?","pa":"ਹਾਰਮੋਨ ਦਾ ਅਸੰਤੁਲਿਤ ਹੋਣਾ ਸਰੀਰ ਵਿੱਚ ਕਿਸ ਤਰ੍ਹਾਂ ਦੀ ਮਾੜੀ ਸਥਿਤੀ ਨੂੰ ਦਰਸਾਉਂਦਾ ਹੈ?"}', '[{"id":"a","text":{"en":"Scurvy","pa":"ਸਕਰਵੀ"}},{"id":"b","text":{"en":"Typhoid","pa":"ਟਾਈਫਾਇਡ"}},{"id":"c","text":{"en":"Diabetes","pa":"ਸੁਗਰ ਰੋਗ"}},{"id":"d","text":{"en":"Common Cold","pa":"ਜ਼ੁਕਾਮ"}}]', '["c"]', '{"en":"Diabetes is caused by a lack of the hormone insulin.","pa":"ਸ਼ੂਗਰ ਇਨਸੁਲਿਨ ਹਾਰਮੋਨ ਦੀ ਕਮੀ ਕਾਰਨ ਹੁੰਦੀ ਹੈ।"}', 1, '0.00', NULL, 26, NULL, NULL, 4, NULL),
('0f986f3f-1415-4105-a509-55714d7d2c70', '9ecdbce8-4b2d-4a1c-95c7-6656a4868c05', 'mcq_single', '{"en":"What does the symbol  mean in an electric circuit?","pa":"ਬਿਜਲਈ ਸਰਕਟ ਵਿਚ ਸੰਕੇਤ  ਤੋਂ ਕੀ ਭਾਵ ਹੈ?"}', '[{"id":"a","text":{"en":"Switch","pa":"ਸਵਿੱਚ"},"image_url":null},{"id":"b","text":{"en":"Wire joint","pa":"ਤਾਰ ਜੋੜ"},"image_url":null},{"id":"c","text":{"en":"Electric bulb","pa":"ਬਿਜਲਈ ਬਲਬ"},"image_url":null},{"id":"d","text":{"en":"Variable resistance","pa":"ਪਰਿਵਰਤੀ ਪ੍ਰਤਿਰੋਧਕ"},"image_url":null}]', '["d"]', '{"en":"The symbol represents a variable resistance or rheostat.","pa":"ਇਹ ਚਿੰਨ੍ਹ ਪਰਿਵਰਤੀ ਪ੍ਰਤਿਰੋਧਕ ਨੂੰ ਦਰਸਾਉਂਦਾ ਹੈ।"}', 1, '0.00', 'https://res.cloudinary.com/dn9vokfx5/image/upload/v1769225807/merit-entrance/questions/ghvgrxuc01iei7ceb3fs.png', 22, NULL, NULL, 3, NULL),
('fcdab0a2-28cc-46f4-af34-156f0b544e3f', '9ecdbce8-4b2d-4a1c-95c7-6656a4868c05', 'mcq_single', '{"en":"Acid + Metal → Salt + X. What is X in the equation?","pa":"ਤੇਜ਼ਾਬ + ਧਾਤ → ਲੂਣ + X. ਸਮੀਕਰਨ ਵਿੱਚ X ਕੀ ਦਰਸਾਉਂਦੀ ਹੈ ?"}', '[{"id":"a","text":{"en":"Hydrogen","pa":"ਹਾਈਡ੍ਰੋਜਨ"}},{"id":"b","text":{"en":"Nitrogen","pa":"ਨਾਈਟਰੋਜਨ"}},{"id":"c","text":{"en":"Water","pa":"ਪਾਣੀ"}},{"id":"d","text":{"en":"Carbon dioxide","pa":"ਕਾਰਬਨ ਡਾਈਆਕਸਾਈਡ"}}]', '["a"]', '{"en":"Acids react with metals to produce salt and hydrogen gas.","pa":"ਐਸਿਡ ਲੂਣ ਅਤੇ ਹਾਈਡ੍ਰੋਜਨ ਗੈਸ ਪੈਦਾ ਕਰਨ ਲਈ ਧਾਤਾਂ ਨਾਲ ਪ੍ਰਤੀਕਿਰਿਆ ਕਰਦੇ ਹਨ।"}', 1, '0.00', NULL, 28, NULL, NULL, 3, NULL),
('d6f8d47a-205f-4676-b1a0-ad77a6e11ab0', '9ecdbce8-4b2d-4a1c-95c7-6656a4868c05', 'mcq_single', '{"en":"Surjit was advised by her teacher to wear gloves and use forceps while dipping the pH paper in the liquid. What was the reason for this advice?","pa":"ਸੁਰਜੀਤ ਦੇ ਅਧਿਆਪਕ ਨੇ ਸੁਰਜੀਤ ਨੂੰ ਦਵ ਵਿੱਚ pH ਪੇਪਰ ਡੁਬੋਣ ਤੋਂ ਪਹਿਲਾਂ ਹੱਥਾਂ ਤੇ ਦਸਤਾਨੇ ਅਤੇ ਚਿਮਟੀ (forceps) ਵਰਤਣ ਦੀ ਸਲਾਹ ਦਿੱਤੀ । ਕਿਸ ਕਾਰਣ ਅਧਿਆਪਕ ਨੇ ਇਹ ਸਲਾਹ ਦਿੱਤੀ, ਸਹੀ ਉੱਤਰ ਦੱਸੋ ?"}', '[{"id":"a","text":{"en":"Gloves keep the hands warm","pa":"ਦਸਤਾਨੇ ਹੱਥਾਂ ਨੂੰ ਗਰਮ ਰੱਖਦੇ ਹਨ।"}},{"id":"b","text":{"en":"Forceps looks beautiful","pa":"ਚਿਮਟੀ ਵਰਤਣ ਵਿੱਚ ਸੋਹਣੀ ਲੱਗਦੀ ਹੈ।"}},{"id":"c","text":{"en":"Gloves protect hands from corrosive liquids","pa":"ਦਸਤਾਨੇ ਸਕਤੀਸ਼ਾਲੀ ਦਵਾਂ ਤੋਂ ਹੱਥਾਂ ਦੀ ਰੱਖਿਆ ਕਰਦੇ ਹਨ।"}},{"id":"d","text":{"en":"No need to use while handling liquids","pa":"ਤਰਲਾਂ ਨਾਲ ਕੰਮ ਕਰਨ ਸਮੇਂ ਇਨ੍ਹਾਂ ਦੀ ਕੋਈ ਲੋੜ ਨਹੀਂ।"}}]', '["c"]', '{"en":"Safety precaution to protect skin from potentially corrosive acids or bases.","pa":"ਸੰਭਾਵੀ ਤੌਰ ''ਤੇ ਖੋਰ ਕਰਨ ਵਾਲੇ ਐਸਿਡ ਜਾਂ ਖਾਰਾਂ ਤੋਂ ਚਮੜੀ ਦੀ ਰੱਖਿਆ ਲਈ ਸੁਰੱਖਿਆ ਸਾਵਧਾਨੀ।"}', 1, '0.00', NULL, 30, NULL, NULL, 4, NULL),
('91ec50ed-79ef-4bb7-a496-a807772976cc', '9ecdbce8-4b2d-4a1c-95c7-6656a4868c05', 'mcq_single', '{"en":"Which of these is another way of representing the bonds between the atoms of a nitrogen molecules?","pa":"ਨਾਈਟਰੋਜਨ ਦੇ ਪਰਮਾਣਵੀ ਅਣੂ ਨੂੰ ਹੇਠਾਂ ਦਿੱਤੀਆਂ ਵਿੱਚੋਂ ਕਿਸ ਤਰ੍ਹਾਂ ਦਰਸਾਇਆ ਜਾ ਸਕਦਾ ਹੈ ?"}', '[{"id":"a","text":{"en":":N≡N:","pa":":N≡N:"},"image_url":null},{"id":"b","text":{"en":"N=N","pa":"N=N"},"image_url":null},{"id":"c","text":{"en":"N ≡ N","pa":"N ≡ N"},"image_url":null},{"id":"d","text":{"en":"N - N","pa":"N - N"},"image_url":null}]', '["c"]', '{"en":"Nitrogen molecules have a triple bond (N ≡ N).","pa":"ਨਾਈਟ੍ਰੋਜਨ ਦੇ ਅਣੂਆਂ ਵਿੱਚ ਤੀਹਰਾ ਬੰਧਨ (N ≡ N) ਹੁੰਦਾ ਹੈ।"}', 1, '0.00', NULL, 27, NULL, NULL, 3, NULL),
('15369a65-a0d8-43bd-bfd9-9366715ba0b0', 'c0404bb0-36ee-4d79-ac9a-f1bdb8f7cc4b', 'mcq_single', '{"en":"On April 12, 1857 a new movement was established. It was the day of Baisakhi. It was named as Naamdhari movement. Who founded this movement?","pa":"12 ਅਪ੍ਰੈਲ, 1857 ਨੂੰ ਇੱਕ ਨਵੀਂ ਲਹਿਰ ਦੀ ਸਥਾਪਨਾ ਹੋਈ। ਇਹ ਵਿਸਾਖੀ ਦਾ ਦਿਨ ਸੀ। ਇਸਨੂੰ ਨਾਮਧਾਰੀ ਲਹਿਰ ਦਾ ਨਾਮ ਦਿੱਤਾ ਗਿਆ। [cite<sub>s</sub>tart]ਇਸ ਲਹਿਰ ਦੀ ਸਥਾਪਨਾ ਕਿਸਨੇ ਕੀਤੀ ? [cite: 1472, 1480][cite<sub>s</sub>tart]"}', '[{"id":"a","text":{"en":"Sohan Singh Bhakna","pa":"ਸੋਹਣ ਸਿੰਘ ਭਕਨਾ"}},{"id":"b","text":{"en":"Satguru Ram Singh","pa":"ਸਤਿਗੁਰੂ ਰਾਮ ਸਿੰਘ"}},{"id":"c","text":{"en":"Guru Gobind Singh Ji","pa":"ਗੁਰੂ ਗੋਬਿੰਦ ਸਿੰਘ ਜੀ"}},{"id":"d","text":{"en":"Kartar Singh Sarabha","pa":"ਕਰਤਾਰ ਸਿੰਘ ਸਰਾਭਾ"}}]', '["b"]', '{"en":"Satguru Ram Singh founded the Namdhari movement on Baisakhi, 1857. [cite: 1476]","pa":"ਸਤਿਗੁਰੂ ਰਾਮ ਸਿੰਘ ਜੀ ਨੇ 1857 ਦੀ ਵਿਸਾਖੀ ਵਾਲੇ ਦਿਨ ਨਾਮਧਾਰੀ ਲਹਿਰ ਦੀ ਸਥਾਪਨਾ ਕੀਤੀ ਸੀ।"}', 1, '0.00', NULL, 7, NULL, NULL, 2, NULL),
('0bfeb8f8-b3f2-4798-b12e-5cdde71bca53', 'c0404bb0-36ee-4d79-ac9a-f1bdb8f7cc4b', 'mcq_single', '{"en":"On Nov. 22, 1848 A.D. where was the battle fought between the Britishers and the Sikhs?","pa":"22 ਨਵੰਬਰ, 1848 ਈ. [cite<sub>s</sub>tart]ਨੂੰ ਅੰਗਰੇਜ਼ਾਂ ਅਤੇ ਸਿੱਖਾਂ ਵਿਚਕਾਰ ਲੜਾਈ ਕਿੱਥੇ ਲੜੀ ਗਈ ਸੀ ? [cite: 1487, 1492][cite<sub>s</sub>tart]"}', '[{"id":"a","text":{"en":"Ramnagar","pa":"ਰਾਮਨਗਰ"}},{"id":"b","text":{"en":"Chillianwala","pa":"ਚਿੱਲੀਆਂਵਾਲਾ"}},{"id":"c","text":{"en":"Gujarat","pa":"ਗੁਜਰਾਤ"}},{"id":"d","text":{"en":"Multan","pa":"ਮੁਲਤਾਨ"}}]', '["a"]', '{"en":"The Battle of Ramnagar was fought on November 22, 1848. [cite: 1490]","pa":"ਰਾਮਨਗਰ ਦੀ ਲੜਾਈ 22 ਨਵੰਬਰ 1848 ਨੂੰ ਹੋਈ ਸੀ।"}', 1, '0.00', NULL, 8, NULL, NULL, 3, NULL),
('986f60eb-1653-4eb3-8ffb-276999863440', '896e7dd4-de53-4806-97e4-71af218ffd0f', 'mcq_single', '{"en":"Most appropriate title?","pa":"Most appropriate title?"}', '[{"id":"a","text":{"en":"Social Media: A Menace","pa":"Social Media: A Menace"},"image_url":null},{"id":"b","text":{"en":"The Benefits of Social Media","pa":"The Benefits of Social Media"},"image_url":null},{"id":"c","text":{"en":"Social Media: A Double-Edged Sword","pa":"Social Media: A Double-Edged Sword"},"image_url":null},{"id":"d","text":{"en":"The Dark Side of Social Media","pa":"The Dark Side of Social Media"},"image_url":null}]', '["c"]', '{"en":"Discusses both pros and cons.","pa":"Discusses both pros and cons."}', 1, '0.00', NULL, 22, '0a1aff0d-245b-49f1-b0d5-8838399226b0', NULL, 4, NULL),
('1ecedb20-3be8-4317-a94c-9008b6d42dcb', 'c0404bb0-36ee-4d79-ac9a-f1bdb8f7cc4b', 'mcq_single', '{"en":"Who was the founder of Sukarchakia Misl?","pa":"ਸ਼ੁਕਰਚੱਕੀਆ ਮਿਸਲ ਦਾ ਸੰਸਥਾਪਕ ਕੌਣ ਸੀ ? [cite: 1494, 1506][cite<sub>s</sub>tart]"}', '[{"id":"a","text":{"en":"Ranjit Singh","pa":"ਰਣਜੀਤ ਸਿੰਘ"}},{"id":"b","text":{"en":"Charat Singh","pa":"ਚੜਤ ਸਿੰਘ"}},{"id":"c","text":{"en":"Mahan Singh","pa":"ਮਹਾਂ ਸਿੰਘ"}},{"id":"d","text":{"en":"Gulab Singh","pa":"ਗੁਲਾਬ ਸਿੰਘ"}}]', '["b"]', '{"en":"Charat Singh was the founder of the Sukerchakia Misl. [cite: 1501]","pa":"ਚੜਤ ਸਿੰਘ ਸ਼ੁੱਕਰਚੱਕੀਆ ਮਿਸਲ ਦਾ ਮੋਢੀ ਸੀ।"}', 1, '0.00', NULL, 9, NULL, NULL, 3, NULL),
('b8dbb946-2c3c-4e57-81fc-5f7c90b92642', '150bbc38-362e-46ef-a965-8ee8349c3bfa', 'mcq_single', '{"en":"1.12.1991 is the first Sunday of month. Which is the 4th Tuesday of December 1991?","pa":"ਜੇਕਰ ਮਹੀਨੇ ਦਾ ਪਹਿਲਾ ਐਤਵਾਰ 1.12.1991 ਨੂੰ ਆਉਂਦਾ ਹੈ, ਤਾਂ ਦਸੰਬਰ 1991 ਵਿੱਚ ਚੌਥਾ ਮੰਗਲਵਾਰ ਕਿਸ ਤਾਰੀਕ ਨੂੰ ਆਵੇਗਾ?"}', '[{"id":"a","text":{"en":"17.12.1991","pa":"17.12.1991"}},{"id":"b","text":{"en":"24.12.1991","pa":"24.12.1991"}},{"id":"c","text":{"en":"26.12.1991","pa":"26.12.1991"}},{"id":"d","text":{"en":"31.12.1991","pa":"31.12.1991"}}]', '["b"]', '{"en":"1st Dec = Sun. 3rd Dec = 1st Tuesday. 4th Tuesday = 3 + 21 = 24th Dec.","pa":"1 ਦਸੰਬਰ = ਐਤਵਾਰ। 3 ਦਸੰਬਰ = ਪਹਿਲਾ ਮੰਗਲਵਾਰ। ਚੌਥਾ ਮੰਗਲਵਾਰ = 3 + 21 = 24 ਦਸੰਬਰ।"}', 1, '0.00', NULL, 30, NULL, NULL, 2, NULL),
('71f5831f-b062-4768-96a0-77e1721446bf', '150bbc38-362e-46ef-a965-8ee8349c3bfa', 'mcq_single', '{"en":"In a certain language ''A'' is coded as ''1'', ''B'' is coded as ''2'' and so on. How is ''CORONA'' coded?","pa":"ਇੱਕ ਖਾਸ ਭਾਸ਼ਾ ਵਿੱਚ ''A'' ਨੂੰ ''1'', ''B'' ਨੂੰ ''2'' ਕੋਡ ਕੀਤਾ ਗਿਆ ਹੈ, ''CORONA'' ਨੂੰ ਕਿਵੇਂ ਕੋਡ ਕੀਤਾ ਜਾਵੇਗਾ?"}', '[{"id":"a","text":{"en":"3151185141","pa":"3151185141"}},{"id":"b","text":{"en":"3151815141","pa":"3151815141"}},{"id":"c","text":{"en":"4115185131","pa":"4115185131"}},{"id":"d","text":{"en":"3151418181","pa":"3151418181"}}]', '["b"]', '{"en":"Direct number coding: C(3) O(15) R(18) O(15) N(14) A(1).","pa":"ਸਿੱਧਾ ਨੰਬਰ ਕੋਡਿੰਗ: C(3) O(15) R(18) O(15) N(14) A(1)."}', 1, '0.00', NULL, 31, NULL, NULL, 4, NULL),
('5bc133fe-41d2-4264-a821-2521c6afca72', '9ecdbce8-4b2d-4a1c-95c7-6656a4868c05', 'mcq_single', '{"en":"Three resistors are connected in parallel combination in the circuit as shown. What is equivalent resistance of the circuit?","pa":"ਸਰਕਟ ਵਿੱਚ ਤਿੰਨ ਪ੍ਰਤਿਰੋਧਾਂ ਨੂੰ ਸਮਾਨਾਂਤਰ ਬੱਧ ਵਿੱਚ ਜੋੜਿਆ ਗਿਆ ਹੈ (ਜਿਵੇਂ ਕਿ ਦਿਖਾਇਆ ਹੈ)। ਸਰਕਟ ਦਾ ਤੁੱਲ ਪ੍ਰਤੀਰੋਧ ਕੀ ਹੋਵੇਗਾ?"}', '[{"id":"a","text":{"en":"Less than 1 Ω","pa":"1 Ω ਤੋਂ ਘੱਟ"},"image_url":null},{"id":"b","text":{"en":"1 Ω","pa":"1 Ω"},"image_url":null},{"id":"c","text":{"en":"2 Ω","pa":"2 Ω"},"image_url":null},{"id":"d","text":{"en":"More than 2 Ω","pa":"2 Ω ਤੋਂ ਵੱਧ"},"image_url":null}]', '["a"]', '{"en":"In a parallel circuit, the equivalent resistance is always less than the smallest individual resistance. Assuming standard question pattern.","pa":"ਸਮਾਨਾਂਤਰ ਸਰਕਟ ਵਿੱਚ, ਤੁੱਲ ਪ੍ਰਤੀਰੋਧ ਹਮੇਸ਼ਾ ਸਭ ਤੋਂ ਛੋਟੇ ਵਿਅਕਤੀਗਤ ਪ੍ਰਤੀਰੋਧ ਤੋਂ ਘੱਟ ਹੁੰਦਾ ਹੈ।"}', 1, '0.00', 'https://res.cloudinary.com/dn9vokfx5/image/upload/v1769225684/merit-entrance/questions/skkr8uqgrdkono8lg6ba.png', 21, NULL, NULL, 2, NULL),
('df27405c-f29d-4247-aa1e-2163149a62a2', '9ecdbce8-4b2d-4a1c-95c7-6656a4868c05', 'mcq_single', '{"en":"Methane gas released from waste treatment plants can be used as a source of fuel. Which chemical equation represents combustion of methane to produce heat energy?","pa":"ਵਿਅਰਥ ਉਪਚਾਰ ਪਲਾਂਟ ਵਿੱਚੋਂ ਪੈਦਾ ਹੋਈ ਮੀਥੇਨ ਬਾਲਣ ਦੇ ਰੂਪ ਵਿੱਚ ਵਰਤੀ ਜਾਂਦੀ ਹੈ। ਹੇਠ ਲਿਖੀਆਂ ਵਿੱਚੋਂ ਕਿਹੜੀ ਰਸਾਇਣਿਕ ਸਮੀਕਰਨ ਮੀਥੇਨ ਦੀ ਜਲਣਸ਼ੀਲਤਾ ਨੂੰ ਦਰਸਾਉਂਦੀ ਹੈ?"}', '[{"id":"a","text":{"en":"CH₄ + CO₂ → 2O₂ + 2H₂O","pa":"CH₄ + CO₂ → 2O₂ + 2H₂O"},"image_url":null},{"id":"b","text":{"en":"CH₄ + 2O₂ → CO₂ + 2H₂O","pa":"CH₄ + 2O₂ → CO₂ + 2H₂O"},"image_url":null},{"id":"c","text":{"en":"2O₂ + 2H₂O → CO₂ + CH₄","pa":"2O₂ + 2H₂O → CO₂ + CH₄"},"image_url":null},{"id":"d","text":{"en":"CO₂ + 2O₂ → CH₄ + 2H₂O","pa":"CO₂ + 2O₂ → CH₄ + 2H₂O"},"image_url":null}]', '["b"]', '{"en":"Combustion of methane: CH₄ + 2O₂ → CO₂ + 2H₂O + Heat.CH₄ is methane chemical formula.","pa":"ਮੀਥੇਨ ਦਾ ਬਲਣਾ: CH₄ + 2O₂ → CO₂ + 2H₂O + ਤਾਪ।CH₄ ਮੀਥੇਨ ਦਾ ਰਸਾਇਣਿਕ ਢਾਂਚਾ ਹੈ।"}', 1, '0.00', NULL, 31, NULL, NULL, 3, NULL),
('7987aad9-3ecf-483a-af39-5ceb722050f4', 'f4d9390b-b4a5-4387-b1d8-5a033627b550', 'mcq_single', '{"en":"If E is any event, then:","pa":"ਜੇਕਰ E ਕੋਈ ਘਟਨਾ ਹੈ ਤਾਂ :"}', '[{"id":"a","text":{"en":"P(E) + P(not E) = 1","pa":"P(E) + P(not E) = 1"}},{"id":"b","text":{"en":"P(E) - P(not E) = 0","pa":"P(E) - P(not E) = 0"}},{"id":"c","text":{"en":"P(E) + P(not E) < 1","pa":"P(E) + P(not E) < 1"}},{"id":"d","text":{"en":"P(E) + P(not E) > 1","pa":"P(E) + P(not E) > 1"}}]', '["a"]', '{"en":"The sum of probabilities of an event happening and not happening is always 1.","pa":"ਕਿਸੇ ਘਟਨਾ ਦੇ ਵਾਪਰਨ ਅਤੇ ਨਾ ਵਾਪਰਨ ਦੀ ਸੰਭਾਵਨਾ ਦਾ ਜੋੜ ਹਮੇਸ਼ਾ 1 ਹੁੰਦਾ ਹੈ।"}', 1, '0.00', NULL, 8, NULL, NULL, 4, NULL),
('46308288-7c6c-448d-82d1-8601a7aeda4f', 'f4d9390b-b4a5-4387-b1d8-5a033627b550', 'mcq_single', '{"en":"If the radius of a wire is decreased to one-third and its volume remains the same, then the new length of the wire increases by:","pa":"ਜੇਕਰ ਇੱਕ ਤਾਰ ਦਾ ਅਰਧਵਿਆਸ ਇੱਕ ਤਿਹਾਈ ਤੱਕ ਘਟਾਇਆ ਹੈ ਅਤੇ ਉਸਦਾ ਆਇਤਨ ਬਰਾਬਰ ਰਿਹੰਦਾ ਹੈ ਤਾਂ ਤਾਰ ਦੀ ਨਵੀਂ ਲੰਬਾਈ ਵਧਦੀ ਹੈ :"}', '[{"id":"a","text":{"en":"1 time","pa":"1 ਗੁਣਾ"}},{"id":"b","text":{"en":"3 times","pa":"3 ਗੁਣਾ"}},{"id":"c","text":{"en":"6 times","pa":"6 ਗੁਣਾ"}},{"id":"d","text":{"en":"9 times","pa":"9 ਗੁਣਾ"}}]', '["d"]', '{"en":"Volume V = πr²h. New radius r'' = r/3. V'' = π(r/3)²h'' = π(r²/9)h''. Since V=V'', h = h''/9 => h'' = 9h. Length becomes 9 times.","pa":"ਆਇਤਨ V = πr²h. ਨਵਾਂ ਅਰਧਵਿਆਸ r'' = r/3. V'' = π(r/3)²h'' = π(r²/9)h''. ਕਿਉਂਕਿ V=V'', h = h''/9 => h'' = 9h. ਲੰਬਾਈ 9 ਗੁਣਾ ਹੋ ਜਾਵੇਗੀ।"}', 1, '0.00', NULL, 3, NULL, NULL, 4, NULL),
('bd21a6f7-0245-47c4-81d7-78a72500e043', 'f4d9390b-b4a5-4387-b1d8-5a033627b550', 'mcq_single', '{"en":"If the area of the sector is one-fourth of the area of whole circle, then the angle subtended at the centre is:","pa":"ਜੇਕਰ ਇੱਕ ਅਰਧਵਿਆਸੀ ਖੰਡ ਦਾ ਖੇਤਰਫਲ ਪੂਰੇ ਚੱਕਰ ਦੇ ਖੇਤਰਫਲ ਦਾ ਇੱਕ ਚੁਥਾਈ ਹੈ ਤਾਂ ਚੱਕਰ ਦੇ ਕੇਂਦਰ ਤੇ ਬਣਿਆ ਕੋਣ ਬਰਾਬਰ ਹੈ :"}', '[{"id":"a","text":{"en":"30°","pa":"30°"}},{"id":"b","text":{"en":"50°","pa":"50°"}},{"id":"c","text":{"en":"45°","pa":"45°"}},{"id":"d","text":{"en":"90°","pa":"90°"}}]', '["d"]', '{"en":"Area of sector = (θ/360) * πr². Given Area = (1/4) * πr². So, θ/360 = 1/4 => θ = 90°.","pa":"ਖੰਡ ਦਾ ਖੇਤਰਫਲ = (θ/360) * πr². ਦਿੱਤਾ ਗਿਆ ਖੇਤਰਫਲ = (1/4) * πr². ਇਸਲਈ, θ/360 = 1/4 => θ = 90°."}', 1, '0.00', NULL, 4, NULL, NULL, 4, NULL),
('7f414f6a-4b0e-478f-b65d-6e207abb6657', 'f4d9390b-b4a5-4387-b1d8-5a033627b550', 'mcq_single', '{"en":"If radius and height of a right circular cone are equal to r, then curved surface area is:","pa":"ਜੇਕਰ ਇੱਕ ਸ਼ੰਕੂ ਦਾ ਅਰਧਵਿਆਸ ਅਤੇ ਉਚਾਈ r ਦੇ ਬਰਾਬਰ ਹੈ, ਤਾਂ ਉਸਦੀ ਸਤ੍ਹਾ ਦਾ ਖੇਤਰਫਲ ਹੈ :"}', '[{"id":"a","text":{"en":"2πr²","pa":"2πr²"}},{"id":"b","text":{"en":"√2πr²","pa":"√2πr²"}},{"id":"c","text":{"en":"πr²","pa":"πr²"}},{"id":"d","text":{"en":"None of these","pa":"ਇਹਨਾਂ ਵਿੱਚੋਂ ਕੋਈ ਨਹੀਂ"}}]', '["b"]', '{"en":"Slant height l = √(r² + h²) = √(r² + r²) = r√2. CSA = πrl = πr(r√2) = √2πr².","pa":"ਤਿਰਛੀ ਉਚਾਈ l = √(r² + h²) = √(r² + r²) = r√2. CSA = πrl = πr(r√2) = √2πr²."}', 1, '0.00', NULL, 5, NULL, NULL, 3, NULL),
('a52ab4a5-eaa8-4b97-8b78-490d4e6eb31d', 'f23ff4cf-45a8-487d-b8c3-8f2db321e8a8', 'mcq_single', '{"en":"निम्नलिखित में से ''बादल'' शब्द का सही पर्यायवाची विकल्प चुनिए","pa":"निम्नलिखित में से ''बादल'' शब्द का सही पर्यायवाची विकल्प चुनिए"}', '[{"id":"a","text":{"en":"","pa":"जलज"}},{"id":"b","text":{"en":"","pa":"जलद"}},{"id":"c","text":{"en":"","pa":"जलधि"}},{"id":"d","text":{"en":"","pa":"नीरज"}}]', '["b"]', '{"en":"Jalad (Cloud).","pa":"ਜਲਦ (ਬੱਦਲ)। ਜਲਜ (ਕਮਲ), ਜਲਧੀ (ਸਮੁੰਦਰ)।"}', 1, '0.00', NULL, 3, NULL, NULL, 2, NULL),
('3b3f0f44-032f-4e42-af01-a18ae9bfd5ec', 'f4d9390b-b4a5-4387-b1d8-5a033627b550', 'mcq_single', '{"en":"If a solid is made by a right circular cylinder surmounted by a right circular cone with same dimensions, then ratio of volume of whole solid and the volume of cone is:","pa":"ਜੇਕਰ ਇੱਕ ਬੇਲਨ ਦੇ ਉੱਤੇ ਇੱਕ ਸ਼ੰਕੂ ਰਖ ਕੇ ਠੋਸ ਬਣਾਇਆ ਹੈ ਜਿਸ ਵਿੱਚ ਬੇਲਨ ਅਤੇ ਸ਼ੰਕੂ ਦੀਆਂ ਵਿਮਾਵਾਂ ਬਰਾਬਰ ਹਨ ਤਾਂ ਠੋਸ ਅਤੇ ਸ਼ੰਕੂ ਦੇ ਆਇਤਨ ਦਾ ਅਨੁਪਾਤ ਹੈ :"}', '[{"id":"a","text":{"en":"4:1","pa":"4:1"}},{"id":"b","text":{"en":"4:3","pa":"4:3"}},{"id":"c","text":{"en":"2:3","pa":"2:3"}},{"id":"d","text":{"en":"1:3","pa":"1:3"}}]', '["a"]', '{"en":"Volume Cylinder = πr²h. Volume Cone = (1/3)πr²h. Total Vol = (4/3)πr²h. Ratio Total:Cone = (4/3) : (1/3) = 4:1.","pa":"ਬੇਲਨ ਦਾ ਆਇਤਨ = πr²h. ਸ਼ੰਕੂ ਦਾ ਆਇਤਨ = (1/3)πr²h. ਕੁੱਲ ਆਇਤਨ = (4/3)πr²h. ਅਨੁਪਾਤ ਕੁੱਲ:ਸ਼ੰਕੂ = (4/3) : (1/3) = 4:1."}', 1, '0.00', NULL, 6, NULL, NULL, 4, NULL),
('0e33f5ea-51c1-482d-bff8-e4bd017b431c', 'f4d9390b-b4a5-4387-b1d8-5a033627b550', 'mcq_single', '{"en":"Point of intersection of the lines y=5x and 5y=x is:","pa":"ਰੇਖਾਵਾਂ y=5x ਅਤੇ 5y=x ਦਾ ਕਾਟ ਬਿੰਦੂ ਹੈ :"}', '[{"id":"a","text":{"en":"(5,5)","pa":"(5,5)"}},{"id":"b","text":{"en":"(0,5)","pa":"(0,5)"}},{"id":"c","text":{"en":"(5,0)","pa":"(5,0)"}},{"id":"d","text":{"en":"(0,0)","pa":"(0,0)"}}]', '["d"]', '{"en":"Substitute y=5x into 5y=x => 5(5x)=x => 25x=x => 24x=0 => x=0. Then y=0.","pa":"y=5x ਨੂੰ 5y=x ਵਿੱਚ ਭਰਨ ਤੇ => 5(5x)=x => 25x=x => 24x=0 => x=0. ਫਿਰ y=0."}', 1, '0.00', NULL, 10, NULL, NULL, 2, NULL),
('428cf00f-77b2-4bb7-8fe3-77e54d18a0dc', 'f4d9390b-b4a5-4387-b1d8-5a033627b550', 'mcq_single', '{"en":"A cyclic square of side x units is drawn in a circle, then radius of the circle is:","pa":"ਇੱਕ ਚੱਕਰੀ ਵਰਗ ਦੀਆਂ ਭੁਜਾਵਾਂ ਦੀ ਲੰਬਾਈ x ਇਕਾਈ ਹੈ ਜਿਹੜਾ ਇੱਕ ਚੱਕਰ ਵਿਚਕਾਰ ਬਣਾਇਆ ਗਿਆ ਹੈ, ਤਾਂ ਚੱਕਰ ਦਾ ਅਰਧਵਿਆਸ ਹੈ ।"}', '[{"id":"a","text":{"en":"2x units","pa":"2x ਇਕਾਈ"}},{"id":"b","text":{"en":"x/2 units","pa":"x/2 ਇਕਾਈ"}},{"id":"c","text":{"en":"x/√2 units","pa":"x/√2 ਇਕਾਈ"}},{"id":"d","text":{"en":"√2x units","pa":"√2x ਇਕਾਈ"}}]', '["c"]', '{"en":"Diagonal of square = diameter of circle. Diagonal = x√2. Radius = Diameter/2 = x√2 / 2 = x/√2.","pa":"ਵਰਗ ਦਾ ਵਿਕਰਣ = ਚੱਕਰ ਦਾ ਵਿਆਸ। ਵਿਕਰਣ = x√2. ਅਰਧਵਿਆਸ = ਵਿਆਸ/2 = x√2 / 2 = x/√2."}', 1, '0.00', NULL, 11, NULL, NULL, 3, NULL),
('566628a6-23e3-4bdc-8049-adab3aeeb1a7', 'f4d9390b-b4a5-4387-b1d8-5a033627b550', 'mcq_single', '{"en":"If P(E) is the probability of happening of any event, then:","pa":"ਜੇਕਰ P(E) ਕਿਸੀ ਘਟਨਾ ਦੇ ਹੋਣ ਦੀ ਸੰਭਾਵਨਾ ਹੈ ਤਾਂ :"}', '[{"id":"a","text":{"en":"0 < P(not E) < 1","pa":"0 < P(not E) < 1"}},{"id":"b","text":{"en":"0 ≤ P(not E) ≤ 1","pa":"0 ≤ P(not E) ≤ 1"}},{"id":"c","text":{"en":"P(not E) ≥ 1","pa":"P(not E) ≥ 1"}},{"id":"d","text":{"en":"None of these","pa":"ਇਹਨਾ ਵਿੱਚੋਂ ਕੋਈ ਨਹੀਂ"}}]', '["b"]', '{"en":"Probability of any event (including ''not E'') always lies between 0 and 1 inclusive.","pa":"ਕਿਸੇ ਵੀ ਘਟਨਾ ਦੀ ਸੰਭਾਵਨਾ (ਜਿਸ ਵਿੱਚ ''not E'' ਸ਼ਾਮਲ ਹੈ) ਹਮੇਸ਼ਾ 0 ਅਤੇ 1 ਦੇ ਵਿਚਕਾਰ ਹੁੰਦੀ ਹੈ।"}', 1, '0.00', NULL, 12, NULL, NULL, 3, NULL),
('814deb94-fda5-406c-8699-4d33f2c8551c', 'f4d9390b-b4a5-4387-b1d8-5a033627b550', 'mcq_single', '{"en":"If ab is the difference between the mean and median of the numbers 2, 3, 4, 7, 104 and a = 19/3 then b is:","pa":"ਜੇਕਰ ab ਸੰਖਿਆਵਾਂ 2, 3, 4, 7, 104 ਦੇ ਮਧਮਾਨ ਅਤੇ ਮਧਿਕਾ ਵਿਚਕਾਰ ਫ਼ਰਕ ਹੈ ਅਤੇ a = 19/3 ਹੈ ਤਾਂ b ਬਰਾਬਰ ਹੈ ।"}', '[{"id":"a","text":{"en":"72/19","pa":"72/19"}},{"id":"b","text":{"en":"63/19","pa":"63/19"}},{"id":"c","text":{"en":"60/19","pa":"60/19"}},{"id":"d","text":{"en":"70/19","pa":"70/19"}}]', '["c"]', '{"en":"Mean = 120/5 = 24. Median = 4. Diff = 20. So a*b = 20. Given a=19/3, b = 20 / (19/3) = 60/19.","pa":"ਮਧਮਾਨ = 120/5 = 24. ਮਧਿਕਾ = 4. ਫ਼ਰਕ = 20. ਇਸ ਲਈ a*b = 20. ਦਿੱਤਾ ਹੈ a=19/3, b = 20 / (19/3) = 60/19."}', 1, '0.00', NULL, 13, NULL, NULL, 3, NULL),
('53ef5991-c5ee-410e-8e0c-a2a246d4ca86', 'f4d9390b-b4a5-4387-b1d8-5a033627b550', 'mcq_single', '{"en":"If the length of the shadow is equal to the length of the tree, then angle of elevation of the sun is:","pa":"ਜੇਕਰ ਇੱਕ ਰੁੱਖ ਦੇ ਪਰਛਾਵੇਂ ਦੀ ਲੰਬਾਈ ਰੁੱਖ ਦੀ ਲੰਬਾਈ ਦੇ ਬਰਾਬਰ ਹੈ ਤਾਂ ਸੂਰਜ ਦਾ ਉਚਾਣ ਕੋਣ ਹੈ ।"}', '[{"id":"a","text":{"en":"90°","pa":"90°"}},{"id":"b","text":{"en":"60°","pa":"60°"}},{"id":"c","text":{"en":"45°","pa":"45°"}},{"id":"d","text":{"en":"30°","pa":"30°"}}]', '["c"]', '{"en":"tan(θ) = Height/Shadow = 1. Therefore θ = 45°.","pa":"tan(θ) = ਉਚਾਈ/ਪਰਛਾਵਾਂ = 1. ਇਸਲਈ θ = 45°."}', 1, '0.00', NULL, 16, NULL, NULL, 4, NULL),
('d4e486ef-e8d7-4e41-bbda-e53de4b74966', 'f4d9390b-b4a5-4387-b1d8-5a033627b550', 'mcq_single', '{"en":"If the radius and height of a right circular cone and a right circular cylinder are equal respectively, then the ratio of their volume is:","pa":"ਜੇਕਰ ਇੱਕ ਸ਼ੰਕੂ ਅਤੇ ਇੱਕ ਬੇਲਨ ਦਾ ਅਰਧਵਿਆਸ ਅਤੇ ਉਚਾਈ ਬਰਾਬਰ ਹੈ ਤਾਂ ਉਹਨਾ ਦੇ ਆਇਤਨ ਦਾ ਅਨੁਪਾਤ ਹੈ :"}', '[{"id":"a","text":{"en":"1:2","pa":"1:2"}},{"id":"b","text":{"en":"1:3","pa":"1:3"}},{"id":"c","text":{"en":"4:3","pa":"4:3"}},{"id":"d","text":{"en":"2:3","pa":"2:3"}}]', '["b"]', '{"en":"Vol Cone : Vol Cylinder = (1/3)πr²h : πr²h = 1:3.","pa":"ਸ਼ੰਕੂ ਦਾ ਆਇਤਨ : ਬੇਲਨ ਦਾ ਆਇਤਨ = (1/3)πr²h : πr²h = 1:3."}', 1, '0.00', NULL, 15, NULL, NULL, 3, NULL),
('33bfec90-1307-4672-8228-b0de7bb1c96a', 'f4d9390b-b4a5-4387-b1d8-5a033627b550', 'mcq_single', '{"en":"In an arithmetic progression, which of the following is true?","pa":"ਇੱਕ ਅੰਕ ਗਣਿਤਕ ਲੜੀ ਵਿੱਚ ਹੇਠ ਲਿਖੇ ਵਿੱਚੋਂ ਕਿਹੜਾ ਸਹੀ ਹੈ ?"}', '[{"id":"a","text":{"en":"aₙ = a + (n+1)d","pa":"aₙ = a + (n+1)d"}},{"id":"b","text":{"en":"aₙ = Sₙ - S₍ₙ₋₁₎","pa":"aₙ = Sₙ - S₍ₙ₋₁₎"}},{"id":"c","text":{"en":"aₙ = S₍ₙ₊₁₎ - Sₙ","pa":"aₙ = S₍ₙ₊₁₎ - Sₙ"}},{"id":"d","text":{"en":"aₙ = a - (n-1)d","pa":"aₙ = a - (n-1)d"}}]', '["b"]', '{"en":"The nth term (aₙ) is the difference between the sum of n terms (Sₙ) and the sum of n-1 terms (Sₙ₋₁). So aₙ = Sₙ - Sₙ₋₁","pa":"nਵਾਂ ਪਦ (aₙ) n ਪਦਾਂ ਦੇ ਜੋੜ (Sₙ) ਅਤੇ n-1 ਪਦਾਂ ਦੇ ਜੋੜ (Sₙ₋₁) ਵਿਚਕਾਰ ਫਰਕ ਹੈ। ਇਸ ਲਈ aₙ = Sₙ - Sₙ₋₁"}', 1, '0.00', NULL, 23, NULL, NULL, 2, NULL),
('c32b205c-13e5-40e5-9409-2e53090011bb', 'f4d9390b-b4a5-4387-b1d8-5a033627b550', 'mcq_single', '{"en":"If the roots of cx² + bx + c = 0 are real, then:","pa":"ਜੇਕਰ cx² + bx + c = 0 ਦੇ ਮੂਲ ਵਾਸਤਵਿਕ ਹਨ ਤਾਂ :"}', '[{"id":"a","text":{"en":"(b-2c)(b+2c) ≥ 0","pa":"(b-2c)(b+2c) ≥ 0"}},{"id":"b","text":{"en":"(b-2c)(b+2c) < 0","pa":"(b-2c)(b+2c) < 0"}},{"id":"c","text":{"en":"b² + 4c² ≥ 0","pa":"b² + 4c² ≥ 0"}},{"id":"d","text":{"en":"4b² - c² < 0","pa":"4b² - c² < 0"}}]', '["a"]', '{"en":"For real roots, Discriminant D ≥ 0. D = b² - 4(c)(c) = b² - 4c². So b² - 4c² ≥ 0 => (b-2c)(b+2c) ≥ 0.","pa":"ਵਾਸਤਵਿਕ ਮੂਲਾਂ ਲਈ, D ≥ 0. D = b² - 4c². ਇਸ ਲਈ b² - 4c² ≥ 0 => (b-2c)(b+2c) ≥ 0."}', 1, '0.00', NULL, 24, NULL, NULL, 2, NULL),
('237100a9-2cfc-456e-80dc-9c111ac8b8d3', 'f4d9390b-b4a5-4387-b1d8-5a033627b550', 'mcq_single', '{"en":"Which of the following is the smallest positive integer that can be expressed as the sum of cubes of two natural numbers in two different ways?","pa":"ਹੇਠ ਲਿਖੇ ਵਿਚੋਂ ਕਿਹੜਾ ਸਭਤੋਂ ਛੋਟੀ ਧਨਾਤਮਕ ਸੰਪੂਰਨ ਸੰਖਿਆ ਹੈ ਜਿਸਨੂੰ ਦੋ ਵਖਰੇ ਤਰੀਕਿਆਂ ਨਾਲ ਦੋ ਪ੍ਰਾਕਰਤਿਕ ਸੰਖਿਆਂਵਾਂ ਦੇ ਘਣ ਦੇ ਜੋੜ ਦੇ ਤੌਰ ਤੇ ਦਰਸ਼ਾਇਆ ਜਾ ਸਕਦਾ ਹੈ ?"}', '[{"id":"a","text":{"en":"1726","pa":"1726"}},{"id":"b","text":{"en":"1727","pa":"1727"}},{"id":"c","text":{"en":"1728","pa":"1728"}},{"id":"d","text":{"en":"1729","pa":"1729"}}]', '["d"]', '{"en":"1729 is the Hardy-Ramanujan number. 1729 = 1³ + 12³ = 9³ + 10³.","pa":"1729 ਹਾਰਡੀ-ਰਾਮਾਨੁਜਨ ਨੰਬਰ ਹੈ। 1729 = 1³ + 12³ = 9³ + 10³."}', 1, '0.00', NULL, 26, NULL, NULL, 2, NULL),
('2531ab74-63a2-4c39-a943-e5f958de85ca', 'f4d9390b-b4a5-4387-b1d8-5a033627b550', 'mcq_single', '{"en":"If radius of a sphere and length of the edge of the cube are same, then the ratio of their volumes is:","pa":"ਜੇਕਰ ਇੱਕ ਗੋਲੇ ਦਾ ਅਰਧਵਿਆਸ ਅਤੇ ਇੱਕ ਘੰਣ ਦੇ ਕਿਨਾਰੇ ਦੀ ਲੰਬਾਈ ਬਰਾਬਰ ਹੈ ਤਾਂ ਉਹਨਾ ਦੇ ਆਇਤਨ ਦਾ ਅਨੁਪਾਤ ਹੈ :"}', '[{"id":"a","text":{"en":"4:3","pa":"4:3"}},{"id":"b","text":{"en":"88:21:00","pa":"88:21:00"}},{"id":"c","text":{"en":"44:21:00","pa":"44:21:00"}},{"id":"d","text":{"en":"15:4","pa":"15:4"}}]', '["b"]', '{"en":"Vol Sphere : Vol Cube = (4/3)πr³ : r³ = (4/3)(22/7) : 1 = 88/21 : 1 = 88:21.","pa":"ਗੋਲੇ ਦਾ ਆਇਤਨ : ਘੰਣ ਦਾ ਆਇਤਨ = (4/3)πr³ : r³ = 88/21 : 1 = 88:21."}', 1, '0.00', NULL, 29, NULL, NULL, 3, NULL),
('e56ccade-abdf-48d5-85c9-2ef0e2341055', 'f4d9390b-b4a5-4387-b1d8-5a033627b550', 'mcq_single', '{"en":"Which of the following represents sin θ?","pa":"ਹੇਠ ਲਿਖੇ ਵਿਚੋਂ ਕਿਹੜਾ sin θ ਨੂੰ ਦਰਸ਼ਾਉਂਦਾ ਹੈ ?"}', '[{"id":"a","text":{"en":"1 - cos²θ","pa":"1 - cos²θ"}},{"id":"b","text":{"en":"1 - sin²θ","pa":"1 - sin²θ"}},{"id":"c","text":{"en":"sec θ tan θ","pa":"sec θ tan θ"}},{"id":"d","text":{"en":"tan θ cos θ","pa":"tan θ cos θ"}}]', '["d"]', '{"en":"tan θ * cos θ = (sin θ / cos θ) * cos θ = sin θ.","pa":"tan θ * cos θ = (sin θ / cos θ) * cos θ = sin θ."}', 1, '0.00', NULL, 30, NULL, NULL, 4, NULL),
('dd805297-23a9-4962-a70d-a289e6ba02f0', 'c0404bb0-36ee-4d79-ac9a-f1bdb8f7cc4b', 'mcq_single', '{"en":"Democracy is a government of the people, for the people and by the people. Who said this?","pa":"ਲੋਕਤੰਤਰ ਲੋਕਾਂ ਦੀ, ਲੋਕਾਂ ਲਈ ਅਤੇ ਲੋਕਾਂ ਦੁਆਰਾ ਸਰਕਾਰ ਹੈ। [cite<sub>s</sub>tart]ਇਹ ਕਿਸਨੇ ਕਿਹਾ ਸੀ ? [cite: 1409, 1410][cite<sub>s</sub>tart]"}', '[{"id":"a","text":{"en":"Lenin","pa":"ਲੈਨਿਨ"}},{"id":"b","text":{"en":"Abraham Lincoln","pa":"ਅਬ੍ਰਾਹਮ ਲਿੰਕਨ"}},{"id":"c","text":{"en":"Aristotle","pa":"ਅਰਸਤੂ"}},{"id":"d","text":{"en":"Mahatma Gandhi","pa":"ਮਹਾਤਮਾ ਗਾਂਧੀ"}}]', '["b"]', '{"en":"This famous definition of democracy was given by Abraham Lincoln. [cite: 1409, 1426]","pa":"ਲੋਕਤੰਤਰ ਦੀ ਇਹ ਮਸ਼ਹੂਰ ਪਰਿਭਾਸ਼ਾ ਅਬ੍ਰਾਹਮ ਲਿੰਕਨ ਦੁਆਰਾ ਦਿੱਤੀ ਗਈ ਸੀ।"}', 1, '0.00', NULL, 2, NULL, NULL, 4, NULL),
('cbfb2f46-04dd-4e6b-8841-640ab80df698', 'c0404bb0-36ee-4d79-ac9a-f1bdb8f7cc4b', 'mcq_single', '{"en":"Nawab Kapur Singh was the founder of this Misl. First of all, he occupied a village near Amritsar. He named it Singhpur. Therefore this Misl is also called Singhpuria Misl. What is the other name of this Misl?","pa":"ਨਵਾਬ ਕਪੂਰ ਸਿੰਘ ਇਸ ਮਿਸਲ ਦਾ ਮੋਢੀ ਸੀ। ਸਭ ਤੋਂ ਪਹਿਲਾਂ, ਉਸਨੇ ਅੰਮ੍ਰਿਤਸਰ ਦੇ ਨੇੜੇ ਇੱਕ ਪਿੰਡ ਉੱਤੇ ਕਬਜ਼ਾ ਕੀਤਾ। ਉਸਨੇ ਇਸਦਾ ਨਾਮ ਸਿੰਘਪੁਰ ਰੱਖਿਆ। ਇਸ ਲਈ ਇਸ ਮਿਸਲ ਨੂੰ ਸਿੰਘਪੁਰੀਆ ਮਿਸਲ ਵੀ ਕਿਹਾ ਜਾਂਦਾ ਹੈ। [cite<sub>s</sub>tart]ਇਸ ਮਿਸਲ ਦਾ ਦੂਸਰਾ ਨਾਮ ਕੀ ਸੀ? [cite: 1513, 1521][cite<sub>s</sub>tart]"}', '[{"id":"a","text":{"en":"Ahluwalia Misl","pa":"ਆਹਲੂਵਾਲੀਆ ਮਿਸਲ"}},{"id":"b","text":{"en":"Ramgarhia Misl","pa":"ਰਾਮਗੜ੍ਹੀਆ ਮਿਸਲ"}},{"id":"c","text":{"en":"Sukarchakia Misl","pa":"ਸ਼ੁਕਰਚਕੀਆ ਮਿਸਲ"}},{"id":"d","text":{"en":"Faizalpuria Misl","pa":"ਫੈਜ਼ਲਪੁਰੀਆ ਮਿਸਲ"}}]', '["d"]', '{"en":"The Singhpuria Misl is also known as the Faizalpuria Misl. [cite: 1520]","pa":"ਸਿੰਘਪੁਰੀਆ ਮਿਸਲ ਨੂੰ ਫੈਜ਼ਲਪੁਰੀਆ ਮਿਸਲ ਵੀ ਕਿਹਾ ਜਾਂਦਾ ਹੈ।"}', 1, '0.00', NULL, 10, NULL, NULL, 2, NULL),
('35374f0c-0c32-413c-a7d2-cff5af67e792', 'c0404bb0-36ee-4d79-ac9a-f1bdb8f7cc4b', 'mcq_single', '{"en":"In which book describe the biography of Guru Gobind Singh Ji?","pa":"ਗੁਰੂ ਗੋਬਿੰਦ ਸਿੰਘ ਜੀ ਦੀ ਜੀਵਨੀ ਕਿਸ ਪੁਸਤਕ ਵਿੱਚ ਦਰਜ ਹੈ? [cite: 1529, 1537][cite<sub>s</sub>tart]"}', '[{"id":"a","text":{"en":"Panth Prakash","pa":"ਪੰਥ ਪ੍ਰਕਾਸ਼"}},{"id":"b","text":{"en":"Bachitar Natak","pa":"ਬਚਿਤਰ ਨਾਟਕ"}},{"id":"c","text":{"en":"Khoon de Sohle","pa":"ਖੂਨ ਦੇ ਸੋਹਲੇ"}},{"id":"d","text":{"en":"Dasam Granth","pa":"ਦਸਮ ਗ੍ਰੰਥ"}}]', '["b"]', '{"en":"Bachitar Natak'' is the autobiography of Guru Gobind Singh Ji. [cite: 1532]","pa":"ਬਚਿੱਤਰ ਨਾਟਕ'' ਗੁਰੂ ਗੋਬਿੰਦ ਸਿੰਘ ਜੀ ਦੀ ਸਵੈ-ਜੀਵਨੀ ਹੈ।"}', 1, '0.00', NULL, 11, NULL, NULL, 2, NULL),
('5aff8919-198b-455f-9a55-7f424eb56fbb', 'c0404bb0-36ee-4d79-ac9a-f1bdb8f7cc4b', 'mcq_single', '{"en":"Which Guru Sahib composed the Bani (verses) Anand Sahib?","pa":"ਆਨੰਦ ਸਾਹਿਬ ਦੀ ਬਾਣੀ ਕਿਸ ਗੁਰੂ ਸਾਹਿਬ ਨੇ ਰਚੀ? [cite: 1542, 1545][cite<sub>s</sub>tart]"}', '[{"id":"a","text":{"en":"Sri Guru Nanak Dev Ji","pa":"ਸ੍ਰੀ ਗੁਰੂ ਨਾਨਕ ਦੇਵ ਜੀ"}},{"id":"b","text":{"en":"Sri Guru Angad Dev Ji","pa":"ਸ੍ਰੀ ਗੁਰੂ ਅੰਗਦ ਦੇਵ ਜੀ"}},{"id":"c","text":{"en":"Sri Guru Amardas Ji","pa":"ਸ੍ਰੀ ਗੁਰੂ ਅਮਰਦਾਸ ਜੀ"}},{"id":"d","text":{"en":"Sri Guru Ramdas Ji","pa":"ਸ੍ਰੀ ਗੁਰੂ ਰਾਮਦਾਸ ਜੀ"}}]', '["c"]', '{"en":"Anand Sahib was composed by the third Guru, Sri Guru Amardas Ji. [cite: 1544]","pa":"ਅਨੰਦ ਸਾਹਿਬ ਦੀ ਰਚਨਾ ਤੀਜੇ ਗੁਰੂ ਸ੍ਰੀ ਗੁਰੂ ਅਮਰਦਾਸ ਜੀ ਨੇ ਕੀਤੀ ਸੀ।"}', 1, '0.00', NULL, 12, NULL, NULL, 4, NULL),
('4c69133f-fddb-4f2f-abc3-a6bf6537eb34', 'c0404bb0-36ee-4d79-ac9a-f1bdb8f7cc4b', 'mcq_single', '{"en":"Which of the following Bani (Religious Sermon) is not composed by Guru Nanak Dev Ji?","pa":"ਹੇਠ ਲਿਖੀਆਂ ਵਿੱਚੋਂ ਕਿਹੜੀ ਬਾਣੀ ਗੁਰੂ ਨਾਨਕ ਦੇਵ ਜੀ ਦੁਆਰਾ ਨਹੀਂ ਰਚੀ ਗਈ ਹੈ? [cite: 1559, 1564][cite<sub>s</sub>tart]"}', '[{"id":"a","text":{"en":"Jap Sahib","pa":"ਜਾਪ ਸਾਹਿਬ"}},{"id":"b","text":{"en":"Japuji Sahib","pa":"ਜਪੁਜੀ ਸਾਹਿਬ"}},{"id":"c","text":{"en":"Var Asa","pa":"ਵਾਰ ਆਸਾ"}},{"id":"d","text":{"en":"Var Majh","pa":"ਵਾਰ ਮਾਝ"}}]', '["a"]', '{"en":"Jap Sahib was composed by Guru Gobind Singh Ji, whereas Japuji Sahib, Var Asa, and Var Majh are by Guru Nanak Dev Ji. [cite: 1562]","pa":"ਜਾਪ ਸਾਹਿਬ ਦੀ ਰਚਨਾ ਗੁਰੂ ਗੋਬਿੰਦ ਸਿੰਘ ਜੀ ਨੇ ਕੀਤੀ ਸੀ, ਜਦੋਂ ਕਿ ਜਪੁਜੀ ਸਾਹਿਬ, ਵਾਰ ਆਸਾ ਅਤੇ ਵਾਰ ਮਾਝ ਗੁਰੂ ਨਾਨਕ ਦੇਵ ਜੀ ਦੀਆਂ ਹਨ।"}', 1, '0.00', NULL, 13, NULL, NULL, 4, NULL),
('5d5db3f8-7308-4c46-90ef-71a1a3861c70', 'c0404bb0-36ee-4d79-ac9a-f1bdb8f7cc4b', 'mcq_single', '{"en":"What was the other name of Sayyidpur?","pa":"ਸੈਯਦਪੁਰ ਦਾ ਦੂਜਾ ਨਾਮ ਕੀ ਸੀ? [cite: 1581][cite<sub>s</sub>tart]"}', '[{"id":"a","text":{"en":"Jaikhabad","pa":"ਜੈਖਾਬਾਦ"}},{"id":"b","text":{"en":"Firozabad","pa":"ਫ਼ਿਰੋਜ਼ਾਬਾਦ"}},{"id":"c","text":{"en":"Faisalabad","pa":"ਫੈਸਲਾਬਾਦ"}},{"id":"d","text":{"en":"Aimnabad","pa":"ਏਮਨਾਬਾਦ"}}]', '["d"]', '{"en":"Sayyidpur was later renamed Eminabad (Aimnabad). [cite: 1575]","pa":"ਸੈਯਦਪੁਰ ਦਾ ਨਾਂ ਬਾਅਦ ਵਿਚ ਐਮਨਾਬਾਦ ਰੱਖਿਆ ਗਿਆ।"}', 1, '0.00', NULL, 14, NULL, NULL, 4, NULL),
('54a4c146-60b9-4055-ae26-32ee83cb6197', 'c0404bb0-36ee-4d79-ac9a-f1bdb8f7cc4b', 'mcq_single', '{"en":"In the period of which Mughal Emperor was the land between the two rivers called ''Doab''?","pa":"ਕਿਸ ਮੁਗਲ ਬਾਦਸ਼ਾਹ ਦੇ ਕਾਲ ਵਿੱਚ ਦੋ ਦਰਿਆਵਾਂ ਦੇ ਵਿਚਕਾਰ ਦੀ ਧਰਤੀ ਨੂੰ ''ਦੁਆਬ'' ਕਿਹਾ ਜਾਂਦਾ ਸੀ ? [cite: 1583, 1587][cite<sub>s</sub>tart]"}', '[{"id":"a","text":{"en":"Babar","pa":"ਬਾਬਰ"}},{"id":"b","text":{"en":"Humayun","pa":"ਹੁਮਾਯੂੰ"}},{"id":"c","text":{"en":"Akbar","pa":"ਅਕਬਰ"}},{"id":"d","text":{"en":"Jahangir","pa":"ਜਹਾਂਗੀਰ"}}]', '["c"]', '{"en":"The term ''Doab'' for the land between rivers was notably used and regions classified during Akbar''s reign. [cite: 1586]","pa":"ਅਕਬਰ ਦੇ ਰਾਜ ਦੌਰਾਨ ਦਰਿਆਵਾਂ ਦੇ ਵਿਚਕਾਰਲੀ ਜ਼ਮੀਨ ਲਈ ''ਦੋਆਬ'' ਸ਼ਬਦ ਵਰਤਿਆ ਗਿਆ ਸੀ।"}', 1, '0.00', NULL, 15, NULL, NULL, 3, NULL),
('165446f4-a4b1-4d67-b3fa-7215d534dd24', 'c0404bb0-36ee-4d79-ac9a-f1bdb8f7cc4b', 'mcq_single', '{"en":"Which of the following is not a major shipbuilding centre in India?","pa":"ਹੇਠ ਲਿਖਿਆਂ ਵਿੱਚੋਂ ਕਿਹੜਾ ਭਾਰਤ ਵਿੱਚ ਇੱਕ ਪ੍ਰਮੁੱਖ ਜਹਾਜ਼ ਨਿਰਮਾਣ ਕੇਂਦਰ ਨਹੀਂ ਹੈ? [cite: 1751, 1757][cite<sub>s</sub>tart]"}', '[{"id":"a","text":{"en":"Visakhapatnam","pa":"ਵਿਸ਼ਾਖਾਪਟਨਮ"}},{"id":"b","text":{"en":"Cochin","pa":"ਕੋਚੀਨ"}},{"id":"c","text":{"en":"Kolkata","pa":"ਕੋਲਕਾਤਾ"}},{"id":"d","text":{"en":"Delhi","pa":"ਦਿੱਲੀ"}}]', '["d"]', '{"en":"Delhi is a landlocked city and does not have a shipbuilding centre. [cite: 1756]","pa":"ਦਿੱਲੀ ਇੱਕ ਜ਼ਮੀਨੀ ਸ਼ਹਿਰ ਹੈ ਅਤੇ ਇੱਥੇ ਜਹਾਜ਼ ਬਣਾਉਣ ਦਾ ਕੇਂਦਰ ਨਹੀਂ ਹੈ।"}', 1, '0.00', NULL, 25, NULL, NULL, 4, NULL),
('fac797d4-e21f-495d-aca4-1c9b3d2400a8', 'c0404bb0-36ee-4d79-ac9a-f1bdb8f7cc4b', 'mcq_single', '{"en":"Bombay Stock Exchange was established in 1875 A.D. at Dalal Street, Mumbai. It is one of the oldest stock exchanges in the world. Its performance is measured by .........","pa":"ਬੰਬੇ ਸਟਾਕ ਐਕਸਚੇਂਜ 1875 ਈ. ਵਿੱਚ ਮੁੰਬਈ ਦੇ ਦਲਾਲ ਸਟਰੀਟ ਵਿਖੇ ਸਥਾਪਿਤ ਕੀਤਾ ਗਿਆ ਸੀ। ਇਹ ਦੁਨੀਆ ਦੇ ਸਭ ਤੋਂ ਪੁਰਾਣੇ ਸਟਾਕ ਐਕਸਚੇਂਜਾਂ ਵਿੱਚੋਂ ਇੱਕ ਹੈ। [cite<sub>s</sub>tart]ਇਸਦੀ ਕਾਰਗੁਜ਼ਾਰੀ ਨੂੰ ......... ਦੁਆਰਾ ਮਾਪਿਆ ਜਾਂਦਾ ਹੈ। [cite: 1592, 1594][cite<sub>s</sub>tart]"}', '[{"id":"a","text":{"en":"NIFTI","pa":"NIFTI"}},{"id":"b","text":{"en":"COPRA","pa":"COPRA"}},{"id":"c","text":{"en":"NASDAQ","pa":"NASDAQ"}},{"id":"d","text":{"en":"SENSEX","pa":"SENSEX"}}]', '["d"]', '{"en":"The performance of the Bombay Stock Exchange is measured by the SENSEX. [cite: 1599]","pa":"ਬੰਬੇ ਸਟਾਕ ਐਕਸਚੇਂਜ ਦੀ ਕਾਰਗੁਜ਼ਾਰੀ ਨੂੰ ਸੈਂਸੈਕਸ ਦੁਆਰਾ ਮਾਪਿਆ ਜਾਂਦਾ ਹੈ।"}', 1, '0.00', NULL, 16, NULL, NULL, 2, NULL),
('1b74f19f-3cd0-421e-8c1b-932c69447a13', 'c0404bb0-36ee-4d79-ac9a-f1bdb8f7cc4b', 'mcq_single', '{"en":"As the ''Agmark logo'' is used for Agricultural Products, which logo is used for Gold jewellery?","pa":"ਜਿਵੇਂ ਕਿ ਐਗਮਾਰਕ ਲੋਗੋ ਖੇਤੀਬਾੜੀ ਉਤਪਾਦਾਂ ਲਈ ਵਰਤਿਆ ਜਾਂਦਾ ਹੈ, ਸੋਨੇ ਦੇ ਗਹਿਣਿਆਂ ਲਈ ਕਿਹੜਾ ਲੋਗੋ ਵਰਤਿਆ ਜਾਂਦਾ ਹੈ ? [cite: 1600, 1614][cite<sub>s</sub>tart]"}', '[{"id":"a","text":{"en":"ISI","pa":"ਆਈ ਐਸ ਆਈ"}},{"id":"b","text":{"en":"Hallmark","pa":"ਹਾਲਮਾਰਕ"}},{"id":"c","text":{"en":"Agmark","pa":"ਐਗਮਾਰਕ"}},{"id":"d","text":{"en":"None of the above","pa":"ਉਪਰੋਕਤ ਵਿੱਚੋਂ ਕੋਈ ਨਹੀਂ"}}]', '["b"]', '{"en":"The BIS Hallmark is used to certify the purity of gold jewellery. [cite: 1606]","pa":"ਬੀਆਈਐਸ ਹਾਲਮਾਰਕ ਦੀ ਵਰਤੋਂ ਸੋਨੇ ਦੇ ਗਹਿਣਿਆਂ ਦੀ ਸ਼ੁੱਧਤਾ ਨੂੰ ਪ੍ਰਮਾਣਿਤ ਕਰਨ ਲਈ ਕੀਤੀ ਜਾਂਦੀ ਹੈ।"}', 1, '0.00', NULL, 17, NULL, NULL, 2, NULL),
('3ce1652f-72cd-4300-be42-320dfcac595c', 'c0404bb0-36ee-4d79-ac9a-f1bdb8f7cc4b', 'mcq_single', '{"en":"Analyse the following facts and state which of the following statements is correct? Statement-1: Globalization is opening up of native/domestic economy for rest of the world mainly through foreign trade and foreign investment by Multi-National Corporations. Statement-2: A Multi-National Corporations is a business unit that operates its business activities in many different countries at the same time.","pa":"ਹੇਠ ਲਿਖਿਆਂ ਵਿੱਚੋਂ ਕਿਹੜਾ ਕਥਨ ਸਹੀ ਹੈ ? ਕਥਨ-1 : ਵਿਸ਼ਵੀਕਰਨ ਮੁੱਖ ਤੌਰ ''ਤੇ ਬਹੁ-ਰਾਸ਼ਟਰੀ ਨਿਗਮਾਂ ਦੁਆਰਾ ਵਿਦੇਸ਼ੀ ਵਪਾਰ ਅਤੇ ਵਿਦੇਸ਼ੀ ਨਿਵੇਸ਼ ਰਾਹੀਂ ਬਾਕੀ ਦੁਨੀਆ ਲਈ ਦੇਸੀ ਘਰੇਲੂ ਅਰਥਵਿਵਸਥਾ ਨੂੰ ਖੋਲ੍ਹ ਰਿਹਾ ਹੈ। [cite<sub>s</sub>tart]ਕਥਨ-2 : ਇੱਕ ਬਹੁ-ਰਾਸ਼ਟਰੀ ਨਿਗਮ ਇੱਕ ਵਪਾਰਕ ਇਕਾਈ ਹੈ ਜੋ ਇੱਕੋ ਸਮੇਂ ਕਈ ਵੱਖ ਵੱਖ ਦੇਸ਼ਾਂ ਵਿੱਚ ਆਪਣੀਆਂ ਵਪਾਰਕ ਗਤੀਵਿਧੀਆਂ ਚਲਾਉਂਦੀ ਹੈ। [cite: 1617, 1633][cite<sub>s</sub>tart]"}', '[{"id":"a","text":{"en":"Statement 1 is correct and Statement 2 is incorrect.","pa":"ਕਥਨ 1 ਸਹੀ ਹੈ ਅਤੇ ਕਥਨ 2 ਗਲਤ ਹੈ।"}},{"id":"b","text":{"en":"Statement 1 is incorrect and Statement 2 is correct.","pa":"ਕਥਨ 1 ਗਲਤ ਹੈ ਅਤੇ ਕਥਨ 2 ਸਹੀ ਹੈ।"}},{"id":"c","text":{"en":"Both statements are correct.","pa":"ਦੋਵੇਂ ਕਥਨ ਸਹੀ ਹਨ।"}},{"id":"d","text":{"en":"Both statements are incorrect.","pa":"ਦੋਵੇਂ ਕਥਨ ਗਲਤ ਹਨ।"}}]', '["c"]', '{"en":"Both statements accurately define Globalization and MNCs. [cite: 1627]","pa":"ਦੋਵੇਂ ਕਥਨ ਵਿਸ਼ਵੀਕਰਨ ਅਤੇ ਬਹੁ-ਰਾਸ਼ਟਰੀ ਕੰਪਨੀਆਂ ਨੂੰ ਸਹੀ ਢੰਗ ਨਾਲ ਪਰਿਭਾਸ਼ਿਤ ਕਰਦੇ ਹਨ।"}', 1, '0.00', NULL, 18, NULL, NULL, 4, NULL),
('07b28824-9d50-4f63-aad5-446ef7a51e1c', 'c0404bb0-36ee-4d79-ac9a-f1bdb8f7cc4b', 'mcq_single', '{"en":"Primary sector also includes those sectors which use natural resources for their production. Which of the following activities is not a part of the primary sector?","pa":"ਪ੍ਰਾਇਮਰੀ ਸੈਕਟਰ ਵਿੱਚ ਉਹ ਸੈਕਟਰ ਵੀ ਸ਼ਾਮਲ ਹਨ ਜੋ ਆਪਣੇ ਉਤਪਾਦਨ ਲਈ ਕੁਦਰਤੀ ਸਰੋਤਾਂ ਦੀ ਵਰਤੋਂ ਕਰਦੇ ਹਨ। [cite<sub>s</sub>tart]ਹੇਠ ਲਿਖੀਆਂ ਗਤੀਵਿਧੀਆਂ ਵਿੱਚੋਂ ਕਿਹੜੀਆਂ ਪ੍ਰਾਇਮਰੀ ਸੈਕਟਰ ਦਾ ਹਿੱਸਾ ਨਹੀਂ ਹਨ? [cite: 1644, 1653][cite<sub>s</sub>tart]"}', '[{"id":"a","text":{"en":"Fishing","pa":"ਮੱਛੀ ਫੜਨ"}},{"id":"b","text":{"en":"Building Construction","pa":"ਇਮਾਰਤ ਨਿਰਮਾਣ"}},{"id":"c","text":{"en":"Farming","pa":"ਖੇਤੀ"}},{"id":"d","text":{"en":"Dairy Farming","pa":"ਡੇਅਰੀ ਫਾਰਮਿੰਗ"}}]', '["b"]', '{"en":"Building Construction belongs to the Secondary sector, whereas Fishing, Farming, and Dairy are Primary. [cite: 1650]","pa":"ਇਮਾਰਤ ਨਿਰਮਾਣ ਸੈਕੰਡਰੀ ਸੈਕਟਰ ਨਾਲ ਸਬੰਧਤ ਹੈ, ਜਦੋਂ ਕਿ ਮੱਛੀ ਫੜਨਾ, ਖੇਤੀ ਅਤੇ ਡੇਅਰੀ ਪ੍ਰਾਇਮਰੀ ਹਨ।"}', 1, '0.00', NULL, 19, NULL, NULL, 3, NULL),
('818c33f1-1c16-4805-b5ce-88c88c38e8b4', 'c0404bb0-36ee-4d79-ac9a-f1bdb8f7cc4b', 'mcq_single', '{"en":"The Central Bank is said to be the pivot of the banking system of any country. The first Central Bank in the world was established in Sweden in 1656 A.D. In India Central Bank was established on April 1, 1935, Name the Bank:","pa":"ਕੇਂਦਰੀ ਬੈਂਕ ਨੂੰ ਕਿਸੇ ਵੀ ਦੇਸ਼ ਦੀ ਬੈਂਕਿੰਗ ਪ੍ਰਣਾਲੀ ਦਾ ਧੁਰਾ ਕਿਹਾ ਜਾਂਦਾ ਹੈ। ਦੁਨਿਆ ਦਾ ਪਹਿਲਾ ਕੇਂਦਰੀ ਬੈਂਕ 1656 ਈ. ਵਿੱਚ ਸਵੀਡਨ ਵਿੱਚ ਸਥਾਪਿਤ ਕੀਤਾ ਗਿਆ ਸੀ। ਭਾਰਤ ਵਿੱਚ ਕੇਂਦਰੀ ਬੈਂਕ 1 ਅਪ੍ਰੈਲ, 1935 ਨੂੰ ਸਥਾਪਿਤ ਕੀਤਾ ਗਿਆ ਸੀ । [cite<sub>s</sub>tart]ਬੈਂਕ ਦਾ ਨਾਮ ਦੱਸੋ : [cite: 1660, 1668][cite<sub>s</sub>tart]"}', '[{"id":"a","text":{"en":"Bank of England","pa":"ਬੈਂਕ ਆਫ਼ ਇੰਗਲੈਂਡ"}},{"id":"b","text":{"en":"State Bank of India","pa":"ਸਟੇਟ ਬੈਂਕ ਆਫ਼ ਇੰਡੀਆ"}},{"id":"c","text":{"en":"Union Bank of India","pa":"ਯੂਨੀਅਨ ਬੈਂਕ ਆਫ਼ ਇੰਡੀਆ"}},{"id":"d","text":{"en":"Reserve Bank of India","pa":"ਰਿਜ਼ਰਵ ਬੈਂਕ ਆਫ਼ ਇੰਡੀਆ"}}]', '["d"]', '{"en":"The Reserve Bank of India (RBI) was established on April 1, 1935. [cite: 1667]","pa":"ਭਾਰਤੀ ਰਿਜ਼ਰਵ ਬੈਂਕ (RBI) ਦੀ ਸਥਾਪਨਾ 1 ਅਪ੍ਰੈਲ, 1935 ਨੂੰ ਕੀਤੀ ਗਈ ਸੀ।"}', 1, '0.00', NULL, 20, NULL, NULL, 4, NULL),
('1c1df112-7eab-4540-89e7-d9ddd6a578b9', 'c0404bb0-36ee-4d79-ac9a-f1bdb8f7cc4b', 'mcq_single', '{"en":"The matter at present is not only of development, but is to maintain the pace of the development so that the benefits will be more appropriate here of development are not only enjoyed by the present generations, but by the future generations as well. What is such development known as?","pa":"ਇਸ ਲਈ ਵਰਤਮਾਨ ਸਮੇਂ ਵਿੱਚ ਮੁੱਦਾ ਸਿਰਫ਼ ਵਿਕਾਸ ਦਾ ਨਹੀਂ ਹੈ, ਸਗੋਂ ਵਿਕਾਸ ਦੀ ਗਤੀ ਨੂੰ ਬਣਾਈ ਰੱਖਣ ਦਾ ਹੈ ਤਾਂ ਜੋ ਵਿਕਾਸ ਦੇ ਲਾਭ ਸਿਰਫ਼ ਵਰਤਮਾਨ ਪੀੜ੍ਹੀ ਨੂੰ ਹੀ ਨਹੀਂ, ਸਗੋਂ ਆਉਣ ਵਾਲੀਆਂ ਪੀੜ੍ਹੀਆਂ ਨੂੰ ਵੀ ਪ੍ਰਾਪਤ ਹੋ ਸਕਣ। [cite<sub>s</sub>tart]ਅਜਿਹੇ ਵਿਕਾਸ ਨੂੰ ਕੀ ਕਿਹਾ ਜਾਂਦਾ ਹੈ ? [cite: 1677, 1685][cite<sub>s</sub>tart]"}', '[{"id":"a","text":{"en":"Economic development","pa":"ਆਰਥਿਕ ਵਿਕਾਸ"}},{"id":"b","text":{"en":"Sustainable development","pa":"ਟਿਕਾਊ ਵਿਕਾਸ"}},{"id":"c","text":{"en":"Physical development","pa":"ਭੌਤਿਕ ਵਿਕਾਸ"}},{"id":"d","text":{"en":"Social development","pa":"ਸਮਾਜਿਕ ਵਿਕਾਸ"}}]', '["b"]', '{"en":"Development that meets present needs without compromising future generations is called Sustainable development. [cite: 1681]","pa":"ਉਹ ਵਿਕਾਸ ਜੋ ਆਉਣ ਵਾਲੀਆਂ ਪੀੜ੍ਹੀਆਂ ਨਾਲ ਸਮਝੌਤਾ ਕੀਤੇ ਬਿਨਾਂ ਮੌਜੂਦਾ ਜ਼ਰੂਰਤਾਂ ਨੂੰ ਪੂਰਾ ਕਰਦਾ ਹੈ, ਟਿਕਾਊ ਵਿਕਾਸ ਕਹਾਉਂਦਾ ਹੈ।"}', 1, '0.00', NULL, 21, NULL, NULL, 2, NULL),
('382db7ac-d0e4-42b9-bf20-a147aa23395c', 'f23ff4cf-45a8-487d-b8c3-8f2db321e8a8', 'mcq_single', '{"en":"अपेक्षा-उपेक्षा'' समरूपी भिन्नार्थक शब्द-युग्म के सही अर्थ का विकल्प चुनिए -","pa":"अपेक्षा-उपेक्षा'' समरूपी भिन्नार्थक शब्द-युग्म के सही अर्थ का विकल्प चुनिए -"}', '[{"id":"a","text":{"en":"","pa":"लापरवाही-उचित"}},{"id":"b","text":{"en":"","pa":"लापरवाही-चाह"}},{"id":"c","text":{"en":"","pa":"समान-चाह"}},{"id":"d","text":{"en":"","pa":"चाह-लापरवाही"}}]', '["d"]', '{"en":"Desire - Neglect.","pa":"ਅਪੇਕਸ਼ਾ (ਚਾਹ/ਉਮੀਦ) - ਉਪੇਕਸ਼ਾ (ਲਾਪਰਵਾਹੀ/ਨਿਰਾਦਰ)।"}', 1, '0.00', NULL, 4, NULL, NULL, 4, NULL),
('8b87c036-05ff-423c-a1f6-5ac5e93ebe4b', 'c0404bb0-36ee-4d79-ac9a-f1bdb8f7cc4b', 'mcq_single', '{"en":"If Davinder''s income is Rs. 10,000 per month and he spends Rs. 7,000 every month to meet his needs. If Rs. 7,000 is his consumption expenditure, then what is the remaining sum of Rs. 3,000 known as?","pa":"ਜੇਕਰ ਦਵਿੰਦਰ ਦੀ ਆਮਦਨ 10,000 ਰੁਪਏ ਪ੍ਰਤੀ ਮਹੀਨਾ ਹੈ ਅਤੇ ਉਹ ਆਪਣੀਆਂ ਜ਼ਰੂਰਤਾਂ ਪੂਰੀਆਂ ਕਰਨ ਲਈ ਹਰ ਮਹੀਨੇ 7,000 ਰੁਪਏ ਖਰਚ ਕਰਦਾ ਹੈ। [cite<sub>s</sub>tart]ਜੇਕਰ 7,000 ਰੁਪਏ ਉਸਦਾ ਖਪਤ ਖਰਚ ਹੈ ਤਾਂ ਬਾਕੀ ਬਚੇ 3,000 ਰੁਪਏ ਨੂੰ ਕੀ ਕਿਹਾ ਜਾਂਦਾ ਹੈ ? [cite: 1696, 1702]"}', '[{"id":"a","text":{"en":"Consumption","pa":"ਖਪਤ"}},{"id":"b","text":{"en":"Currency","pa":"ਮੁਦਰਾ"}},{"id":"c","text":{"en":"Saving","pa":"ਬੱਚਤ"}},{"id":"d","text":{"en":"Income","pa":"ਆਮਦਨ"}}]', '["c"]', '{"en":"Income minus Consumption equals Saving. [cite<sub>s</sub>tart]10000 - 7000 = 3000. [cite: 1699]","pa":"ਆਮਦਨ ਘਟਾਓ ਖਪਤ ਬੱਚਤ ਦੇ ਬਰਾਬਰ ਹੈ। 10000 - 7000 = 3000."}', 1, '0.00', NULL, 22, NULL, NULL, 4, NULL),
('3931f997-443c-48b2-9d1e-08dd52d6f0ec', 'c0404bb0-36ee-4d79-ac9a-f1bdb8f7cc4b', 'mcq_single', '{"en":"Which program of India is represented by the logo given in the picture below? [Image: Logo with symbol ''อ'' / Doordarshan/Digital India related]","pa":"ਹੇਠਾਂ ਦਿੱਤੀ ਤਸਵੀਰ ਵਿੱਚ ਦਿੱਤੇ ਲੋਗੋ ਦੁਆਰਾ ਭਾਰਤ ਦੇ ਕਿਹੜੇ ਪ੍ਰੋਗਰਾਮ ਨੂੰ ਦਰਸਾਇਆ ਗਿਆ ਹੈ ? [cite<sub>s</sub>tart][Image: Logo] [cite: 1712, 1720][cite<sub>s</sub>tart]"}', '[{"id":"a","text":{"en":"Television network","pa":"ਟੈਲੀਵਿਜ਼ਨ ਨੈੱਟਵਰਕ"}},{"id":"b","text":{"en":"Digital India","pa":"ਡਿਜੀਟਲ ਇੰਡੀਆ"}},{"id":"c","text":{"en":"Documentary films","pa":"ਦਸਤਾਵੇਜ਼ੀ ਫਿਲਮਾਂ"}},{"id":"d","text":{"en":"Doordarshan","pa":"ਦੂਰਦਰਸ਼ਨ"}}]', '["d"]', '{"en":"The question typically refers to the logo of Doordarshan (India''s public service broadcaster). [cite: 1719]","pa":"ਸਵਾਲ ਆਮ ਤੌਰ ''ਤੇ ਦੂਰਦਰਸ਼ਨ ਦੇ ਲੋਗੋ ਦਾ ਹਵਾਲਾ ਦਿੰਦਾ ਹੈ।"}', 1, '0.00', NULL, 23, NULL, NULL, 4, NULL),
('b89cc462-d531-48b3-9962-2bc783d732ec', 'c0404bb0-36ee-4d79-ac9a-f1bdb8f7cc4b', 'mcq_single', '{"en":"India''s first passenger train was run in 1853 A.D. This first passenger train travelled from Mumbai to Thane. This train was operated by three locomotives. Name those locomotives.","pa":"ਭਾਰਤ ਦੀ ਪਹਿਲੀ ਯਾਤਰੀ ਰੇਲਗੱਡੀ 1853 ਈ. ਵਿੱਚ ਚਲਾਈ ਗਈ ਸੀ। ਇਹ ਪਹਿਲੀ ਯਾਤਰੀ ਰੇਲਗੱਡੀ ਨੇ ਮੁੰਬਈ ਤੋਂ ਥਾਣੇ ਤੱਕ ਸਫਰ ਤੇਅ ਕੀਤਾ। ਇਸ ਰੇਲਗੱਡੀ ਨੂੰ ਤਿੰਨ ਕੋਲੇ ਵਾਲੇ ਇੰਜਣਾਂ ਨੇ ਖਿਚਿਆ ਸੀ। [cite<sub>s</sub>tart]ਉਨ੍ਹਾਂ ਕੋਲੇ ਵਾਲੇ ਇੰਜਣਾਂ ਦੇ ਨਾਮ ਦੱਸ। [cite: 1729, 1738][cite<sub>s</sub>tart]"}', '[{"id":"a","text":{"en":"Sahib, Sultan, Ganges","pa":"ਸਾਹਿਬ, ਸੁਲਤਾਨ, ਗੰਗਾ"}},{"id":"b","text":{"en":"Sahib, Multan, Sindh","pa":"ਸਾਹਿਬ, ਮੁਲਤਾਨ, ਸਿੰਧ"}},{"id":"c","text":{"en":"Sahib, Sultan, Sindh","pa":"ਸਾਹਿਬ, ਸੁਲਤਾਨ, ਸਿੰਧ"}},{"id":"d","text":{"en":"Sahib, Multan, Ganges","pa":"ਸਾਹਿਬ, ਮੁਲਤਾਨ, ਗੰਗਾ"}}]', '["c"]', '{"en":"The three locomotives were named Sahib, Sindh, and Sultan. [cite: 1733]","pa":"ਤਿੰਨਾਂ ਇੰਜਣਾਂ ਦੇ ਨਾਂ ਸਾਹਿਬ, ਸਿੰਧ ਅਤੇ ਸੁਲਤਾਨ ਸਨ।"}', 1, '0.00', NULL, 24, NULL, NULL, 3, NULL),
('5ac770dc-a199-41f4-871b-ca8a3d04d715', '896e7dd4-de53-4806-97e4-71af218ffd0f', 'mcq_single', '{"en":"Author''s tone in the first paragraph?","pa":"Author''s tone in the first paragraph?"}', '[{"id":"a","text":{"en":"humorous","pa":"humorous"},"image_url":null},{"id":"b","text":{"en":"neutral","pa":"neutral"},"image_url":null},{"id":"c","text":{"en":"negative","pa":"negative"},"image_url":null},{"id":"d","text":{"en":"positive","pa":"positive"},"image_url":null}]', '["b"]', '{"en":"Presents facts neutrally.","pa":"Presents facts neutrally."}', 1, '0.00', NULL, 20, '0a1aff0d-245b-49f1-b0d5-8838399226b0', NULL, 4, NULL),
('a2b14866-3e5d-42e4-8c50-3d9ee9f0403f', 'c0404bb0-36ee-4d79-ac9a-f1bdb8f7cc4b', 'mcq_single', '{"en":"Which of the following statements is correct? Statement-1: Mineral is a natural element which can be organic or inorganic with some specific chemical and physical properties. Statement-2: Minerals are found in pure form on the earth''s surface.","pa":"ਹੇਠ ਲਿਖਿਆਂ ਵਿੱਚੋਂ ਕਿਹੜਾ ਕਥਨ ਸਹੀ ਹੈ? ਕਥਨ-1 : ਖਣਿਜ ਇੱਕ ਕੁਦਰਤੀ ਤੱਤ ਹੈ ਜੋ ਕੁਝ ਖਾਸ ਰਸਾਇਣਿਕ ਅਤੇ ਭੌਤਿਕ ਗੁਣਾਂ ਦੇ ਨਾਲ ਜੈਵਿਕ ਜਾਂ ਅਜੈਵਿਕ ਹੋ ਸਕਦਾ ਹੈ। [cite<sub>s</sub>tart]ਕਥਨ-2 : ਖਣਿਜ ਧਰਤੀ ਦੀ ਸਤ੍ਹਾ ''ਤੇ ਸ਼ੁੱਧ ਰੂਪ ਵਿੱਚ ਪਾਏ ਜਾਂਦੇ ਹਨ। [cite: 1764, 1776]"}', '[{"id":"a","text":{"en":"Statement 1 is correct and Statement 2 is incorrect.","pa":"ਕਥਨ 1 ਸਹੀ ਹੈ ਅਤੇ ਕਥਨ 2 ਗਲਤ ਹੈ।"}},{"id":"b","text":{"en":"Both statements are correct.","pa":"ਦੋਵੇਂ ਕਥਨ ਸਹੀ ਹਨ।"}},{"id":"c","text":{"en":"Both statements are incorrect.","pa":"ਦੋਵੇਂ ਕਥਨ ਗਲਤ ਹਨ।"}},{"id":"d","text":{"en":"Statement 1 is incorrect and statement 2 is correct.","pa":"ਕਥਨ 1 ਗਲਤ ਹੈ ਅਤੇ ਕਥਨ 2 ਸਹੀ ਹੈ।"}}]', '["a"]', '{"en":"Minerals are generally not found in pure form but mixed with other elements as ores. [cite<sub>s</sub>tart]Statement 1 is correct definition. [cite: 1769]","pa":"ਖਣਿਜ ਆਮ ਤੌਰ ''ਤੇ ਸ਼ੁੱਧ ਰੂਪ ਵਿਚ ਨਹੀਂ ਮਿਲਦੇ ਪਰ ਦੂਜੇ ਤੱਤਾਂ ਨਾਲ ਮਿਲਾਏ ਜਾਂਦੇ ਹਨ। ਕਥਨ 1 ਸਹੀ ਪਰਿਭਾਸ਼ਾ ਹੈ।"}', 1, '0.00', NULL, 26, NULL, NULL, 3, NULL),
('810e57ce-d1cc-4163-bc9a-5def2f17c021', 'f23ff4cf-45a8-487d-b8c3-8f2db321e8a8', 'mcq_single', '{"en":"धीर'' शब्द की सही भाववाचक संज्ञा चुनिए -","pa":"धीर'' शब्द की सही भाववाचक संज्ञा चुनिए -"}', '[{"id":"a","text":{"en":"","pa":"धैर्यवान"}},{"id":"b","text":{"en":"","pa":"धैर्यपूर्वक"}},{"id":"c","text":{"en":"","pa":"धीरता"}},{"id":"d","text":{"en":"","pa":"उपर्युक्त सभी"}}]', '["c"]', '{"en":"Dheerta (Patience).","pa":"ਧੀਰਤਾ (ਭਾਵਵਾਚਕ ਸੰਗਿਆ)।"}', 1, '0.00', NULL, 6, NULL, NULL, 2, NULL),
('fcd18d53-5591-4638-9b6b-dd39ce870da2', 'c0404bb0-36ee-4d79-ac9a-f1bdb8f7cc4b', 'mcq_single', '{"en":"Identify the shaded area in the given map of India and state which crop is mainly cultivated in this area? [Image: Map of India showing shaded area]","pa":"ਭਾਰਤ ਦੇ ਦਿੱਤੇ ਗਏ ਨਕਸ਼ੇ ਵਿੱਚ ਛਾਂਦਾਰ ਖੇਤਰ ਦੀ ਪਛਾਣ ਕਰੋ ਅਤੇ ਦੱਸੋ ਕਿ ਇਸ ਖੇਤਰ ਵਿੱਚ ਮੁੱਖ ਤੌਰ ''ਤੇ ਕਿਹੜੀ ਫਸਲ ਉਗਾਈ ਜਾਂਦੀ ਹੈ? [cite<sub>s</sub>tart][Image: Map] [cite: 1786, 1791][cite<sub>s</sub>tart]"}', '[{"id":"a","text":{"en":"Tea","pa":"ਚਾਹ"}},{"id":"b","text":{"en":"Jute","pa":"ਪਟਸਨ"}},{"id":"c","text":{"en":"Wheat","pa":"ਕਣਕ"}},{"id":"d","text":{"en":"Paddy","pa":"ਝੋਨਾ"}}]', '["a"]', '{"en":"The map typically highlights Tea growing regions like Assam and Nilgiris in such exams. [cite: 1787]","pa":"ਨਕਸ਼ਾ ਆਮ ਤੌਰ ''ਤੇ ਅਜਿਹੀਆਂ ਪ੍ਰੀਖਿਆਵਾਂ ਵਿੱਚ ਅਸਾਮ ਅਤੇ ਨੀਲਗਿਰੀ ਵਰਗੇ ਚਾਹ ਉਗਾਉਣ ਵਾਲੇ ਖੇਤਰਾਂ ਨੂੰ ਉਜਾਗਰ ਕਰਦਾ ਹੈ।"}', 1, '0.00', NULL, 27, NULL, NULL, 4, NULL),
('86d08180-6955-47d9-9e9d-1df7b6919632', 'c0404bb0-36ee-4d79-ac9a-f1bdb8f7cc4b', 'mcq_single', '{"en":"Name the person, who is known as a water conservationist and environmentalist as well as the ''Waterman of India''? [Image: Photograph of the person]","pa":"ਉਸ ਵਿਅਕਤੀ ਦਾ ਨਾਮ ਦੱਸੋ, ਜਿਸਨੂੰ ਪਾਣੀ ਸੰਭਾਲ ਅਤੇ ਵਾਤਾਵਰਣ ਪ੍ਰੇਮੀ ਦੇ ਨਾਲ-ਨਾਲ ''ਭਾਰਤ ਦੇ ਜਲਪੁਰਸ਼'' ਵਜੋਂ ਜਾਣਿਆ ਜਾਂਦਾ ਹੈ ? [cite<sub>s</sub>tart][Image: Photograph] [cite: 1801, 1805]"}', '[{"id":"a","text":{"en":"Saint Seechewal","pa":"ਸੰਤ ਸੀਚੇਵਾਲ"}},{"id":"b","text":{"en":"Dr. Rajendra Singh","pa":"ਡਾ. ਰਜੇਂਦਰ ਸਿੰਘ"}},{"id":"c","text":{"en":"Dr. Harcharan Singh","pa":"ਡਾ. ਹਰਚਰਨ ਸਿੰਘ"}},{"id":"d","text":{"en":"Balwant Gargi","pa":"ਬਲਵੰਤ ਗਾਰਗੀ"}}]', '["b"]', '{"en":"Dr. [cite<sub>s</sub>tart]Rajendra Singh is known as the Waterman of India. [cite: 1804]","pa":"ਡਾ: ਰਾਜਿੰਦਰ ਸਿੰਘ ਨੂੰ ਭਾਰਤ ਦੇ ਜਲਪੁਰਸ਼ ਵਜੋਂ ਜਾਣਿਆ ਜਾਂਦਾ ਹੈ।"}', 1, '0.00', NULL, 28, NULL, NULL, 4, NULL),
('d7c4b821-0e5c-4307-ac0e-70535e29da86', 'c0404bb0-36ee-4d79-ac9a-f1bdb8f7cc4b', 'mcq_single', '{"en":"The common capital of Punjab and Haryana is Chandigarh. It is spread over an area of about 100 acres. It is very beautiful. It is included in the UNESCO World Heritage Sites. Who designed the city of Chandigarh?","pa":"ਪੰਜਾਬ ਅਤੇ ਹਰਿਆਣਾ ਦੀ ਸਾਂਝੀ ਰਾਜਧਾਨੀ ਚੰਡੀਗੜ੍ਹ ਹੈ। ਇਹ ਲਗਭਗ 100 ਏਕੜ ਦੇ ਖੇਤਰ ਵਿੱਚ ਫੈਲਿਆ ਹੋਇਆ ਹੈ। ਇਹ ਬਹੁਤ ਸੁੰਦਰ ਹੈ। ਇਸਨੂੰ ਯੂਨੈਸਕੋ ਵਿਸ਼ਵ ਵਿਰਾਸਤ ਸਥਾਨਾਂ ਵਿੱਚ ਸ਼ਾਮਲ ਕੀਤਾ ਗਿਆ ਹੈ. [cite<sub>s</sub>tart]ਚੰਡੀਗੜ੍ਹ ਸ਼ਹਿਤ ਕਿਸਨੇ ਡਿਜ਼ਾਈਨ ਕੀਤਾ ਸੀ ? [cite: 1812, 1820][cite<sub>s</sub>tart]"}', '[{"id":"a","text":{"en":"Le Corbusier","pa":"ਲੀ ਕੋਰਬੁਸੀਅਰ"}},{"id":"b","text":{"en":"Zaha Hadid","pa":"ਜਾਹਾ ਹਦੀਦ"}},{"id":"c","text":{"en":"Norman Foster","pa":"ਨੋਰਮਨ ਫੈਸਟਰ"}},{"id":"d","text":{"en":"Philip Johnson","pa":"ਫਿਲਿਪ ਜੋਨਸਨ"}}]', '["a"]', '{"en":"Chandigarh was designed by the French architect Le Corbusier. [cite: 1814]","pa":"ਚੰਡੀਗੜ੍ਹ ਦਾ ਡਿਜ਼ਾਈਨ ਫਰਾਂਸੀਸੀ ਆਰਕੀਟੈਕਟ ਲੀ ਕੋਰਬੁਸੀਅਰ ਨੇ ਤਿਆਰ ਕੀਤਾ ਸੀ।"}', 1, '0.00', NULL, 29, NULL, NULL, 2, NULL),
('17aecee8-62cb-4398-b716-59b7274b4a53', 'c0404bb0-36ee-4d79-ac9a-f1bdb8f7cc4b', 'mcq_single', '{"en":"According to the National Forest Policy made in India in 1952 AD. what percentage of the total area of India should be under forests?","pa":"1952 ਈ. [cite<sub>s</sub>tart]ਵਿੱਚ ਭਾਰਤ ਵਿੱਚ ਬਣਾਈ ਗਈ ਰਾਸ਼ਟਰੀ ਜੰਗਲਾਤ ਨੀਤੀ ਦੇ ਅਨੁਸਾਰ, ਭਾਰਤ ਦੇ ਕੁੱਲ ਖੇਤਰਫਲ ਦਾ ਕਿੰਨਾ ਪ੍ਰਤੀਸ਼ਤ ਜੰਗਲਾਂ ਹੇਠ ਹੋਣਾ ਚਾਹੀਦਾ ਹੈ? [cite: 1828, 1833][cite<sub>s</sub>tart]"}', '[{"id":"a","text":{"en":"22%","pa":"22%"}},{"id":"b","text":{"en":"24%","pa":"24%"}},{"id":"c","text":{"en":"33%","pa":"33%"}},{"id":"d","text":{"en":"66%","pa":"66%"}}]', '["c"]', '{"en":"The National Forest Policy (1952) recommends that 33% of the total land area should be under forests. [cite: 1832]","pa":"ਰਾਸ਼ਟਰੀ ਵਣ ਨੀਤੀ (1952) ਸਿਫ਼ਾਰਸ਼ ਕਰਦੀ ਹੈ ਕਿ ਕੁੱਲ ਭੂਮੀ ਖੇਤਰ ਦਾ 33% ਜੰਗਲਾਂ ਹੇਠ ਹੋਣਾ ਚਾਹੀਦਾ ਹੈ।"}', 1, '0.00', NULL, 30, NULL, NULL, 2, NULL),
('6f2a88b1-3b7b-4e61-a80c-308c837f4004', 'b7e59d99-d190-42a2-b98a-9d8501549850', 'mcq_single', '{"en":"ਪੈਰੇ ਅਨੁਸਾਰ ਮਨੁੱਖ ਪੰਜੇ ਐਬਾਂ ਵਿੱਚ ਗਲਤਾਨ ਹੋਣ ਤੋਂ ਕਿਵੇਂ ਬਚ ਸਕਦਾ ਹੈ?","pa":"ਪੈਰੇ ਅਨੁਸਾਰ ਮਨੁੱਖ ਪੰਜੇ ਐਬਾਂ ਵਿੱਚ ਗਲਤਾਨ ਹੋਣ ਤੋਂ ਕਿਵੇਂ ਬਚ ਸਕਦਾ ਹੈ?"}', '[{"id":"a","text":{"en":"","pa":"ਪੀਰਾਂ-ਪੈਗੰਬਰਾਂ ਦਾ ਸਤਿਕਾਰ ਕਰਕੇ"},"image_url":null},{"id":"b","text":{"en":"","pa":"ਖੇਡਾਂ ਵਿੱਚ ਬਰਾਬਰ ਹਿੱਸਾ ਲੈ ਕੇ"},"image_url":null},{"id":"c","text":{"en":"","pa":"ਮਨੋਰੰਜਨ ਦੇ ਸਾਧਨਾਂ ਦੀ ਵਰਤੋਂ ਨਾਲ"},"image_url":null},{"id":"d","text":{"en":"","pa":"ਅਸਲ ਸਿੱਖਿਆ ਪ੍ਰਾਪਤ ਕਰਕੇ"},"image_url":null}]', '["d"]', '{"en":"Real education raises character.","pa":"ਅਸਲ ਵਿੱਦਿਆ ਦਾ ਚਾਨਣ ਮਨੁੱਖੀ ਆਚਰਨ ਨੂੰ ਉੱਚਾ ਕਰਦਾ ਹੈ।"}', 1, '0.00', NULL, 8, '47d6fbd4-0bf2-41fe-8928-aa2758208407', NULL, 3, NULL),
('15018f32-596a-4c67-ac32-a115ba095ca9', 'b7e59d99-d190-42a2-b98a-9d8501549850', 'mcq_single', '{"en":"ਵਿਦਿਆਰਥੀਆਂ ਨੂੰ ਧਾਰਮਿਕ ਸਿੱਖਿਆ ਕਿਉਂ ਦਿੱਤੀ ਜਾਂਦੀ ਹੈ?","pa":"ਵਿਦਿਆਰਥੀਆਂ ਨੂੰ ਧਾਰਮਿਕ ਸਿੱਖਿਆ ਕਿਉਂ ਦਿੱਤੀ ਜਾਂਦੀ ਹੈ?"}', '[{"id":"a","text":{"en":"","pa":"ਉਹਨਾਂ ਵਿੱਚ ਕੱਟੜਤਾ ਪੈਦਾ ਕਰਨ ਲਈ"},"image_url":null},{"id":"b","text":{"en":"","pa":"ਪੀਰਾਂ-ਪੈਗੰਬਰਾਂ ਅੱਗੇ ਝੁਕਾਉਣ ਲਈ"},"image_url":null},{"id":"c","text":{"en":"","pa":"ਹਾਉਂਮੈਂ'' ਦਾ ਨਾਸ਼ ਕਰਨ ਲਈ"},"image_url":null},{"id":"d","text":{"en":"","pa":"ਚਮਤਕਾਰਾਂ ਵਿੱਚ ਵਿਸ਼ਵਾਸ ਪੈਦਾ ਕਰਨ ਲਈ"},"image_url":null}]', '["c"]', '{"en":"To destroy ego.","pa":"ਹਉਮੈ'' ਦੇ ਝਗੜਿਆਂ ਤੋਂ ਬਚਣ ਲਈ।"}', 1, '0.00', NULL, 9, '47d6fbd4-0bf2-41fe-8928-aa2758208407', NULL, 4, NULL),
('43a13795-04cb-4bd8-945b-e47ffa17ec01', 'b7e59d99-d190-42a2-b98a-9d8501549850', 'mcq_single', '{"en":"ਪੜ੍ਹੇ-ਲਿਖੇ ਨੌਜਵਾਨ ਵਿਸ਼ਾਦ ਦੇ ਡੂੰਘੇ ਸਾਗਰ ਵਿੱਚ ਕਿਉਂ ਡੁੱਬੇ ਹੋਏ ਹਨ?","pa":"ਪੜ੍ਹੇ-ਲਿਖੇ ਨੌਜਵਾਨ ਵਿਸ਼ਾਦ ਦੇ ਡੂੰਘੇ ਸਾਗਰ ਵਿੱਚ ਕਿਉਂ ਡੁੱਬੇ ਹੋਏ ਹਨ?"}', '[{"id":"a","text":{"en":"","pa":"ਕਿਉਂਕਿ ਉਹ ਵੱਧ ਡਿਗਰਿਆਂ ਪ੍ਰਾਪਤ ਕਰ ਰਹੇ ਹਨ"},"image_url":null},{"id":"b","text":{"en":"","pa":"ਕਿਉਂਕਿ ''ਕਲਰਕ ਬਣਾਓ'' ਵਿੱਦਿਅਕ ਪ੍ਰਨਾਲੀ ਸਿੱਖਿਆ ਦੇ ਅਸਲ ਉਦੇਸ਼ ਨੂੰ ਢਾਹ ਲਾਉਂਦੀ ਹੈ"},"image_url":null},{"id":"c","text":{"en":"","pa":"ਕਿਉਂਕਿ ਚੰਗੀ ਪੜ੍ਹਾਈ ਤੋਂ ਬਾਅਦ ਵੀ ਰੁਜ਼ਗਾਰ ਨਹੀਂ ਮਿਲ ਰਿਹਾ"},"image_url":null},{"id":"d","text":{"en":"","pa":"ਰਾਜਨੀਤੀ ਬਾਰੇ ਸੂਝ ਨਾ ਹੋਣ ਕਾਰਨ"},"image_url":null}]', '["b"]', '{"en":"Clerk-making system is the cause.","pa":"ਕਲਰਕ ਬਣਾਓ'' ਵਿੱਦਿਅਕ ਪ੍ਰਨਾਲੀ ਕਾਰਨ।"}', 1, '0.00', NULL, 10, '47d6fbd4-0bf2-41fe-8928-aa2758208407', NULL, 2, NULL),
('584af501-5213-4da2-a1ce-35f7e2fda29f', 'b7e59d99-d190-42a2-b98a-9d8501549850', 'mcq_single', '{"en":"ਰੁਜ਼ਗਾਰ ਪ੍ਰਾਪਤੀ ਵਿਦਿਆਰਥੀਆਂ ਦਾ ਦੂਜਾ ਪਹਿਲੂ ਕਿਉਂ ਹੈ?","pa":"ਰੁਜ਼ਗਾਰ ਪ੍ਰਾਪਤੀ ਵਿਦਿਆਰਥੀਆਂ ਦਾ ਦੂਜਾ ਪਹਿਲੂ ਕਿਉਂ ਹੈ?"}', '[{"id":"a","text":{"en":"","pa":"ਕਿਉਂਕਿ ਉਹਨਾਂ ਦੇ ਮਾਪਿਆਂ ਕੋਲ ਬਹੁਤ ਧਨ ਹੋ ਸਕਦਾ ਹੈ"},"image_url":null},{"id":"b","text":{"en":"","pa":"ਕਿਉਂਕਿ ਵਿਦਿਆਰਥੀ ਦਾ ਸਮਾਜਿਕ ਤੌਰ ''ਤੇ ਵਿਚਰਨਾ ਜ਼ਰੂਰੀ ਨਹੀਂ ਹੈ"},"image_url":null},{"id":"c","text":{"en":"","pa":"ਕਿਉਂਕਿ ਰੁਜ਼ਗਾਰ ਤੋਂ ਪਹਿਲਾਂ ਪਰਉਪਕਾਰ ਕਰਨਾ ਜ਼ਰੂਰੀ ਹੈ"},"image_url":null},{"id":"d","text":{"en":"","pa":"ਉਪਰੋਕਤ ਸਾਰੇ"},"image_url":null}]', '["c"]', '{"en":"Altruism is the primary aim.","pa":"ਵਿੱਦਿਆ ਦਾ ਪਹਿਲਾ ਉਦੇਸ਼ ਪਰਉਪਕਾਰ ਹੈ।"}', 1, '0.00', NULL, 11, '47d6fbd4-0bf2-41fe-8928-aa2758208407', NULL, 4, NULL),
('4e64709f-cfde-4b86-a7e8-1225c76bf2a5', 'f23ff4cf-45a8-487d-b8c3-8f2db321e8a8', 'paragraph', '{"en":"Hindi Comprehension Passage","pa":"महानगरों में भीड़ होती है, समाज या लोग नहीं बसते। भीड़ उसे कहते हैं, जहाँ लोगों का जमघट होता है। लोग तो होते हैं लेकिन उनकी छाती में हृदय नहीं होता... सारा पड़ोस, सारे संबंध इस फ्रिज में ''फ्रीज़'' रहते हैं।"}', NULL, '[]', NULL, 1, '0.00', NULL, 9, NULL, 'a74c82b8-608e-484e-a611-3f78aef8e52b', 4, NULL),
('6962899c-df69-45b1-968b-0b72ad5838e3', '896e7dd4-de53-4806-97e4-71af218ffd0f', 'mcq_single', '{"en":"_______ is a possible result of excessive social media use.","pa":"_______ is a possible result of excessive social media use."}', '[{"id":"a","text":{"en":"Improved physical and mental health","pa":"Improved physical and mental health"},"image_url":null},{"id":"b","text":{"en":"Addiction and wastage of valuable time","pa":"Addiction and wastage of valuable time"},"image_url":null},{"id":"c","text":{"en":"Increased face-to-face conversation","pa":"Increased face-to-face conversation"},"image_url":null},{"id":"d","text":{"en":"None of the above","pa":"None of the above"},"image_url":null}]', '["b"]', '{"en":"Leads to addiction and wasting time.","pa":"Leads to addiction and wasting time."}', 1, '0.00', NULL, 19, '0a1aff0d-245b-49f1-b0d5-8838399226b0', NULL, 3, NULL),
('67c7d162-fa00-436c-bf15-53ab38ef30aa', '896e7dd4-de53-4806-97e4-71af218ffd0f', 'mcq_single', '{"en":"Meaning of ''leverage'' in context?","pa":"Meaning of ''leverage'' in context?"}', '[{"id":"a","text":{"en":"to waste resources","pa":"to waste resources"},"image_url":null},{"id":"b","text":{"en":"to avoid using resources to your advantage","pa":"to avoid using resources to your advantage"},"image_url":null},{"id":"c","text":{"en":"to use resources to your advantage","pa":"to use resources to your advantage"},"image_url":null},{"id":"d","text":{"en":"to destroy resources","pa":"to destroy resources"},"image_url":null}]', '["c"]', '{"en":"To use to maximum advantage.","pa":"To use to maximum advantage."}', 1, '0.00', NULL, 18, '0a1aff0d-245b-49f1-b0d5-8838399226b0', NULL, 4, NULL),
('5965c4c8-ce98-44c3-8d26-da17973c4a6f', 'b7e59d99-d190-42a2-b98a-9d8501549850', 'mcq_single', '{"en":"ਹੇਠ ਲਿਖੇ ਵਾਕਾਂ ਵਿੱਚੋਂ ਸਮਾਨ-ਯੋਜਕ ਵਾਲਾ ਵਾਕ ਚੁਣੋ :","pa":"ਹੇਠ ਲਿਖੇ ਵਾਕਾਂ ਵਿੱਚੋਂ ਸਮਾਨ-ਯੋਜਕ ਵਾਲਾ ਵਾਕ ਚੁਣੋ :"}', '[{"id":"a","text":{"en":"","pa":"ਉਹ ਕਮਜ਼ੋਰ ਹੈ ਪਰ ਡਰਾਕਲ ਨਹੀਂ"}},{"id":"b","text":{"en":"","pa":"ਇਹ ਠੀਕ ਹੈ ਕਿ ਮੈਂ ਉਸ ਨੂੰ ਜਾਣਦਾ ਹਾਂ"}},{"id":"c","text":{"en":"","pa":"ਰਾਜਪਾਲ ਸੈਰ ਕਰਦਾ ਹੈ ਤਾਂਜੋ ਉਹ ਸਿਹਤਮੰਦ ਰਹੇ"}},{"id":"d","text":{"en":"","pa":"ਜੇਕਰ ਤੁਸੀਂ ਸਫਲ ਹੋਣਾ ਹੈ ਤਾਂ ਦਿਲ ਲਾ ਕੇ ਮਿਹਨਤ ਕਰੋ"}}]', '["a"]', '{"en":"Par'' (But) is a coordinating conjunction.","pa":"ਪਰ'' ਇੱਕ ਸਮਾਨ ਯੋਜਕ ਹੈ।"}', 1, '0.00', NULL, 6, NULL, NULL, 3, NULL),
('b61773dd-5f5c-4d9c-b63f-68b6ad0c84e6', 'b7e59d99-d190-42a2-b98a-9d8501549850', 'mcq_single', '{"en":"ਜਦੋਂ ਕੋਈ ਵਿਅਕਤੀ ਮੁਕਾਬਲੇ ਲਈ ਤਿਆਰ ਬਰ ਤਿਆਰ ਹੋਵੇ ਤਾਂ ਕਿਹੜੇ ਮੁਹਾਵਰੇ ਦੀ ਵਰਤੋਂ ਕੀਤੀ ਜਾਂਦੀ ਹੈ ?","pa":"ਜਦੋਂ ਕੋਈ ਵਿਅਕਤੀ ਮੁਕਾਬਲੇ ਲਈ ਤਿਆਰ ਬਰ ਤਿਆਰ ਹੋਵੇ ਤਾਂ ਕਿਹੜੇ ਮੁਹਾਵਰੇ ਦੀ ਵਰਤੋਂ ਕੀਤੀ ਜਾਂਦੀ ਹੈ ?"}', '[{"id":"a","text":{"en":"","pa":"ਇੱਟ ਕੁੱਤੇ ਦਾ ਵੈਰ ਹੋਣਾ"}},{"id":"b","text":{"en":"","pa":"ਈਨ ਮੰਨਣਾ"}},{"id":"c","text":{"en":"","pa":"ਇੱਟ ਨਾਲ ਇੱਟ ਖੜਕਾਉਣਾ"}},{"id":"d","text":{"en":"","pa":"ਇੱਟ ਚੁੱਕਦੇ ਨੂੰ ਪੱਥਰ ਤਿਆਰ"}}]', '["d"]', '{"en":"The idiom ''Itt chukde nu pathar tyaar'' implies being fully prepared.","pa":"ਮੁਹਾਵਰਾ ''ਇੱਟ ਚੁੱਕਦੇ ਨੂੰ ਪੱਥਰ ਤਿਆਰ'' ਦਾ ਅਰਥ ਹੈ ਮੁਕਾਬਲੇ ਲਈ ਪੂਰੀ ਤਰ੍ਹਾਂ ਤਿਆਰ ਰਹਿਣਾ।"}', 1, '0.00', NULL, 3, NULL, NULL, 2, NULL),
('72f0842f-d19c-416f-a830-72732075c7be', 'b7e59d99-d190-42a2-b98a-9d8501549850', 'mcq_single', '{"en":"ਜੀ ਹਾਂ, ਮੈਂ ਖੇਡਾਂਗਾ।'' ਵਾਕ ਵਿੱਚ ਕਿਰਿਆ-ਵਿਸ਼ੇਸ਼ਣ ਦੀ ਕਿਹੜੀ ਕਿਸਮ ਦੀ ਵਰਤੋਂ ਹੋਈ ਹੈ?","pa":"ਜੀ ਹਾਂ, ਮੈਂ ਖੇਡਾਂਗਾ।'' ਵਾਕ ਵਿੱਚ ਕਿਰਿਆ-ਵਿਸ਼ੇਸ਼ਣ ਦੀ ਕਿਹੜੀ ਕਿਸਮ ਦੀ ਵਰਤੋਂ ਹੋਈ ਹੈ?"}', '[{"id":"a","text":{"en":"","pa":"ਨਿਸ਼ਚੇਵਾਚਕ ਕਿਰਿਆ ਵਿਸ਼ੇਸ਼ਣ"}},{"id":"b","text":{"en":"","pa":"ਪ੍ਰਕਾਰਵਾਚਕ ਕਿਰਿਆ-ਵਿਸ਼ੇਸ਼ਣ"}},{"id":"c","text":{"en":"","pa":"ਕਾਲਵਾਚਕ ਕਿਰਿਆ ਵਿਸ਼ੇਸ਼ਣ"}},{"id":"d","text":{"en":"","pa":"ਪਰਿਮਾਣਵਾਚਕ ਕਿਰਿਆ-ਵਿਸ਼ੇਸ਼ਣ"}}]', '["a"]', '{"en":"Ji Haan'' indicates certainty.","pa":"ਜੀ ਹਾਂ'' ਨਿਸ਼ਚੇ ਜਾਂ ਹਾਂ-ਪੱਖੀ ਭਾਵ ਪ੍ਰਗਟ ਕਰਦਾ ਹੈ।"}', 1, '0.00', NULL, 4, NULL, NULL, 4, NULL),
('8ee54b0c-7cb8-49a1-9789-0bd0833720c6', 'b7e59d99-d190-42a2-b98a-9d8501549850', 'mcq_single', '{"en":"ਤੁਹਾਡੇ ਕੱਪੜੇ ਚੰਗੇ ਸਿਉਂਤੇ ਹੋਏ ਹਨ।'' ਵਾਕ ਵਿੱਚ ਲਕੀਰਿਆ ਸ਼ਬਦ ਕਿਹੜਾ ਵਿਸ਼ੇਸ਼ਣ ਹੈ?","pa":"ਤੁਹਾਡੇ ਕੱਪੜੇ ਚੰਗੇ ਸਿਉਂਤੇ ਹੋਏ ਹਨ।'' ਵਾਕ ਵਿੱਚ ਲਕੀਰਿਆ ਸ਼ਬਦ ਕਿਹੜਾ ਵਿਸ਼ੇਸ਼ਣ ਹੈ?"}', '[{"id":"a","text":{"en":"","pa":"ਗੁਣਵਾਚਕ ਵਿਸ਼ੇਸ਼ਣ"}},{"id":"b","text":{"en":"","pa":"ਨਿਸ਼ਚੇਵਾਚਕ ਵਿਸ਼ੇਸ਼ਣ"}},{"id":"c","text":{"en":"","pa":"ਪੜਨਾਂਵੀ ਵਿਸ਼ੇਸ਼ਣ"}},{"id":"d","text":{"en":"","pa":"ਪਰਿਮਾਣਵਾਚਕ ਵਿਸ਼ੇਸ਼ਣ"}}]', '["c"]', '{"en":"Tuhade'' is a pronominal adjective.","pa":"ਤੁਹਾਡੇ'' ਸ਼ਬਦ ਪੜਨਾਂਵ ਹੁੰਦੇ ਹੋਏ ਵਿਸ਼ੇਸ਼ਣ ਦਾ ਕੰਮ ਕਰ ਰਿਹਾ ਹੈ।"}', 1, '0.00', NULL, 5, NULL, NULL, 3, NULL),
('4fc25634-0585-42ef-b7af-a81a44537175', '896e7dd4-de53-4806-97e4-71af218ffd0f', 'mcq_single', '{"en":"Passive voice: ''They have cut down the apple tree.''","pa":"Passive voice: ''They have cut down the apple tree.''"}', '[{"id":"a","text":{"en":"The apple tree has been cut down by them.","pa":""}},{"id":"b","text":{"en":"The apple tree has been cutted down by them.","pa":""}},{"id":"c","text":{"en":"The apple tree had been cut down by them.","pa":""}},{"id":"d","text":{"en":"The apple tree have been cut down by them.","pa":""}}]', '["a"]', '{"en":"Present perfect passive: has been cut.","pa":""}', 1, '0.00', NULL, 15, NULL, NULL, 4, NULL),
('7b40a05f-ac07-4d81-8430-02ad06cf5cac', 'b7e59d99-d190-42a2-b98a-9d8501549850', 'mcq_single', '{"en":"ਜਦੋਂ ਕੋਈ ਵਿਅਕਤੀ ਮੁਕਾਬਲੇ ਲਈ ਤਿਆਰ ਬਰ ਤਿਆਰ ਹੋਵੇ ਤਾਂ ਕਿਹੜੇ ਮੁਹਾਵਰੇ ਦੀ ਵਰਤੋਂ ਕੀਤੀ ਜਾਂਦੀ ਹੈ ?","pa":"ਜਦੋਂ ਕੋਈ ਵਿਅਕਤੀ ਮੁਕਾਬਲੇ ਲਈ ਤਿਆਰ ਬਰ ਤਿਆਰ ਹੋਵੇ ਤਾਂ ਕਿਹੜੇ ਮੁਹਾਵਰੇ ਦੀ ਵਰਤੋਂ ਕੀਤੀ ਜਾਂਦੀ ਹੈ ?"}', '[{"id":"a","text":{"en":"","pa":"ਇੱਟ ਕੁੱਤੇ ਦਾ ਵੈਰ ਹੋਣਾ"}},{"id":"b","text":{"en":"","pa":"ਈਨ ਮੰਨਣਾ"}},{"id":"c","text":{"en":"","pa":"ਇੱਟ ਨਾਲ ਇੱਟ ਖੜਕਾਉਣਾ"}},{"id":"d","text":{"en":"","pa":"ਇੱਟ ਚੁੱਕਦੇ ਨੂੰ ਪੱਥਰ ਤਿਆਰ"}}]', '["d"]', '{"en":"The idiom ''Itt chukde nu pathar tyaar'' implies being fully prepared.","pa":"ਮੁਹਾਵਰਾ ''ਇੱਟ ਚੁੱਕਦੇ ਨੂੰ ਪੱਥਰ ਤਿਆਰ'' ਦਾ ਅਰਥ ਹੈ ਮੁਕਾਬਲੇ ਲਈ ਪੂਰੀ ਤਰ੍ਹਾਂ ਤਿਆਰ ਰਹਿਣਾ।"}', 1, '0.00', NULL, 14, NULL, NULL, 2, NULL),
('24e901b5-9f79-410f-9e26-9e3d51aca77a', 'b7e59d99-d190-42a2-b98a-9d8501549850', 'mcq_single', '{"en":"ਜੀ ਹਾਂ, ਮੈਂ ਖੇਡਾਂਗਾ।'' ਵਾਕ ਵਿੱਚ ਕਿਰਿਆ-ਵਿਸ਼ੇਸ਼ਣ ਦੀ ਕਿਹੜੀ ਕਿਸਮ ਦੀ ਵਰਤੋਂ ਹੋਈ ਹੈ?","pa":"ਜੀ ਹਾਂ, ਮੈਂ ਖੇਡਾਂਗਾ।'' ਵਾਕ ਵਿੱਚ ਕਿਰਿਆ-ਵਿਸ਼ੇਸ਼ਣ ਦੀ ਕਿਹੜੀ ਕਿਸਮ ਦੀ ਵਰਤੋਂ ਹੋਈ ਹੈ?"}', '[{"id":"a","text":{"en":"","pa":"ਨਿਸ਼ਚੇਵਾਚਕ ਕਿਰਿਆ ਵਿਸ਼ੇਸ਼ਣ"}},{"id":"b","text":{"en":"","pa":"ਪ੍ਰਕਾਰਵਾਚਕ ਕਿਰਿਆ-ਵਿਸ਼ੇਸ਼ਣ"}},{"id":"c","text":{"en":"","pa":"ਕਾਲਵਾਚਕ ਕਿਰਿਆ ਵਿਸ਼ੇਸ਼ਣ"}},{"id":"d","text":{"en":"","pa":"ਪਰਿਮਾਣਵਾਚਕ ਕਿਰਿਆ-ਵਿਸ਼ੇਸ਼ਣ"}}]', '["a"]', '{"en":"Ji Haan'' indicates certainty.","pa":"ਜੀ ਹਾਂ'' ਨਿਸ਼ਚੇ ਜਾਂ ਹਾਂ-ਪੱਖੀ ਭਾਵ ਪ੍ਰਗਟ ਕਰਦਾ ਹੈ।"}', 1, '0.00', NULL, 15, NULL, NULL, 2, NULL),
('33f4d73d-7c27-4113-83c3-9b0a61a61fe1', 'b7e59d99-d190-42a2-b98a-9d8501549850', 'mcq_single', '{"en":"ਤੁਹਾਡੇ ਕੱਪੜੇ ਚੰਗੇ ਸਿਉਂਤੇ ਹੋਏ ਹਨ।'' ਵਾਕ ਵਿੱਚ ਲਕੀਰਿਆ ਸ਼ਬਦ ਕਿਹੜਾ ਵਿਸ਼ੇਸ਼ਣ ਹੈ?","pa":"ਤੁਹਾਡੇ ਕੱਪੜੇ ਚੰਗੇ ਸਿਉਂਤੇ ਹੋਏ ਹਨ।'' ਵਾਕ ਵਿੱਚ ਲਕੀਰਿਆ ਸ਼ਬਦ ਕਿਹੜਾ ਵਿਸ਼ੇਸ਼ਣ ਹੈ?"}', '[{"id":"a","text":{"en":"","pa":"ਗੁਣਵਾਚਕ ਵਿਸ਼ੇਸ਼ਣ"}},{"id":"b","text":{"en":"","pa":"ਨਿਸ਼ਚੇਵਾਚਕ ਵਿਸ਼ੇਸ਼ਣ"}},{"id":"c","text":{"en":"","pa":"ਪੜਨਾਂਵੀ ਵਿਸ਼ੇਸ਼ਣ"}},{"id":"d","text":{"en":"","pa":"ਪਰਿਮਾਣਵਾਚਕ ਵਿਸ਼ੇਸ਼ਣ"}}]', '["c"]', '{"en":"Tuhade'' is a pronominal adjective.","pa":"ਤੁਹਾਡੇ'' ਸ਼ਬਦ ਪੜਨਾਂਵ ਹੁੰਦੇ ਹੋਏ ਵਿਸ਼ੇਸ਼ਣ ਦਾ ਕੰਮ ਕਰ ਰਿਹਾ ਹੈ।"}', 1, '0.00', NULL, 16, NULL, NULL, 4, NULL),
('d6984b4e-97e7-464b-bb0d-06e29bd5bee9', 'b7e59d99-d190-42a2-b98a-9d8501549850', 'mcq_single', '{"en":"ਹੇਠ ਲਿਖੇ ਵਾਕਾਂ ਵਿੱਚੋਂ ਸਮਾਨ-ਯੋਜਕ ਵਾਲਾ ਵਾਕ ਚੁਣੋ :","pa":"ਹੇਠ ਲਿਖੇ ਵਾਕਾਂ ਵਿੱਚੋਂ ਸਮਾਨ-ਯੋਜਕ ਵਾਲਾ ਵਾਕ ਚੁਣੋ :"}', '[{"id":"a","text":{"en":"","pa":"ਉਹ ਕਮਜ਼ੋਰ ਹੈ ਪਰ ਡਰਾਕਲ ਨਹੀਂ"}},{"id":"b","text":{"en":"","pa":"ਇਹ ਠੀਕ ਹੈ ਕਿ ਮੈਂ ਉਸ ਨੂੰ ਜਾਣਦਾ ਹਾਂ"}},{"id":"c","text":{"en":"","pa":"ਰਾਜਪਾਲ ਸੈਰ ਕਰਦਾ ਹੈ ਤਾਂਜੋ ਉਹ ਸਿਹਤਮੰਦ ਰਹੇ"}},{"id":"d","text":{"en":"","pa":"ਜੇਕਰ ਤੁਸੀਂ ਸਫਲ ਹੋਣਾ ਹੈ ਤਾਂ ਦਿਲ ਲਾ ਕੇ ਮਿਹਨਤ ਕਰੋ"}}]', '["a"]', '{"en":"Par'' (But) is a coordinating conjunction.","pa":"ਪਰ'' ਇੱਕ ਸਮਾਨ ਯੋਜਕ ਹੈ।"}', 1, '0.00', NULL, 17, NULL, NULL, 4, NULL),
('114c0f2a-78ce-4e7c-bfd0-aa1fdc89d5e9', '896e7dd4-de53-4806-97e4-71af218ffd0f', 'mcq_single', '{"en":"Combine: ''It was an extremely cold day. I could not work at all.''","pa":"Combine: ''It was an extremely cold day. I could not work at all.''"}', '[{"id":"a","text":{"en":"Since it was an extremely cold day, I could not work at all.","pa":""}},{"id":"b","text":{"en":"I could not work at all, because it was an extremely cold day.","pa":""}},{"id":"c","text":{"en":"It being an extremely cold day, I could not work at all.","pa":""}},{"id":"d","text":{"en":"It was an extremely cold day, therefore I could not work at all.","pa":""}}]', '["c"]', '{"en":"Participial phrase ''It being...''","pa":""}', 1, '0.00', NULL, 12, NULL, NULL, 2, NULL),
('1b779373-9dc8-4384-9d57-9c5812029446', 'f23ff4cf-45a8-487d-b8c3-8f2db321e8a8', 'mcq_single', '{"en":"बंदर घुड़की, गीदड़ धमकी'' लोकोक्ति का क्या अर्थ है ?","pa":"बंदर घुड़की, गीदड़ धमकी'' लोकोक्ति का क्या अर्थ है ?"}', '[{"id":"a","text":{"en":"","pa":"झूठा रौब दिखाना"}},{"id":"b","text":{"en":"","pa":"बंदर द्वारा घोड़ी पर चढ़कर गीदड़ को धमकाना"}},{"id":"c","text":{"en":"","pa":"बंदर द्वारा घोड़े पर चढ़कर गीदड़ को धमकाना"}},{"id":"d","text":{"en":"","pa":"बंदर द्वारा छलांगें लगाकर गीदड़ को धमकी देना"}}]', '["a"]', '{"en":"Empty threat.","pa":"खोਖਲਾ ਰੋਹਬ ਜਾਂ ਝੂਠੀ ਧਮਕੀ।"}', 1, '0.00', NULL, 1, NULL, NULL, 4, NULL),
('75cf1cd8-96a6-4641-81eb-17b9fef15499', 'f23ff4cf-45a8-487d-b8c3-8f2db321e8a8', 'mcq_single', '{"en":"उत्तर'' शब्द के अनेकार्थक शब्द का सही विकल्प चुनिए -","pa":"उत्तर'' शब्द के अनेकार्थक शब्द का सही विकल्प चुनिए -"}', '[{"id":"a","text":{"en":"","pa":"उतरना, बाद का, मन से उतरना"}},{"id":"b","text":{"en":"","pa":"नीचे उतरना, पूर्व, जवाब"}},{"id":"c","text":{"en":"","pa":"बाद का, जवाब, उत्तर दिशा"}},{"id":"d","text":{"en":"","pa":"कारण, प्रतिकार, पश्चिम"}}]', '["c"]', '{"en":"Answer, North, Subsequent.","pa":"ਉੱਤਰ ਦੇ ਅਰਥ: ਜਵਾਬ, ਉੱਤਰ ਦਿਸ਼ਾ, ਬਾਅਦ ਦਾ।"}', 1, '0.00', NULL, 2, NULL, NULL, 2, NULL),
('cc0b17a0-26b0-4187-b29c-4e10511e3c87', 'f23ff4cf-45a8-487d-b8c3-8f2db321e8a8', 'mcq_single', '{"en":"निम्नलिखित विकल्पों में से शुद्ध वाक्य को चुनकर लिखिए -","pa":"निम्नलिखित विकल्पों में से शुद्ध वाक्य को चुनकर लिखिए -"}', '[{"id":"a","text":{"en":"","pa":"मैं स्कूल जाना है।"}},{"id":"b","text":{"en":"","pa":"मुझे स्कूल जाना है।"}},{"id":"c","text":{"en":"","pa":"मेरे को स्कूल जाना है।"}},{"id":"d","text":{"en":"","pa":"मेरे द्वारा स्कूल जाना है।"}}]', '["b"]', '{"en":"Grammatically correct.","pa":"ਮੈਨੂੰ ਸਕੂਲ ਜਾਣਾ ਹੈ (ਸ਼ੁੱਧ ਰੂਪ)।"}', 1, '0.00', NULL, 7, NULL, NULL, 3, NULL),
('3d4d2bc6-ec1c-4a96-a609-d04800e630a6', 'f23ff4cf-45a8-487d-b8c3-8f2db321e8a8', 'mcq_single', '{"en":"रमेश'' शब्द का सही संधि-विच्छेद चुनिए -","pa":"रमेश'' शब्द का सही संधि-विच्छेद चुनिए -"}', '[{"id":"a","text":{"en":"","pa":"रमा + एश"}},{"id":"b","text":{"en":"","pa":"रम + ईश"}},{"id":"c","text":{"en":"","pa":"रमे + श"}},{"id":"d","text":{"en":"","pa":"रमा + ईश"}}]', '["d"]', '{"en":"Rama + Ish.","pa":"ਰਮਾ + ਈਸ਼ = ਰਮੇਸ਼ (ਗੁਣ ਸੰਧੀ)।"}', 1, '0.00', NULL, 8, NULL, NULL, 2, NULL),
('5caa867f-67dd-4d12-b6ac-d56ef7be3d40', '896e7dd4-de53-4806-97e4-71af218ffd0f', 'mcq_single', '{"en":"Which statement is NOT true?","pa":"Which statement is NOT true?"}', '[{"id":"a","text":{"en":"Misinformation leads to confusion.","pa":"Misinformation leads to confusion."},"image_url":null},{"id":"b","text":{"en":"Social media is beneficial only for students.","pa":"Social media is beneficial only for students."},"image_url":null},{"id":"c","text":{"en":"Wise use can lead to personal progress.","pa":"Wise use can lead to personal progress."},"image_url":null},{"id":"d","text":{"en":"Facebook, Twitter and Instagram are online platforms.","pa":"Facebook, Twitter and Instagram are online platforms."},"image_url":null}]', '["b"]', '{"en":"It benefits others too (marketing, etc).","pa":"It benefits others too (marketing, etc)."}', 1, '0.00', NULL, 21, '0a1aff0d-245b-49f1-b0d5-8838399226b0', NULL, 3, NULL);

-- Data for table: exam_schedules
INSERT INTO "exam_schedules" ("id", "exam_id", "start_time", "end_time") VALUES
('a299dd14-7e9d-4760-90f4-6b805e4ddc9b', 'c8959405-cbc7-448b-9860-726acd6abf7b', '"2026-01-20T13:00:40.400Z"', '"2026-01-21T13:00:48.953Z"'),
('61808c58-ccc1-4b64-80db-c8756eca302b', '0c132348-48bf-4024-9dda-7d8f056fffdf', '"2026-01-24T11:03:29.955Z"', '"2026-01-26T18:29:59.000Z"'),
('d3e879dc-f1a8-4de7-ad59-7e9b4fb86471', '0c132348-48bf-4024-9dda-7d8f056fffdf', '"2026-01-27T06:35:00.000Z"', '"2026-01-31T06:35:00.000Z"'),
('d34c0fd5-3812-40a2-8960-a2bdd9d1845f', '0c132348-48bf-4024-9dda-7d8f056fffdf', '"2026-01-27T07:41:00.000Z"', '"2026-01-30T07:41:00.000Z"'),
('867b7e8f-3fac-440b-aada-d6ddea42dff8', '0c132348-48bf-4024-9dda-7d8f056fffdf', '"2026-01-27T07:41:00.000Z"', '"2026-01-30T07:41:00.000Z"');

-- Data for table: exam_assignments
INSERT INTO "exam_assignments" ("id", "exam_id", "student_id", "assigned_at", "max_attempts", "schedule_id") VALUES
('033b0217-2b9c-4645-bd73-16ba6844adf5', 'c8959405-cbc7-448b-9860-726acd6abf7b', 'a5c2ea45-5e26-4750-9278-0e9872b44472', '"2026-01-20T13:00:50.005Z"', 1, NULL),
('87e8b9ac-dcc8-4720-8765-a472b42a4d09', 'c8959405-cbc7-448b-9860-726acd6abf7b', 'c2f00ffd-3f09-4b11-a72f-ede34da885ec', '"2026-01-20T13:00:50.585Z"', 1, NULL),
('713f7c3e-9d49-4fa4-9b16-9e37a5936317', 'c8959405-cbc7-448b-9860-726acd6abf7b', 'db773f0d-6ff8-4b5a-88cd-b9f6765dcdab', '"2026-01-20T13:00:51.196Z"', 1, NULL),
('5eefee20-ffd8-4348-9292-e64902b744a1', '0c132348-48bf-4024-9dda-7d8f056fffdf', 'db773f0d-6ff8-4b5a-88cd-b9f6765dcdab', '"2026-02-09T07:48:05.263Z"', 5, NULL),
('db79764e-dbd2-46a5-8535-4de2503d3a13', '0c132348-48bf-4024-9dda-7d8f056fffdf', 'c2f00ffd-3f09-4b11-a72f-ede34da885ec', '"2026-02-08T11:40:55.571Z"', 4, NULL);

-- Data for table: exam_attempts
INSERT INTO "exam_attempts" ("id", "exam_id", "student_id", "started_at", "submitted_at", "auto_submit", "total_score", "status", "paused_at", "time_spent", "current_question_id", "session_token") VALUES
('eec3cf95-96a3-4276-ab56-88a767e96640', '0c132348-48bf-4024-9dda-7d8f056fffdf', 'a5c2ea45-5e26-4750-9278-0e9872b44472', '"2026-01-21T17:54:48.587Z"', '"2026-01-21T20:54:55.928Z"', TRUE, '2.00', 'submitted', NULL, 0, NULL, NULL),
('8dac3e20-8ac2-4d68-97ca-50d285882278', '0c132348-48bf-4024-9dda-7d8f056fffdf', 'db773f0d-6ff8-4b5a-88cd-b9f6765dcdab', '"2026-01-22T09:39:11.485Z"', '"2026-01-22T09:41:14.718Z"', FALSE, '1.00', 'submitted', NULL, 0, NULL, NULL),
('3396f917-dc04-4855-a901-91e0be48724f', '0c132348-48bf-4024-9dda-7d8f056fffdf', 'c2f00ffd-3f09-4b11-a72f-ede34da885ec', '"2026-01-24T18:09:45.863Z"', '"2026-01-24T21:09:47.770Z"', TRUE, '0.00', 'submitted', NULL, 0, NULL, NULL),
('6c17aead-a48d-4e4c-ac4b-048adf82af56', '0c132348-48bf-4024-9dda-7d8f056fffdf', '9af7a6f4-3904-4b50-8f21-5e7416dc1547', '"2026-01-25T03:21:00.009Z"', '"2026-01-25T03:23:32.185Z"', FALSE, '2.00', 'submitted', NULL, 0, NULL, NULL),
('2443fa9e-364d-45a0-a4dd-a02e7441104c', '0c132348-48bf-4024-9dda-7d8f056fffdf', '9af7a6f4-3904-4b50-8f21-5e7416dc1547', '"2026-02-08T07:10:07.693Z"', '"2026-02-08T08:13:35.822Z"', FALSE, '19.00', 'submitted', NULL, 0, '52f7463b-3a24-4e82-8ac0-0728dba947eb', 'df57ee4e-7833-4ced-bb25-341683755147'),
('96573bb4-c5a0-4cad-9f5b-ca88719f33bb', '0c132348-48bf-4024-9dda-7d8f056fffdf', '74438d36-0bbf-4eb6-aeb4-604d29b813a4', '"2026-01-25T03:50:50.173Z"', '"2026-01-25T04:32:28.643Z"', TRUE, '1.50', 'submitted', NULL, 0, NULL, NULL),
('e63511d7-22ef-4fed-8359-1567408cf54d', 'c8959405-cbc7-448b-9860-726acd6abf7b', 'db773f0d-6ff8-4b5a-88cd-b9f6765dcdab', '"2026-02-09T02:06:12.017Z"', '"2026-02-09T05:57:05.398Z"', TRUE, NULL, 'submitted', NULL, 0, 'dbf3df73-2789-440d-962a-73b52fa4e37e', '5eeaa3a3-ac41-48fd-a653-16d3869730a6'),
('5aca0f1d-2ff9-49c9-97a2-52b8f30f16ea', '0c132348-48bf-4024-9dda-7d8f056fffdf', 'db773f0d-6ff8-4b5a-88cd-b9f6765dcdab', '"2026-01-27T08:13:20.475Z"', '"2026-01-29T12:49:28.221Z"', TRUE, NULL, 'submitted', NULL, 0, NULL, NULL),
('b25ac0b7-bcdc-4804-bbfe-c24c33092a2b', '0c132348-48bf-4024-9dda-7d8f056fffdf', '74438d36-0bbf-4eb6-aeb4-604d29b813a4', '"2026-01-27T07:48:13.995Z"', '"2026-01-29T12:50:39.076Z"', TRUE, NULL, 'submitted', NULL, 0, NULL, NULL),
('4a4eb397-ba29-4da1-8015-4277779426ec', '0c132348-48bf-4024-9dda-7d8f056fffdf', 'c2f00ffd-3f09-4b11-a72f-ede34da885ec', '"2026-01-28T14:27:56.516Z"', '"2026-01-30T07:15:05.728Z"', TRUE, NULL, 'submitted', NULL, 0, NULL, NULL),
('7b83b9ad-0e25-4c8f-acbc-1666ce07449b', '0c132348-48bf-4024-9dda-7d8f056fffdf', '9af7a6f4-3904-4b50-8f21-5e7416dc1547', '"2026-02-08T09:38:14.730Z"', '"2026-02-09T07:54:18.426Z"', FALSE, NULL, 'submitted', NULL, 0, '43caf6e4-ca74-4090-9cc7-daf3108df587', '6c3c3196-9ec0-47e2-bfbb-9686338b71b8'),
('46105ee7-16e8-4ac7-9e91-4c18586b3c81', '5a7abc63-bb69-41d8-ba4c-7338c2f00c60', 'd86543b4-c1b4-4b85-b1e7-29a90c636b88', '"2026-01-30T09:17:11.244Z"', '"2026-01-30T10:17:11.244Z"', FALSE, '4.00', 'submitted', NULL, 1800, NULL, NULL),
('37c04b5a-e235-44d3-8732-4c023a0c27fc', '5a7abc63-bb69-41d8-ba4c-7338c2f00c60', '543ca643-57ad-46ef-ab87-480d3e55b262', '"2026-01-30T09:17:12.083Z"', '"2026-01-30T10:17:12.083Z"', FALSE, '8.00', 'submitted', NULL, 1800, NULL, NULL),
('02374a3b-3b54-419b-86d8-c98255e62b79', '5a7abc63-bb69-41d8-ba4c-7338c2f00c60', 'bbfd306b-6f0f-4ef5-830d-622881b47e64', '"2026-01-30T09:17:13.126Z"', '"2026-01-30T10:17:13.126Z"', FALSE, '12.00', 'submitted', NULL, 1800, NULL, NULL),
('4d504f13-e950-4717-8763-f92c76219774', '5a7abc63-bb69-41d8-ba4c-7338c2f00c60', '7ae0255b-065a-4e9a-b84a-8701be849a5c', '"2026-01-30T09:17:14.085Z"', '"2026-01-30T10:17:14.085Z"', FALSE, '16.00', 'submitted', NULL, 1800, NULL, NULL),
('1e23d336-3607-4cfc-8038-c97e38348c68', '5a7abc63-bb69-41d8-ba4c-7338c2f00c60', 'd8cb12ae-33de-4c15-88ea-01a624159e67', '"2026-01-30T09:17:14.809Z"', '"2026-01-30T10:17:14.809Z"', FALSE, '20.00', 'submitted', NULL, 1800, NULL, NULL),
('47b25bab-a2e8-4d7d-8364-bd09e69b47a0', '0c132348-48bf-4024-9dda-7d8f056fffdf', 'db773f0d-6ff8-4b5a-88cd-b9f6765dcdab', '"2026-02-09T08:03:33.371Z"', '"2026-02-09T08:25:23.107Z"', FALSE, '46.00', 'submitted', NULL, 0, '237100a9-2cfc-456e-80dc-9c111ac8b8d3', '4b4308b0-6cae-47d1-9e1f-1e3e1aacb4f2'),
('0dde3c45-4b73-44f5-be26-7e7b555b4a1f', '0c132348-48bf-4024-9dda-7d8f056fffdf', 'c2f00ffd-3f09-4b11-a72f-ede34da885ec', '"2026-02-08T06:36:51.397Z"', '"2026-02-08T11:41:16.018Z"', TRUE, NULL, 'submitted', NULL, 0, NULL, 'd0264a5e-6b4f-4ddf-a054-761d3b27d14f'),
('97fc56f0-034e-46cd-bebf-9f916a11b47f', '0c132348-48bf-4024-9dda-7d8f056fffdf', 'c2f00ffd-3f09-4b11-a72f-ede34da885ec', '"2026-02-08T01:55:30.812Z"', '"2026-02-08T06:36:43.447Z"', TRUE, NULL, 'submitted', '"2026-02-08T03:18:01.981Z"', 4949, NULL, 'c2c75f14-f671-4c8f-9895-779ea38717bb'),
('38d25730-e9af-431c-85ac-5b6fa6c7ff05', '0c132348-48bf-4024-9dda-7d8f056fffdf', 'db773f0d-6ff8-4b5a-88cd-b9f6765dcdab', '"2026-02-08T11:45:21.372Z"', '"2026-02-08T11:54:52.583Z"', FALSE, '43.00', 'submitted', NULL, 0, 'cc0b17a0-26b0-4187-b29c-4e10511e3c87', '9b8687ea-5b52-4733-b334-c5f3b047e86f'),
('b363e682-6dcf-4456-b624-ff8d5f4688f0', '0c132348-48bf-4024-9dda-7d8f056fffdf', 'db773f0d-6ff8-4b5a-88cd-b9f6765dcdab', '"2026-02-09T12:33:38.072Z"', '"2026-02-09T12:48:09.512Z"', FALSE, '54.00', 'submitted', NULL, 0, 'da51c885-f104-4000-a67d-e94778e1565e', 'ee297aea-0d55-4e04-b4a1-95863277320c'),
('264a8009-a2d4-4dc1-abf1-c37256709d6c', 'c8959405-cbc7-448b-9860-726acd6abf7b', 'c2f00ffd-3f09-4b11-a72f-ede34da885ec', '"2026-02-07T16:36:19.943Z"', '"2026-02-07T16:37:49.023Z"', FALSE, '0.00', 'submitted', NULL, 80, NULL, NULL);

-- Data for table: question_responses
INSERT INTO "question_responses" ("id", "attempt_id", "question_id", "answer", "marked_for_review", "time_spent", "is_correct", "marks_awarded") VALUES
('d32c43aa-f442-4092-8461-7a264202b6d6', '2443fa9e-364d-45a0-a4dd-a02e7441104c', 'a2951efb-88e4-46e1-9e92-ecf9e39eda81', '["a"]', FALSE, NULL, TRUE, '1.00'),
('2cd13b6d-d65a-424f-9eeb-84325a5724fb', 'eec3cf95-96a3-4276-ab56-88a767e96640', 'a2951efb-88e4-46e1-9e92-ecf9e39eda81', '["a"]', FALSE, NULL, TRUE, '1.00'),
('a363fa71-6b77-4e0a-9e3c-c679c5488a28', 'eec3cf95-96a3-4276-ab56-88a767e96640', '1bdba70c-f378-4ba2-97d4-bf564cfd73ba', '["b"]', FALSE, NULL, TRUE, '1.00'),
('5db19ac9-242f-430b-893c-a42134c8f96a', 'eec3cf95-96a3-4276-ab56-88a767e96640', '1c8fe630-311f-4e16-80af-e62b452ae98b', '["c"]', TRUE, NULL, FALSE, '0.00'),
('829579e5-9e78-4ac9-b512-d5f83da907d0', '97fc56f0-034e-46cd-bebf-9f916a11b47f', '1c8fe630-311f-4e16-80af-e62b452ae98b', '["d"]', FALSE, NULL, NULL, NULL),
('32d11902-bb5c-4690-9375-13cb1fd6aa9c', '97fc56f0-034e-46cd-bebf-9f916a11b47f', 'fcdab0a2-28cc-46f4-af34-156f0b544e3f', '["c"]', FALSE, NULL, NULL, NULL),
('1b75b19a-2af3-49c7-8abd-294d297a5f60', '97fc56f0-034e-46cd-bebf-9f916a11b47f', '9455fd70-2216-4cef-91fb-f997fdc67081', '["b"]', FALSE, NULL, NULL, NULL),
('7c99a77b-3e1a-4ca3-a98b-5cb2da47ff53', '97fc56f0-034e-46cd-bebf-9f916a11b47f', 'adf34ff2-889c-4313-a3d4-56528682e09b', '["d"]', FALSE, NULL, NULL, NULL),
('d8f9944b-f1ef-4917-bf44-f2f31dc48a33', '8dac3e20-8ac2-4d68-97ca-50d285882278', 'a2951efb-88e4-46e1-9e92-ecf9e39eda81', '["a"]', FALSE, NULL, TRUE, '1.00'),
('d9ced012-e6ea-476c-9e64-5b8e6ace161d', '8dac3e20-8ac2-4d68-97ca-50d285882278', '1bdba70c-f378-4ba2-97d4-bf564cfd73ba', '["c"]', TRUE, NULL, FALSE, '0.00'),
('fc92a903-ffc7-4a2a-be90-a81839a5a6c8', '8dac3e20-8ac2-4d68-97ca-50d285882278', '1c8fe630-311f-4e16-80af-e62b452ae98b', '["b"]', FALSE, NULL, FALSE, '0.00'),
('4b33443b-f992-4f35-a34c-bfc2d4b60298', '2443fa9e-364d-45a0-a4dd-a02e7441104c', '8ed462c6-26fc-430d-9151-db538a645ffa', '["b"]', FALSE, NULL, FALSE, '0.00'),
('2078688d-3c4b-4cc3-b681-6f315cb8bc04', '97fc56f0-034e-46cd-bebf-9f916a11b47f', '4fc25634-0585-42ef-b7af-a81a44537175', '[]', TRUE, NULL, NULL, NULL),
('9b10eaa0-2a72-4b1a-a88b-ce66d529e819', '6c17aead-a48d-4e4c-ac4b-048adf82af56', '9fbd2cee-71ec-4c34-9b76-d202b36984e2', '["b"]', FALSE, NULL, FALSE, '0.00'),
('b77751c1-69f9-4a02-a224-421f5707f884', '6c17aead-a48d-4e4c-ac4b-048adf82af56', '87924bdb-69f4-4b4c-99ba-f843334de86f', '["a"]', FALSE, NULL, FALSE, '0.00'),
('d683dfa5-7907-40d0-92e5-e90c29aa96d3', '6c17aead-a48d-4e4c-ac4b-048adf82af56', '46308288-7c6c-448d-82d1-8601a7aeda4f', '["c"]', FALSE, NULL, FALSE, '0.00'),
('a40e60fc-1438-4d61-b4d8-e491f7f0ff88', '96573bb4-c5a0-4cad-9f5b-ca88719f33bb', 'a2951efb-88e4-46e1-9e92-ecf9e39eda81', '[]', TRUE, NULL, NULL, NULL),
('f525b9d4-9706-472a-8a54-6b5678acf553', '96573bb4-c5a0-4cad-9f5b-ca88719f33bb', '1c8fe630-311f-4e16-80af-e62b452ae98b', '["b"]', FALSE, NULL, FALSE, '0.00'),
('2c0cd92e-66c0-4957-9f86-5d67b83c53e0', '264a8009-a2d4-4dc1-abf1-c37256709d6c', '7ac20378-9eb4-4461-bc02-7a25423a0dfd', '[]', TRUE, NULL, NULL, NULL),
('2568e834-ea93-4b0d-ba4e-f675a5e71572', '264a8009-a2d4-4dc1-abf1-c37256709d6c', 'dbf3df73-2789-440d-962a-73b52fa4e37e', '[]', TRUE, NULL, NULL, NULL),
('2ad126d3-7510-47de-a22c-8dc23a7cae70', '264a8009-a2d4-4dc1-abf1-c37256709d6c', '46704592-fea3-4cb2-9995-34abaf81ec95', '[]', FALSE, NULL, NULL, NULL),
('a74f4cfc-250b-41dc-9628-5237feaf8ce9', '264a8009-a2d4-4dc1-abf1-c37256709d6c', '7564189d-bb60-458e-98bf-0daa700ce5d1', '["b"]', TRUE, NULL, FALSE, '0.00'),
('f731c00b-e08e-4c50-942c-18e8f12035c6', '264a8009-a2d4-4dc1-abf1-c37256709d6c', 'cdb9131b-11bf-4e8d-8198-2d1ee0cc15ce', '["c"]', TRUE, NULL, FALSE, '0.00'),
('1e3a5249-bd6f-41e6-bd93-011dd07f6ff9', '2443fa9e-364d-45a0-a4dd-a02e7441104c', '0f33e4cb-a5bd-42af-95ba-4ed22f1c929e', '["c"]', FALSE, NULL, FALSE, '0.00'),
('e66bdb42-8a8e-4292-ac75-8604c5ab4460', '2443fa9e-364d-45a0-a4dd-a02e7441104c', '1b18f3a4-b63b-484e-b36f-a4d596916eb6', '["b"]', FALSE, NULL, TRUE, '1.00'),
('567434aa-5476-443e-9cdc-13a587e2b447', '2443fa9e-364d-45a0-a4dd-a02e7441104c', '882c9196-2d64-413d-9d82-86e3047c3db8', '["d"]', FALSE, NULL, TRUE, '1.00'),
('73a49dcc-b60d-40e6-be07-a1c3f6cb70ff', '2443fa9e-364d-45a0-a4dd-a02e7441104c', '67c7d162-fa00-436c-bf15-53ab38ef30aa', '["b"]', FALSE, NULL, FALSE, '0.00'),
('3904a2cc-0b9c-4b97-b640-3c789b490315', '2443fa9e-364d-45a0-a4dd-a02e7441104c', '5bc133fe-41d2-4264-a821-2521c6afca72', '["d"]', FALSE, NULL, FALSE, '0.00'),
('36473c3c-3963-47ad-a01a-46fa52a18577', '2443fa9e-364d-45a0-a4dd-a02e7441104c', '1bdba70c-f378-4ba2-97d4-bf564cfd73ba', '["b"]', FALSE, NULL, TRUE, '1.00'),
('8cc693c6-a2f2-4097-96ce-bb70389631bb', '2443fa9e-364d-45a0-a4dd-a02e7441104c', 'b61773dd-5f5c-4d9c-b63f-68b6ad0c84e6', '["b"]', FALSE, NULL, FALSE, '0.00'),
('cb0af480-61ac-413a-94b7-187541c10642', '2443fa9e-364d-45a0-a4dd-a02e7441104c', '1c8fe630-311f-4e16-80af-e62b452ae98b', '["d"]', FALSE, NULL, TRUE, '1.00'),
('e8d370cd-f3fd-45cd-8cf4-0fd3433a9a9a', '2443fa9e-364d-45a0-a4dd-a02e7441104c', '900e16e3-310a-44d1-a7d6-fb8759582313', '["c"]', FALSE, NULL, TRUE, '1.00'),
('2564524d-a595-45a4-9b66-fbfb15cba00e', '2443fa9e-364d-45a0-a4dd-a02e7441104c', '4fc25634-0585-42ef-b7af-a81a44537175', '["b"]', FALSE, NULL, FALSE, '0.00'),
('67c86b8a-cf45-403d-b4b8-942388cbb994', '2443fa9e-364d-45a0-a4dd-a02e7441104c', 'c578bea1-a83b-4373-a49e-fda1bc26db8e', '["b"]', FALSE, NULL, FALSE, '0.00'),
('00faaaea-641c-40e2-a7ff-d82cf1a8b542', '2443fa9e-364d-45a0-a4dd-a02e7441104c', '46308288-7c6c-448d-82d1-8601a7aeda4f', '["c"]', FALSE, NULL, FALSE, '0.00'),
('26ae36ef-6b73-4c59-a3b3-9badda1baf6a', '2443fa9e-364d-45a0-a4dd-a02e7441104c', '1b779373-9dc8-4384-9d57-9c5812029446', '["b"]', FALSE, NULL, FALSE, '0.00'),
('9f7a09a9-b7ed-4458-b987-0abd16c8bfec', '2443fa9e-364d-45a0-a4dd-a02e7441104c', 'c16cc962-0b49-4fcb-977a-7f7082129f79', '["c"]', FALSE, NULL, TRUE, '1.00'),
('65e191d3-b67e-40f5-b172-ec045f23327f', '2443fa9e-364d-45a0-a4dd-a02e7441104c', '784b0c40-7461-445f-a239-389118e2c673', '["b"]', FALSE, NULL, FALSE, '0.00'),
('2b8f04c4-d0a2-4738-8376-2c21af0ddbf0', '2443fa9e-364d-45a0-a4dd-a02e7441104c', 'bd21a6f7-0245-47c4-81d7-78a72500e043', '["c"]', FALSE, NULL, FALSE, '0.00'),
('604fa81e-aeda-4096-a998-7b4b9472e51a', '2443fa9e-364d-45a0-a4dd-a02e7441104c', '75cf1cd8-96a6-4641-81eb-17b9fef15499', '["b"]', FALSE, NULL, FALSE, '0.00'),
('677b2cb7-26c1-424a-ba54-6540d0ada99a', '2443fa9e-364d-45a0-a4dd-a02e7441104c', 'a71a4e41-2209-48cd-b76d-d49ee9a15b01', '["b"]', FALSE, NULL, FALSE, '0.00'),
('9a07b1d3-eef1-46d6-b64f-68563a365c8c', '2443fa9e-364d-45a0-a4dd-a02e7441104c', '7f02e460-240a-435a-ae0f-f2abc8786b00', '["c"]', FALSE, NULL, FALSE, '0.00'),
('ec37d524-24b0-47e3-97be-8111bac409ac', '2443fa9e-364d-45a0-a4dd-a02e7441104c', '52f7463b-3a24-4e82-8ac0-0728dba947eb', '["b"]', FALSE, NULL, TRUE, '1.00'),
('c4ceb88a-da4e-43ed-91f5-de5ea3be08d0', '2443fa9e-364d-45a0-a4dd-a02e7441104c', '654fddfb-ac28-4c71-a1a9-360d8792dcdd', '["b"]', FALSE, NULL, TRUE, '1.00'),
('f5a60882-b897-4f6f-9c9d-71f26d4eb63c', '2443fa9e-364d-45a0-a4dd-a02e7441104c', 'c9cd6fb1-d7c4-469b-9897-b6c83e69e1c2', '["b"]', FALSE, NULL, FALSE, '0.00'),
('496916b8-f1e6-414a-b23a-01c8334d939b', '2443fa9e-364d-45a0-a4dd-a02e7441104c', 'e66227e0-462a-4451-88b7-6fe65a3d5d11', '["b"]', FALSE, NULL, FALSE, '0.00'),
('0fc73a64-26f4-406f-8edb-7f745fc1bf38', '2443fa9e-364d-45a0-a4dd-a02e7441104c', 'f43974f5-a079-4403-b657-ab15dc2c164b', '["d"]', FALSE, NULL, TRUE, '1.00'),
('7d415061-253d-4dfc-a308-db865687282c', '2443fa9e-364d-45a0-a4dd-a02e7441104c', 'd641bae7-bcd6-4cd4-9a1f-cd8cfb356299', '["c"]', FALSE, NULL, FALSE, '0.00'),
('b3676613-9a85-48b8-b830-8c6e2b6c5bf6', '2443fa9e-364d-45a0-a4dd-a02e7441104c', 'adf34ff2-889c-4313-a3d4-56528682e09b', '["c"]', FALSE, NULL, FALSE, '0.00'),
('1b9757c8-36f5-4b5e-8e44-1fc530549200', '2443fa9e-364d-45a0-a4dd-a02e7441104c', '7fe6a52a-91ff-4ff1-bc93-05f08b66675c', '["c"]', FALSE, NULL, FALSE, '0.00'),
('20bff26a-8c58-48b0-a4fb-1bbe4e8dd485', '2443fa9e-364d-45a0-a4dd-a02e7441104c', '0708d020-ba79-43cd-ac1a-320a951f8dc8', '["a"]', FALSE, NULL, FALSE, '0.00'),
('b0e59d57-4ce7-40b7-bee5-78bdf21cdc98', '2443fa9e-364d-45a0-a4dd-a02e7441104c', '566628a6-23e3-4bdc-8049-adab3aeeb1a7', '["b"]', FALSE, NULL, TRUE, '1.00'),
('591ece4c-f305-4882-8f67-dca104f95d44', '2443fa9e-364d-45a0-a4dd-a02e7441104c', '1f1a0be1-0530-4491-84ce-773e2c7230fa', '["d"]', FALSE, NULL, TRUE, '1.00'),
('72d9f18d-507d-48a9-8375-0e2aec3cab4f', '2443fa9e-364d-45a0-a4dd-a02e7441104c', 'dd805297-23a9-4962-a70d-a289e6ba02f0', '["b"]', FALSE, NULL, TRUE, '1.00'),
('bc9d582a-0a54-4f2c-9949-08d10898de3d', '2443fa9e-364d-45a0-a4dd-a02e7441104c', '5ac770dc-a199-41f4-871b-ca8a3d04d715', '["b"]', FALSE, NULL, TRUE, '1.00'),
('881e28cf-5a9a-4956-be16-35c12e0d2323', '2443fa9e-364d-45a0-a4dd-a02e7441104c', 'a4b753e7-2359-4d9d-a9cb-59560ce5fd47', '["b"]', FALSE, NULL, TRUE, '1.00'),
('91197d88-09b6-44b1-9af8-1bbd788aca46', '2443fa9e-364d-45a0-a4dd-a02e7441104c', '12f60dbf-9d81-4a40-9574-55c303c2f27c', '["c"]', FALSE, NULL, TRUE, '1.00'),
('9977fa1a-6ac5-4de4-9c6e-56de47ca4de0', '2443fa9e-364d-45a0-a4dd-a02e7441104c', '15018f32-596a-4c67-ac32-a115ba095ca9', '["b"]', FALSE, NULL, FALSE, '0.00'),
('63517749-a76a-4da4-827c-e2fa75de697e', '2443fa9e-364d-45a0-a4dd-a02e7441104c', '87924bdb-69f4-4b4c-99ba-f843334de86f', '["c"]', FALSE, NULL, TRUE, '1.00'),
('9ff4c2b1-8381-4883-9628-5ef805f4c8dd', '2443fa9e-364d-45a0-a4dd-a02e7441104c', '9455fd70-2216-4cef-91fb-f997fdc67081', '["b"]', FALSE, NULL, FALSE, '0.00'),
('39616b2c-575a-4381-8d5b-1ab09c72533f', '7b83b9ad-0e25-4c8f-acbc-1666ce07449b', '1c8fe630-311f-4e16-80af-e62b452ae98b', '["d"]', FALSE, NULL, NULL, NULL),
('59c19be6-3844-4c53-8be2-aefb79e5877c', '7b83b9ad-0e25-4c8f-acbc-1666ce07449b', '7f02e460-240a-435a-ae0f-f2abc8786b00', '["c"]', FALSE, NULL, NULL, NULL),
('6b0ae0f7-1d18-4f63-94b1-429eef233913', '7b83b9ad-0e25-4c8f-acbc-1666ce07449b', 'a4b753e7-2359-4d9d-a9cb-59560ce5fd47', '["b"]', FALSE, NULL, NULL, NULL),
('6180fa71-61af-42bf-8bcd-86836fd895b8', '7b83b9ad-0e25-4c8f-acbc-1666ce07449b', '12f60dbf-9d81-4a40-9574-55c303c2f27c', '["c"]', FALSE, NULL, NULL, NULL),
('df451a5e-0db4-4c2a-a083-55ec1140ddd4', '7b83b9ad-0e25-4c8f-acbc-1666ce07449b', 'e66227e0-462a-4451-88b7-6fe65a3d5d11', '["c"]', FALSE, NULL, NULL, NULL),
('e4de3745-fed8-4196-985a-7dbe4d993b69', '7b83b9ad-0e25-4c8f-acbc-1666ce07449b', 'f43974f5-a079-4403-b657-ab15dc2c164b', '["d"]', FALSE, NULL, NULL, NULL),
('d8b9571a-5c3f-4d50-9f13-1ca9ef80f25c', '7b83b9ad-0e25-4c8f-acbc-1666ce07449b', 'd641bae7-bcd6-4cd4-9a1f-cd8cfb356299', '["c"]', FALSE, NULL, NULL, NULL),
('2b21a4f3-8f75-4706-b2cf-db033210d813', '7b83b9ad-0e25-4c8f-acbc-1666ce07449b', 'a2951efb-88e4-46e1-9e92-ecf9e39eda81', '["a"]', FALSE, NULL, NULL, NULL),
('2ffaebe6-2a69-40d4-b349-e7f0f7b9a321', '7b83b9ad-0e25-4c8f-acbc-1666ce07449b', '1bdba70c-f378-4ba2-97d4-bf564cfd73ba', '["b"]', FALSE, NULL, NULL, NULL),
('08d05e23-ffc6-48a6-9419-d273ebca8c35', '7b83b9ad-0e25-4c8f-acbc-1666ce07449b', '900e16e3-310a-44d1-a7d6-fb8759582313', '["b"]', FALSE, NULL, NULL, NULL),
('6420df64-13fa-4c4f-b603-04fd9d67e636', '7b83b9ad-0e25-4c8f-acbc-1666ce07449b', '02784bb9-c8c4-49b1-8f85-5b8954979c13', '["c"]', FALSE, NULL, NULL, NULL),
('86bf681e-ba9e-45c6-9636-b2642936892d', '7b83b9ad-0e25-4c8f-acbc-1666ce07449b', '114c0f2a-78ce-4e7c-bfd0-aa1fdc89d5e9', '["b"]', FALSE, NULL, NULL, NULL),
('ac25b87f-f62c-4d9f-abbb-f8f8d8a8f00f', '7b83b9ad-0e25-4c8f-acbc-1666ce07449b', 'adf34ff2-889c-4313-a3d4-56528682e09b', '["c"]', FALSE, NULL, NULL, NULL),
('1f3943c5-b4ed-4d6c-ba7c-6e4a411ee710', '7b83b9ad-0e25-4c8f-acbc-1666ce07449b', 'c9cd6fb1-d7c4-469b-9897-b6c83e69e1c2', '["b"]', FALSE, NULL, NULL, NULL),
('e4e939a4-96dd-4ca4-97b5-997d2c877210', '7b83b9ad-0e25-4c8f-acbc-1666ce07449b', '67c7d162-fa00-436c-bf15-53ab38ef30aa', '["b"]', FALSE, NULL, NULL, NULL),
('78d8c096-c52c-4c07-bb10-d60386358049', '7b83b9ad-0e25-4c8f-acbc-1666ce07449b', '15369a65-a0d8-43bd-bfd9-9366715ba0b0', '["b"]', FALSE, NULL, NULL, NULL),
('f3b67af7-bd89-4fad-aa5e-768620f2af8c', '7b83b9ad-0e25-4c8f-acbc-1666ce07449b', '0bfeb8f8-b3f2-4798-b12e-5cdde71bca53', '["b"]', FALSE, NULL, NULL, NULL),
('5eedd4a3-256b-450d-9af7-eec40395fb21', '7b83b9ad-0e25-4c8f-acbc-1666ce07449b', 'fac797d4-e21f-495d-aca4-1c9b3d2400a8', '["d"]', FALSE, NULL, NULL, NULL),
('a71f450b-b975-4876-b0cd-f291d45dd41c', '7b83b9ad-0e25-4c8f-acbc-1666ce07449b', '1b74f19f-3cd0-421e-8c1b-932c69447a13', '["c"]', FALSE, NULL, NULL, NULL),
('8642aa54-4737-4480-b381-1463924c1554', '38d25730-e9af-431c-85ac-5b6fa6c7ff05', '900e16e3-310a-44d1-a7d6-fb8759582313', '["b"]', FALSE, NULL, FALSE, '0.00'),
('34c14dbc-9670-4707-a964-042ff08df77e', '7b83b9ad-0e25-4c8f-acbc-1666ce07449b', '237100a9-2cfc-456e-80dc-9c111ac8b8d3', '["c"]', FALSE, NULL, NULL, NULL),
('fda2df3b-ae4b-42a5-b151-52648252c3da', '38d25730-e9af-431c-85ac-5b6fa6c7ff05', 'e66227e0-462a-4451-88b7-6fe65a3d5d11', '["d"]', FALSE, NULL, TRUE, '1.00'),
('8517984c-2dfc-4ea9-91b0-3da988c1b23d', '7b83b9ad-0e25-4c8f-acbc-1666ce07449b', '4fc25634-0585-42ef-b7af-a81a44537175', '["b"]', FALSE, NULL, NULL, NULL),
('029a9092-3480-4720-bf2b-45c13953cf45', '7b83b9ad-0e25-4c8f-acbc-1666ce07449b', '6962899c-df69-45b1-968b-0b72ad5838e3', '["b"]', FALSE, NULL, NULL, NULL),
('2c47c8c4-d0f5-4376-be9c-684249fe0fee', '7b83b9ad-0e25-4c8f-acbc-1666ce07449b', '5ac770dc-a199-41f4-871b-ca8a3d04d715', '["b"]', FALSE, NULL, NULL, NULL),
('96731e60-aa7d-452f-8b8a-743765fd29de', '7b83b9ad-0e25-4c8f-acbc-1666ce07449b', '5caa867f-67dd-4d12-b6ac-d56ef7be3d40', '["b"]', FALSE, NULL, NULL, NULL),
('b65103d8-414c-4718-831a-52fa050d21ee', '7b83b9ad-0e25-4c8f-acbc-1666ce07449b', '986f60eb-1653-4eb3-8ffb-276999863440', '["b"]', FALSE, NULL, NULL, NULL),
('f4ab6889-87ec-42c9-9743-945d0d91c72a', '7b83b9ad-0e25-4c8f-acbc-1666ce07449b', '810e57ce-d1cc-4163-bc9a-5def2f17c021', '["c"]', FALSE, NULL, NULL, NULL),
('eaf5ddae-7d57-4bbd-85a6-a8d2191d1f89', '7b83b9ad-0e25-4c8f-acbc-1666ce07449b', 'cc0b17a0-26b0-4187-b29c-4e10511e3c87', '["b"]', FALSE, NULL, NULL, NULL),
('660f1566-27e8-4e83-ab1a-f781a90547e4', '7b83b9ad-0e25-4c8f-acbc-1666ce07449b', '87924bdb-69f4-4b4c-99ba-f843334de86f', '["c"]', FALSE, NULL, NULL, NULL),
('e1d1d764-01c7-40d3-affc-11c73773bbfa', '7b83b9ad-0e25-4c8f-acbc-1666ce07449b', '9fbd2cee-71ec-4c34-9b76-d202b36984e2', '["c"]', FALSE, NULL, NULL, NULL),
('4abd93fc-928c-45c4-9a31-64a71b2efbc3', '7b83b9ad-0e25-4c8f-acbc-1666ce07449b', '46308288-7c6c-448d-82d1-8601a7aeda4f', '["c"]', FALSE, NULL, NULL, NULL),
('de41fc90-052b-4719-9b1c-f99d51cc7bee', '7b83b9ad-0e25-4c8f-acbc-1666ce07449b', 'bd21a6f7-0245-47c4-81d7-78a72500e043', '["d"]', FALSE, NULL, NULL, NULL),
('6c6fca05-107b-4e3c-a0a2-47bd71aef791', '7b83b9ad-0e25-4c8f-acbc-1666ce07449b', '7f414f6a-4b0e-478f-b65d-6e207abb6657', '["a"]', FALSE, NULL, NULL, NULL),
('bf645b25-7b5a-4233-a319-a82fd55921fa', '7b83b9ad-0e25-4c8f-acbc-1666ce07449b', '3b3f0f44-032f-4e42-af01-a18ae9bfd5ec', '["d"]', FALSE, NULL, NULL, NULL),
('a9f3b32f-d086-4d89-9646-53936dc51d97', '7b83b9ad-0e25-4c8f-acbc-1666ce07449b', '5e6ca2ff-dadf-401d-8ba8-ff8036f779d4', '["a"]', FALSE, NULL, NULL, NULL),
('a7375bdd-11f4-41f5-a34d-64327edd5fbb', '7b83b9ad-0e25-4c8f-acbc-1666ce07449b', '7987aad9-3ecf-483a-af39-5ceb722050f4', '["a"]', FALSE, NULL, NULL, NULL),
('b8906958-01b3-4f3c-b5e3-745554947ee8', '7b83b9ad-0e25-4c8f-acbc-1666ce07449b', '43298c25-c446-4c76-8516-6ea315ea59cd', '["d"]', FALSE, NULL, NULL, NULL),
('27f81088-bd63-40a9-b920-5b7fb748fbf5', '7b83b9ad-0e25-4c8f-acbc-1666ce07449b', '0e33f5ea-51c1-482d-bff8-e4bd017b431c', '["d"]', FALSE, NULL, NULL, NULL),
('588566ac-964c-4812-b199-6e32357a2b38', '7b83b9ad-0e25-4c8f-acbc-1666ce07449b', '428cf00f-77b2-4bb7-8fe3-77e54d18a0dc', '["c"]', FALSE, NULL, NULL, NULL),
('234900c5-d713-43ef-865e-4f0552500fca', '7b83b9ad-0e25-4c8f-acbc-1666ce07449b', '566628a6-23e3-4bdc-8049-adab3aeeb1a7', '["b"]', FALSE, NULL, NULL, NULL),
('47f42ad9-d5bd-4a3b-87a4-cdb491fba3fb', '7b83b9ad-0e25-4c8f-acbc-1666ce07449b', '814deb94-fda5-406c-8699-4d33f2c8551c', '["c"]', FALSE, NULL, NULL, NULL),
('b05cd74a-6fc2-44c3-8fbe-586d27c9efa7', '7b83b9ad-0e25-4c8f-acbc-1666ce07449b', '72f0842f-d19c-416f-a830-72732075c7be', '["c"]', FALSE, NULL, NULL, NULL),
('bcbef2e5-1240-44a6-9e1c-1a2b265e808f', '7b83b9ad-0e25-4c8f-acbc-1666ce07449b', '43a13795-04cb-4bd8-945b-e47ffa17ec01', '["b"]', FALSE, NULL, NULL, NULL),
('e3d0649a-d66a-4712-83ed-d0d4c6dc5763', '7b83b9ad-0e25-4c8f-acbc-1666ce07449b', 'a71a4e41-2209-48cd-b76d-d49ee9a15b01', '["b"]', FALSE, NULL, NULL, NULL),
('a49cbb2e-1694-4e40-ac66-953a80373273', '7b83b9ad-0e25-4c8f-acbc-1666ce07449b', 'dd805297-23a9-4962-a70d-a289e6ba02f0', '["b"]', FALSE, NULL, NULL, NULL),
('cd03e4c2-bfbf-4619-8870-a3aab3c2f673', '7b83b9ad-0e25-4c8f-acbc-1666ce07449b', 'c16cc962-0b49-4fcb-977a-7f7082129f79', '["c"]', FALSE, NULL, NULL, NULL),
('7d472bb0-d5d6-46e8-aa0e-b0af13f3f7e7', '7b83b9ad-0e25-4c8f-acbc-1666ce07449b', '784b0c40-7461-445f-a239-389118e2c673', '["b"]', FALSE, NULL, NULL, NULL),
('d5e13c75-afdc-48a5-b3bb-0228152859c3', '7b83b9ad-0e25-4c8f-acbc-1666ce07449b', '0708d020-ba79-43cd-ac1a-320a951f8dc8', '["a"]', FALSE, NULL, NULL, NULL),
('cf543649-7de6-4071-8d4c-c01e85d3d0a9', '7b83b9ad-0e25-4c8f-acbc-1666ce07449b', 'f9d56897-c7ad-47cb-a540-7db49f613fce', '["b"]', FALSE, NULL, NULL, NULL),
('62304386-e1c4-41ca-86fd-0289db56c1df', '7b83b9ad-0e25-4c8f-acbc-1666ce07449b', '9d25fb81-1866-401c-96cb-c57b59cceef0', '["c"]', FALSE, NULL, NULL, NULL),
('b56565b4-191d-486c-baef-ee0ef6ae82f5', '7b83b9ad-0e25-4c8f-acbc-1666ce07449b', '5965c4c8-ce98-44c3-8d26-da17973c4a6f', '["b"]', FALSE, NULL, NULL, NULL),
('d5e159f9-be01-4d1b-85e2-de8e6785a361', '7b83b9ad-0e25-4c8f-acbc-1666ce07449b', '1f1a0be1-0530-4491-84ce-773e2c7230fa', '["c"]', FALSE, NULL, NULL, NULL),
('e5c4b8b4-727b-4d62-9ef3-bed3580b722b', '7b83b9ad-0e25-4c8f-acbc-1666ce07449b', '197753e8-b568-4929-93d1-4449c1dc3464', '["b"]', FALSE, NULL, NULL, NULL),
('79d88b30-0514-4f2a-bc05-9cc9b67d52ad', '7b83b9ad-0e25-4c8f-acbc-1666ce07449b', '43caf6e4-ca74-4090-9cc7-daf3108df587', '["c"]', FALSE, NULL, NULL, NULL),
('a79392c1-44b5-4248-8a7a-7163b7ad35e0', '38d25730-e9af-431c-85ac-5b6fa6c7ff05', '7fe6a52a-91ff-4ff1-bc93-05f08b66675c', '["c"]', FALSE, NULL, FALSE, '0.00'),
('476ef2ad-e604-46f1-8c79-0ceb45317e95', '38d25730-e9af-431c-85ac-5b6fa6c7ff05', '2caecaee-8d7b-48d0-9a97-6ca1d881f8c4', '["b"]', FALSE, NULL, TRUE, '1.00'),
('fc866396-8393-4a41-a954-4e7a0d59c41a', '38d25730-e9af-431c-85ac-5b6fa6c7ff05', '6ee484f1-52ca-4364-9d2f-ac74f368ec61', '["b"]', FALSE, NULL, TRUE, '1.00'),
('43f0d20f-3829-453c-ab36-e16b288b7720', '38d25730-e9af-431c-85ac-5b6fa6c7ff05', '65dcb19e-24be-4fb2-a81a-b77b48d7935f', '["a"]', FALSE, NULL, TRUE, '1.00'),
('b5329682-943d-41d4-a154-f17c09dd83ba', '38d25730-e9af-431c-85ac-5b6fa6c7ff05', '1f1a0be1-0530-4491-84ce-773e2c7230fa', '["b"]', FALSE, NULL, FALSE, '0.00'),
('b335afa6-099f-4bf9-8dff-b0920aa655aa', '38d25730-e9af-431c-85ac-5b6fa6c7ff05', 'c251728e-a2c7-424e-ac61-6dd8a600589e', '["b"]', FALSE, NULL, FALSE, '0.00'),
('c790a50b-6a77-4238-822c-21cbcc005886', '38d25730-e9af-431c-85ac-5b6fa6c7ff05', 'a0fbceb0-0d49-4245-937d-2f10c0a89179', '["b"]', FALSE, NULL, FALSE, '0.00'),
('a6638a77-67e3-44c7-a404-3e7a1aecae44', '38d25730-e9af-431c-85ac-5b6fa6c7ff05', 'da51c885-f104-4000-a67d-e94778e1565e', '["d"]', FALSE, NULL, TRUE, '1.00'),
('46998f35-7e0a-401f-801d-bcabd437fb8b', '38d25730-e9af-431c-85ac-5b6fa6c7ff05', 'dee3f8b4-ae13-4037-b92d-17ad4062bb21', '["d"]', FALSE, NULL, TRUE, '1.00'),
('111e571f-481f-4079-be63-0c302fdbcf88', '38d25730-e9af-431c-85ac-5b6fa6c7ff05', '30328812-7ceb-4d9f-8ae8-5301b8e7c2f0', '["c"]', FALSE, NULL, FALSE, '0.00'),
('61fc75f1-535d-4ee0-8653-3eaab315e03a', '38d25730-e9af-431c-85ac-5b6fa6c7ff05', 'a4b753e7-2359-4d9d-a9cb-59560ce5fd47', '["b"]', FALSE, NULL, TRUE, '1.00'),
('29a5399d-1cf7-48be-84ce-93efe82d8523', '38d25730-e9af-431c-85ac-5b6fa6c7ff05', '12f60dbf-9d81-4a40-9574-55c303c2f27c', '["c"]', FALSE, NULL, TRUE, '1.00'),
('09be00cc-6c8a-48ea-b91b-7e72ac11e7c0', '38d25730-e9af-431c-85ac-5b6fa6c7ff05', 'a6cf9eec-f7a8-4860-bbe5-c99daf8aebab', '["c"]', FALSE, NULL, TRUE, '1.00'),
('07eeb896-890c-4e7e-9061-c17073bbf016', '38d25730-e9af-431c-85ac-5b6fa6c7ff05', 'f43974f5-a079-4403-b657-ab15dc2c164b', '["d"]', FALSE, NULL, TRUE, '1.00'),
('c5fdd2df-5908-4a92-bc76-3b6abd37111a', '38d25730-e9af-431c-85ac-5b6fa6c7ff05', '1b18f3a4-b63b-484e-b36f-a4d596916eb6', '["b"]', FALSE, NULL, TRUE, '1.00'),
('f993a822-0618-436b-95b8-d266987de369', '38d25730-e9af-431c-85ac-5b6fa6c7ff05', '06d62fcb-5558-47fe-b2bc-ff3028ef4cd4', '["c"]', FALSE, NULL, FALSE, '0.00'),
('90b6333b-95f3-407b-8e5b-5c8195bab5f4', '38d25730-e9af-431c-85ac-5b6fa6c7ff05', '10ecdbab-b102-4048-b012-963009510e47', '["d"]', FALSE, NULL, TRUE, '1.00'),
('74ed1ff1-2f08-4a28-a8b2-703f0c0bd9a9', '38d25730-e9af-431c-85ac-5b6fa6c7ff05', 'a2951efb-88e4-46e1-9e92-ecf9e39eda81', '["a"]', FALSE, NULL, TRUE, '1.00'),
('2d7d804b-b7b6-458f-85ca-fd749f560f2b', '38d25730-e9af-431c-85ac-5b6fa6c7ff05', '1bdba70c-f378-4ba2-97d4-bf564cfd73ba', '["b"]', FALSE, NULL, TRUE, '1.00'),
('85e02051-ec7a-414e-ba76-752ece190d4d', '38d25730-e9af-431c-85ac-5b6fa6c7ff05', '1c8fe630-311f-4e16-80af-e62b452ae98b', '["d"]', FALSE, NULL, TRUE, '1.00'),
('2402d7bc-0f2f-4556-9058-c1027aa9afa1', '38d25730-e9af-431c-85ac-5b6fa6c7ff05', 'dd805297-23a9-4962-a70d-a289e6ba02f0', '["b"]', FALSE, NULL, TRUE, '1.00'),
('808b143a-1603-450d-aa66-f57ad3631e1c', '38d25730-e9af-431c-85ac-5b6fa6c7ff05', '998b5b09-3d42-4251-a309-6572115a4ae5', '["c"]', FALSE, NULL, FALSE, '0.00'),
('9e35ecab-7cd3-4917-8c15-45e0201298db', '38d25730-e9af-431c-85ac-5b6fa6c7ff05', '0f33e4cb-a5bd-42af-95ba-4ed22f1c929e', '["b"]', FALSE, NULL, TRUE, '1.00'),
('9bee1ae5-16c7-493a-9bf5-b5b02e25b08f', '38d25730-e9af-431c-85ac-5b6fa6c7ff05', '7f02e460-240a-435a-ae0f-f2abc8786b00', '["b"]', FALSE, NULL, TRUE, '1.00'),
('df92d026-c871-4b93-b040-fc80f1effddb', '38d25730-e9af-431c-85ac-5b6fa6c7ff05', '3797147b-ba9e-42f0-b665-4f8fa9e14753', '["c"]', FALSE, NULL, TRUE, '1.00'),
('152fdd8d-d9d8-41b9-a310-546cc93a1c86', '38d25730-e9af-431c-85ac-5b6fa6c7ff05', 'd641bae7-bcd6-4cd4-9a1f-cd8cfb356299', '["a"]', FALSE, NULL, TRUE, '1.00'),
('1d4b673c-984b-4093-8855-bd7da023d8a7', '38d25730-e9af-431c-85ac-5b6fa6c7ff05', 'dc5e37ec-6f1d-4f19-827a-a5ca46b4f426', '["b"]', FALSE, NULL, TRUE, '1.00'),
('c9375cdc-14f1-41f2-acba-732076982552', '38d25730-e9af-431c-85ac-5b6fa6c7ff05', '114c0f2a-78ce-4e7c-bfd0-aa1fdc89d5e9', '["a"]', FALSE, NULL, FALSE, '0.00'),
('b715836d-bbe5-4056-af6e-c6309ddc1d3b', '38d25730-e9af-431c-85ac-5b6fa6c7ff05', '1b779373-9dc8-4384-9d57-9c5812029446', '["b"]', FALSE, NULL, FALSE, '0.00'),
('46de4a5f-ce8d-43b7-953b-1af50767ece2', '47b25bab-a2e8-4d7d-8364-bd09e69b47a0', '65dcb19e-24be-4fb2-a81a-b77b48d7935f', '["a"]', FALSE, NULL, TRUE, '1.00'),
('acae89b0-22d0-4f81-b640-2840c952167d', '38d25730-e9af-431c-85ac-5b6fa6c7ff05', '15369a65-a0d8-43bd-bfd9-9366715ba0b0', '["b"]', FALSE, NULL, TRUE, '1.00'),
('b7d2ebba-c656-42a8-b097-e341292152f6', '38d25730-e9af-431c-85ac-5b6fa6c7ff05', '0bfeb8f8-b3f2-4798-b12e-5cdde71bca53', '["b"]', FALSE, NULL, FALSE, '0.00'),
('46bd70d7-f311-4d84-a01b-a0d0f168a7c6', '38d25730-e9af-431c-85ac-5b6fa6c7ff05', '1ecedb20-3be8-4317-a94c-9008b6d42dcb', '["b"]', FALSE, NULL, TRUE, '1.00'),
('b2a89342-2cb1-4d28-b3af-bac32e2a934c', '38d25730-e9af-431c-85ac-5b6fa6c7ff05', '7987aad9-3ecf-483a-af39-5ceb722050f4', '["a"]', FALSE, NULL, TRUE, '1.00'),
('1e816bce-f5d6-4f58-98d5-2320418baaf3', '38d25730-e9af-431c-85ac-5b6fa6c7ff05', '46308288-7c6c-448d-82d1-8601a7aeda4f', '["c"]', FALSE, NULL, FALSE, '0.00'),
('7232a57a-611d-49eb-8efb-901b19b86b98', '38d25730-e9af-431c-85ac-5b6fa6c7ff05', 'bd21a6f7-0245-47c4-81d7-78a72500e043', '["d"]', FALSE, NULL, TRUE, '1.00'),
('8ab5efb8-68c6-4fc8-b2d9-9ff07fda4f39', '38d25730-e9af-431c-85ac-5b6fa6c7ff05', '7f414f6a-4b0e-478f-b65d-6e207abb6657', '["a"]', FALSE, NULL, FALSE, '0.00'),
('b1f557f5-a865-482f-bf8e-9ce72b86d60c', '38d25730-e9af-431c-85ac-5b6fa6c7ff05', '75cf1cd8-96a6-4641-81eb-17b9fef15499', '["b"]', FALSE, NULL, FALSE, '0.00'),
('ce780006-91b7-407c-8070-8c3ee3f06f86', '47b25bab-a2e8-4d7d-8364-bd09e69b47a0', 'f7741111-cd7a-435f-a391-20a02efddfac', '["a"]', FALSE, NULL, TRUE, '1.00'),
('c4dce3f0-70d8-4172-9cbc-be8ac27691ee', '38d25730-e9af-431c-85ac-5b6fa6c7ff05', '5caa867f-67dd-4d12-b6ac-d56ef7be3d40', '["b"]', FALSE, NULL, TRUE, '1.00'),
('90ff0369-1aba-4a7f-85dd-82225f21db5a', 'e63511d7-22ef-4fed-8359-1567408cf54d', '7ac20378-9eb4-4461-bc02-7a25423a0dfd', '["b"]', FALSE, NULL, NULL, NULL),
('9357a861-6b45-4e66-a327-5c5030c31fd5', 'e63511d7-22ef-4fed-8359-1567408cf54d', '7564189d-bb60-458e-98bf-0daa700ce5d1', '["c"]', FALSE, NULL, NULL, NULL),
('275f3f80-3ed1-46b1-8f22-0bdfd593fcfb', 'e63511d7-22ef-4fed-8359-1567408cf54d', '46704592-fea3-4cb2-9995-34abaf81ec95', '["a"]', FALSE, NULL, NULL, NULL),
('cc2d1c99-d906-463b-b96f-7cb3c6d3383d', '38d25730-e9af-431c-85ac-5b6fa6c7ff05', 'a52ab4a5-eaa8-4b97-8b78-490d4e6eb31d', '["d"]', FALSE, NULL, FALSE, '0.00'),
('cad70559-9ccb-46aa-b226-351cfbfef609', '38d25730-e9af-431c-85ac-5b6fa6c7ff05', '3b3f0f44-032f-4e42-af01-a18ae9bfd5ec', '["b"]', FALSE, NULL, FALSE, '0.00'),
('67587da1-39ae-4f48-8c64-664fe734683f', 'e63511d7-22ef-4fed-8359-1567408cf54d', 'fdf54470-dd83-4826-a09f-eddead4010ab', '["c"]', FALSE, NULL, NULL, NULL),
('8ff72511-cd71-4754-9e3f-9d1bbbd102c6', 'e63511d7-22ef-4fed-8359-1567408cf54d', '5ff2ed99-0d49-4efb-9c0e-02460bc070f5', '["c"]', FALSE, NULL, NULL, NULL),
('19eddc28-e664-4f67-b8ae-3e297d8bf4ad', 'e63511d7-22ef-4fed-8359-1567408cf54d', 'e0898139-e749-4351-baa6-f3fa3243bd0e', '["d"]', FALSE, NULL, NULL, NULL),
('4a7f06c4-beba-49fc-a527-d06636e7c3e0', 'e63511d7-22ef-4fed-8359-1567408cf54d', '6ec4bf4f-2b4a-49b8-a395-0867da1eae9f', '["d"]', FALSE, NULL, NULL, NULL),
('921c4dfb-94dc-4d46-9308-a17c929190b1', '38d25730-e9af-431c-85ac-5b6fa6c7ff05', '165446f4-a4b1-4d67-b3fa-7215d534dd24', '["c"]', FALSE, NULL, FALSE, '0.00'),
('66f08690-1615-4ea8-9233-6ebbf6eda9dd', 'e63511d7-22ef-4fed-8359-1567408cf54d', '250b858b-506c-42f7-afb4-8d4200af3a48', '[]', TRUE, NULL, NULL, NULL),
('dfe84b75-f6a2-42b0-a039-7df4c199e1e1', '38d25730-e9af-431c-85ac-5b6fa6c7ff05', '1c1df112-7eab-4540-89e7-d9ddd6a578b9', '["b"]', FALSE, NULL, TRUE, '1.00'),
('fec4be5a-5c68-4189-86ce-cdd109f3d3b6', 'e63511d7-22ef-4fed-8359-1567408cf54d', 'dbf3df73-2789-440d-962a-73b52fa4e37e', '["b"]', TRUE, NULL, NULL, NULL),
('84a5cb79-cd14-413c-bb8b-415b84959627', '38d25730-e9af-431c-85ac-5b6fa6c7ff05', '382db7ac-d0e4-42b9-bf20-a147aa23395c', '["c"]', FALSE, NULL, FALSE, '0.00'),
('5b678759-0aad-42bf-9622-ca1962421b62', '38d25730-e9af-431c-85ac-5b6fa6c7ff05', '8b87c036-05ff-423c-a1f6-5ac5e93ebe4b', '["c"]', TRUE, NULL, TRUE, '1.00'),
('02a3a2be-9e6b-4357-b4c2-48f2e02ecf45', '47b25bab-a2e8-4d7d-8364-bd09e69b47a0', 'b61773dd-5f5c-4d9c-b63f-68b6ad0c84e6', '["c"]', FALSE, NULL, FALSE, '0.00'),
('e417bea0-d1bb-49d9-b775-9fad775e86be', '38d25730-e9af-431c-85ac-5b6fa6c7ff05', '3931f997-443c-48b2-9d1e-08dd52d6f0ec', '["b"]', FALSE, NULL, FALSE, '0.00'),
('be8ed258-f517-489b-b211-81ea5ab83f36', '47b25bab-a2e8-4d7d-8364-bd09e69b47a0', 'a6cf9eec-f7a8-4860-bbe5-c99daf8aebab', '["c"]', FALSE, NULL, TRUE, '1.00'),
('f4ba6305-7295-468b-a415-5fcc458b63a7', '47b25bab-a2e8-4d7d-8364-bd09e69b47a0', '5965c4c8-ce98-44c3-8d26-da17973c4a6f', '["c"]', FALSE, NULL, FALSE, '0.00'),
('d1692c5c-ac4a-4f93-b59f-2f967fef4a24', '38d25730-e9af-431c-85ac-5b6fa6c7ff05', 'cc0b17a0-26b0-4187-b29c-4e10511e3c87', '["d"]', FALSE, NULL, NULL, NULL),
('ee1f862d-b419-4dcd-bd8a-eee572e20fe2', '38d25730-e9af-431c-85ac-5b6fa6c7ff05', '5e6ca2ff-dadf-401d-8ba8-ff8036f779d4', '["a"]', FALSE, NULL, FALSE, '0.00'),
('41b0ceb8-025a-4e9c-af95-36d26605cb12', '38d25730-e9af-431c-85ac-5b6fa6c7ff05', '43298c25-c446-4c76-8516-6ea315ea59cd', '["c"]', FALSE, NULL, FALSE, '0.00'),
('efc9401e-1ecf-49f9-956c-db37ffbd4afd', '38d25730-e9af-431c-85ac-5b6fa6c7ff05', 'c9cd6fb1-d7c4-469b-9897-b6c83e69e1c2', '["b"]', FALSE, NULL, FALSE, '0.00'),
('c251af04-9e7e-4ac8-91bb-53d1b7adf803', '38d25730-e9af-431c-85ac-5b6fa6c7ff05', 'adf34ff2-889c-4313-a3d4-56528682e09b', '["d"]', FALSE, NULL, TRUE, '1.00'),
('8ae28bdd-d8eb-427f-bfeb-e17ccf05f0b2', '38d25730-e9af-431c-85ac-5b6fa6c7ff05', 'bb4ee0b0-ba90-400c-b15b-0ab8e8100b1c', '["c"]', FALSE, NULL, FALSE, '0.00'),
('f674d53c-0888-4e41-9d97-5ea303b47638', '38d25730-e9af-431c-85ac-5b6fa6c7ff05', '87924bdb-69f4-4b4c-99ba-f843334de86f', '["c"]', FALSE, NULL, TRUE, '1.00'),
('0980a506-a002-4161-acb1-d2b093c81694', '38d25730-e9af-431c-85ac-5b6fa6c7ff05', '9fbd2cee-71ec-4c34-9b76-d202b36984e2', '["c"]', FALSE, NULL, TRUE, '1.00'),
('d4f6f30a-70f3-499d-bd0e-e8bef2d3190f', '38d25730-e9af-431c-85ac-5b6fa6c7ff05', 'c16cc962-0b49-4fcb-977a-7f7082129f79', '["c"]', FALSE, NULL, TRUE, '1.00'),
('d403930a-fd2a-4810-a319-a9ab13811f5a', '38d25730-e9af-431c-85ac-5b6fa6c7ff05', '784b0c40-7461-445f-a239-389118e2c673', '["c"]', FALSE, NULL, FALSE, '0.00'),
('9ac4751e-705f-4e76-85c9-1a9306282913', '38d25730-e9af-431c-85ac-5b6fa6c7ff05', '0708d020-ba79-43cd-ac1a-320a951f8dc8', '["a"]', FALSE, NULL, FALSE, '0.00'),
('01587650-db73-4fe3-a307-2bc1ebaa5d76', '38d25730-e9af-431c-85ac-5b6fa6c7ff05', 'f9d56897-c7ad-47cb-a540-7db49f613fce', '["b"]', FALSE, NULL, FALSE, '0.00'),
('1e9d3008-cdbc-4fe9-82ad-4f8668562d71', '38d25730-e9af-431c-85ac-5b6fa6c7ff05', 'b89cc462-d531-48b3-9962-2bc783d732ec', '["b"]', FALSE, NULL, FALSE, '0.00'),
('ee72571b-d380-4692-a50f-df62dcbb0003', '38d25730-e9af-431c-85ac-5b6fa6c7ff05', '5ac770dc-a199-41f4-871b-ca8a3d04d715', '["b"]', FALSE, NULL, TRUE, '1.00'),
('e4b60e3a-1b98-4c1d-99fe-b8f964d213a6', '38d25730-e9af-431c-85ac-5b6fa6c7ff05', 'a2b14866-3e5d-42e4-8c50-3d9ee9f0403f', '["b"]', FALSE, NULL, FALSE, '0.00'),
('3f9cf782-cb8d-42ad-93f1-b3b8cf970d11', '38d25730-e9af-431c-85ac-5b6fa6c7ff05', '810e57ce-d1cc-4163-bc9a-5def2f17c021', '["c"]', FALSE, NULL, TRUE, '1.00'),
('cd9aa65b-37b3-4255-95ee-9733bf59e06c', '38d25730-e9af-431c-85ac-5b6fa6c7ff05', 'fcd18d53-5591-4638-9b6b-dd39ce870da2', '["c"]', FALSE, NULL, FALSE, '0.00'),
('cb51c8b7-5b35-40e8-9939-6ae1f235bbe3', '38d25730-e9af-431c-85ac-5b6fa6c7ff05', '6f2a88b1-3b7b-4e61-a80c-308c837f4004', '["b"]', FALSE, NULL, FALSE, '0.00'),
('06bdeb70-f785-4745-8fed-5abf616f1671', '38d25730-e9af-431c-85ac-5b6fa6c7ff05', '15018f32-596a-4c67-ac32-a115ba095ca9', '["b"]', FALSE, NULL, FALSE, '0.00'),
('5d0dcd63-b1f0-4e8c-95ce-4ee30f127683', '38d25730-e9af-431c-85ac-5b6fa6c7ff05', '6962899c-df69-45b1-968b-0b72ad5838e3', '["b"]', FALSE, NULL, TRUE, '1.00'),
('b3d26060-8b11-4990-b850-b9fbfbb2bfe5', '38d25730-e9af-431c-85ac-5b6fa6c7ff05', '67c7d162-fa00-436c-bf15-53ab38ef30aa', '["c"]', FALSE, NULL, TRUE, '1.00'),
('65b76ac7-d6d5-42e9-b3a8-83a37fc33abb', '38d25730-e9af-431c-85ac-5b6fa6c7ff05', '5965c4c8-ce98-44c3-8d26-da17973c4a6f', '["b"]', FALSE, NULL, FALSE, '0.00'),
('158c33da-ee36-4aec-ac23-1eac1b2a7547', '38d25730-e9af-431c-85ac-5b6fa6c7ff05', 'b61773dd-5f5c-4d9c-b63f-68b6ad0c84e6', '["a"]', FALSE, NULL, FALSE, '0.00'),
('28ff4407-9d1a-4641-9803-ca09086c7dfe', '38d25730-e9af-431c-85ac-5b6fa6c7ff05', '72f0842f-d19c-416f-a830-72732075c7be', '["a"]', FALSE, NULL, TRUE, '1.00'),
('79f7e1b9-2409-481e-82cf-72a2d955eeff', '38d25730-e9af-431c-85ac-5b6fa6c7ff05', '4fc25634-0585-42ef-b7af-a81a44537175', '["b"]', FALSE, NULL, FALSE, '0.00'),
('fe8dc70f-9300-48c5-b0ac-b14a6b9139b0', '47b25bab-a2e8-4d7d-8364-bd09e69b47a0', '1c8fe630-311f-4e16-80af-e62b452ae98b', '["d"]', FALSE, NULL, TRUE, '1.00'),
('d952d6ed-2d5b-4840-826d-d532edc936e4', '47b25bab-a2e8-4d7d-8364-bd09e69b47a0', '51b5fd74-db29-4614-b8ff-29daf8794d4c', '["c"]', FALSE, NULL, TRUE, '1.00'),
('d115a330-5bdf-4cbc-8e9f-fc23b8d57fbc', '47b25bab-a2e8-4d7d-8364-bd09e69b47a0', '33f4d73d-7c27-4113-83c3-9b0a61a61fe1', '["c"]', FALSE, NULL, TRUE, '1.00'),
('cfd115df-b8d2-4e1f-887b-8c34ce3732e2', '47b25bab-a2e8-4d7d-8364-bd09e69b47a0', 'a4b753e7-2359-4d9d-a9cb-59560ce5fd47', '["b"]', FALSE, NULL, TRUE, '1.00'),
('6fee10eb-f10b-4034-85fd-8bf09070eeb5', '47b25bab-a2e8-4d7d-8364-bd09e69b47a0', 'a0fbceb0-0d49-4245-937d-2f10c0a89179', '["a"]', FALSE, NULL, TRUE, '1.00'),
('5b2721e6-55dd-4c97-bf7d-e8b10777f256', '47b25bab-a2e8-4d7d-8364-bd09e69b47a0', 'd641bae7-bcd6-4cd4-9a1f-cd8cfb356299', '["c"]', FALSE, NULL, FALSE, '0.00'),
('ed8d2967-9826-4da4-a000-da7537476102', '47b25bab-a2e8-4d7d-8364-bd09e69b47a0', 'dc5e37ec-6f1d-4f19-827a-a5ca46b4f426', '["b"]', FALSE, NULL, TRUE, '1.00'),
('50550a78-0d0d-4d9d-8d8c-3fe67e74f59b', '47b25bab-a2e8-4d7d-8364-bd09e69b47a0', 'a2951efb-88e4-46e1-9e92-ecf9e39eda81', '["a"]', FALSE, NULL, TRUE, '1.00'),
('c32d0ec3-1a04-4d06-8527-5f0adb85eab0', '47b25bab-a2e8-4d7d-8364-bd09e69b47a0', '10ecdbab-b102-4048-b012-963009510e47', '["d"]', FALSE, NULL, TRUE, '1.00'),
('5b5950fd-2d71-4923-9a87-5eee3a0743cc', '47b25bab-a2e8-4d7d-8364-bd09e69b47a0', '5ac770dc-a199-41f4-871b-ca8a3d04d715', '["c"]', FALSE, NULL, FALSE, '0.00'),
('d84f1e6e-8b74-4761-80aa-2d0d1123470e', '47b25bab-a2e8-4d7d-8364-bd09e69b47a0', '2caecaee-8d7b-48d0-9a97-6ca1d881f8c4', '["c"]', FALSE, NULL, FALSE, '0.00'),
('e078ce8d-7009-4da4-95ea-bd24584f4100', '47b25bab-a2e8-4d7d-8364-bd09e69b47a0', '5caa867f-67dd-4d12-b6ac-d56ef7be3d40', '["b"]', FALSE, NULL, TRUE, '1.00'),
('e7b8689d-fc18-4da7-aa89-373b7e1d7110', '47b25bab-a2e8-4d7d-8364-bd09e69b47a0', '6f2a88b1-3b7b-4e61-a80c-308c837f4004', '["c"]', FALSE, NULL, FALSE, '0.00'),
('5d9189ec-bfa3-490c-999c-c4c9ba93d3f2', '47b25bab-a2e8-4d7d-8364-bd09e69b47a0', '24e901b5-9f79-410f-9e26-9e3d51aca77a', '["b"]', FALSE, NULL, FALSE, '0.00'),
('ee29df26-66d2-4ec5-bfae-08a12ad53e64', '47b25bab-a2e8-4d7d-8364-bd09e69b47a0', '114c0f2a-78ce-4e7c-bfd0-aa1fdc89d5e9', '["a"]', FALSE, NULL, FALSE, '0.00'),
('e4daf7f9-250b-42fb-9bb0-3c0458ce087a', '47b25bab-a2e8-4d7d-8364-bd09e69b47a0', '8ee54b0c-7cb8-49a1-9789-0bd0833720c6', '["b"]', FALSE, NULL, FALSE, '0.00'),
('33faad29-0149-4bd4-bf45-7743ab6e7192', '47b25bab-a2e8-4d7d-8364-bd09e69b47a0', 'e66227e0-462a-4451-88b7-6fe65a3d5d11', '["d"]', FALSE, NULL, TRUE, '1.00'),
('b13e67b8-cf74-4bfa-b4cd-cce23baed21e', '47b25bab-a2e8-4d7d-8364-bd09e69b47a0', '72f0842f-d19c-416f-a830-72732075c7be', '["b"]', FALSE, NULL, FALSE, '0.00'),
('e63b0f36-01d7-4fe5-9694-4310be850b9d', '47b25bab-a2e8-4d7d-8364-bd09e69b47a0', '43a13795-04cb-4bd8-945b-e47ffa17ec01', '["b"]', FALSE, NULL, TRUE, '1.00'),
('12e3d321-2052-4d73-bc5a-de656c8636b0', '47b25bab-a2e8-4d7d-8364-bd09e69b47a0', '584af501-5213-4da2-a1ce-35f7e2fda29f', '["b"]', FALSE, NULL, FALSE, '0.00'),
('9591a9ee-6913-4bc4-a21a-b9739a229a10', '47b25bab-a2e8-4d7d-8364-bd09e69b47a0', '15018f32-596a-4c67-ac32-a115ba095ca9', '["b"]', FALSE, NULL, FALSE, '0.00'),
('02cc9cbf-e606-4b6c-a2ae-c18e366d2e21', '47b25bab-a2e8-4d7d-8364-bd09e69b47a0', '6962899c-df69-45b1-968b-0b72ad5838e3', '["b"]', FALSE, NULL, TRUE, '1.00'),
('4613e395-d188-4a7b-ac12-a8069d2ac9b0', '47b25bab-a2e8-4d7d-8364-bd09e69b47a0', 'f43974f5-a079-4403-b657-ab15dc2c164b', '["d"]', FALSE, NULL, TRUE, '1.00'),
('e59cf95f-de7e-4c68-955f-b0c7b78a5c21', '47b25bab-a2e8-4d7d-8364-bd09e69b47a0', 'bd21a6f7-0245-47c4-81d7-78a72500e043', '["d"]', FALSE, NULL, TRUE, '1.00'),
('a127558f-a2bd-4846-b6f7-67817ea5de2c', '47b25bab-a2e8-4d7d-8364-bd09e69b47a0', '7f414f6a-4b0e-478f-b65d-6e207abb6657', '["a"]', FALSE, NULL, FALSE, '0.00'),
('e0445c85-1231-4fd4-a571-716acfa9d7a4', 'b363e682-6dcf-4456-b624-ff8d5f4688f0', '7f02e460-240a-435a-ae0f-f2abc8786b00', '["b"]', FALSE, NULL, TRUE, '1.00'),
('8dfa73a2-490c-4263-8121-df1d7b0625c8', '47b25bab-a2e8-4d7d-8364-bd09e69b47a0', '3b3f0f44-032f-4e42-af01-a18ae9bfd5ec', '["b"]', FALSE, NULL, FALSE, '0.00'),
('e20edfce-67e9-4c64-85a4-67a41562f2a2', '47b25bab-a2e8-4d7d-8364-bd09e69b47a0', '0e33f5ea-51c1-482d-bff8-e4bd017b431c', '["d"]', FALSE, NULL, TRUE, '1.00'),
('4c4151d9-b1ec-4af8-bb50-47c0323b76e9', '47b25bab-a2e8-4d7d-8364-bd09e69b47a0', '428cf00f-77b2-4bb7-8fe3-77e54d18a0dc', '["c"]', FALSE, NULL, TRUE, '1.00'),
('37f8a209-5ec3-477d-81a6-4bb2736ec4a5', '47b25bab-a2e8-4d7d-8364-bd09e69b47a0', '566628a6-23e3-4bdc-8049-adab3aeeb1a7', '["a"]', FALSE, NULL, FALSE, '0.00'),
('dec4711b-08e9-487d-a78c-a5b3212fc3af', '47b25bab-a2e8-4d7d-8364-bd09e69b47a0', '197753e8-b568-4929-93d1-4449c1dc3464', '["b"]', FALSE, NULL, FALSE, '0.00'),
('7c6533bf-ae19-43b1-ab81-78bc0546b0d7', '47b25bab-a2e8-4d7d-8364-bd09e69b47a0', 'bf64dfc2-5e1c-432d-a86f-9d8d4fad3608', '["b"]', FALSE, NULL, TRUE, '1.00'),
('44ba809f-7d48-4043-b31e-3d28afdd2cda', '47b25bab-a2e8-4d7d-8364-bd09e69b47a0', '814deb94-fda5-406c-8699-4d33f2c8551c', '["c"]', FALSE, NULL, TRUE, '1.00'),
('5394daae-2319-4b85-a115-f5b2384a8e29', 'b363e682-6dcf-4456-b624-ff8d5f4688f0', '87924bdb-69f4-4b4c-99ba-f843334de86f', '["c"]', FALSE, NULL, TRUE, '1.00'),
('d8a6d202-f09c-4b86-a904-f8781d8a9ea0', 'b363e682-6dcf-4456-b624-ff8d5f4688f0', '1c8fe630-311f-4e16-80af-e62b452ae98b', '["d"]', FALSE, NULL, TRUE, '1.00'),
('4b64bc6d-7fc0-42ac-bc7f-cf382cfe0039', '47b25bab-a2e8-4d7d-8364-bd09e69b47a0', '53ef5991-c5ee-410e-8e0c-a2a246d4ca86', '["c"]', FALSE, NULL, TRUE, '1.00'),
('220283bd-a9af-4197-ba49-d1c103cafd52', '47b25bab-a2e8-4d7d-8364-bd09e69b47a0', '33bfec90-1307-4672-8228-b0de7bb1c96a', '["c"]', FALSE, NULL, FALSE, '0.00'),
('b0dbc391-4c57-4399-87a2-5718fb6040ee', 'b363e682-6dcf-4456-b624-ff8d5f4688f0', '7f414f6a-4b0e-478f-b65d-6e207abb6657', '["a"]', FALSE, NULL, FALSE, '0.00'),
('f787d207-b038-44bb-a999-9c98e109bcc8', '47b25bab-a2e8-4d7d-8364-bd09e69b47a0', 'c32b205c-13e5-40e5-9409-2e53090011bb', '["c"]', FALSE, NULL, FALSE, '0.00'),
('ddb3037f-ca80-4fb9-afa9-93e3b43f50d1', 'b363e682-6dcf-4456-b624-ff8d5f4688f0', '46308288-7c6c-448d-82d1-8601a7aeda4f', '["c"]', FALSE, NULL, FALSE, '0.00'),
('fc183f69-a103-41c5-b01e-6e0bd90483f4', 'b363e682-6dcf-4456-b624-ff8d5f4688f0', '3b3f0f44-032f-4e42-af01-a18ae9bfd5ec', '["b"]', FALSE, NULL, FALSE, '0.00'),
('895104a5-30ec-4474-a7bf-5e2d3aba609c', '47b25bab-a2e8-4d7d-8364-bd09e69b47a0', '237100a9-2cfc-456e-80dc-9c111ac8b8d3', '["c"]', FALSE, NULL, FALSE, '0.00'),
('09aa6716-09eb-4556-a710-9bbfa585c089', '47b25bab-a2e8-4d7d-8364-bd09e69b47a0', 'a71a4e41-2209-48cd-b76d-d49ee9a15b01', '["c"]', FALSE, NULL, FALSE, '0.00'),
('b5edb9d0-801a-405b-9ef9-0484bd22ba52', '47b25bab-a2e8-4d7d-8364-bd09e69b47a0', '35374f0c-0c32-413c-a7d2-cff5af67e792', '["b"]', FALSE, NULL, TRUE, '1.00'),
('aeba3f79-45f4-4135-96f5-7e4000e1312f', '47b25bab-a2e8-4d7d-8364-bd09e69b47a0', '9dde1553-7212-4df8-98e1-16f819847f02', '["b"]', FALSE, NULL, FALSE, '0.00'),
('8f5e001f-dc9f-47c2-a50a-07148e8b08db', '47b25bab-a2e8-4d7d-8364-bd09e69b47a0', '654fddfb-ac28-4c71-a1a9-360d8792dcdd', '["b"]', FALSE, NULL, TRUE, '1.00'),
('bc5157b7-7f63-4ca6-ae75-05b2393d1225', '47b25bab-a2e8-4d7d-8364-bd09e69b47a0', '43298c25-c446-4c76-8516-6ea315ea59cd', '["c"]', FALSE, NULL, FALSE, '0.00'),
('dac3f81b-4e86-4528-8a17-2384efd2a060', '47b25bab-a2e8-4d7d-8364-bd09e69b47a0', '52f7463b-3a24-4e82-8ac0-0728dba947eb', '["b"]', FALSE, NULL, TRUE, '1.00'),
('669162de-500d-4a7f-b3b6-b880bb9f1af6', 'b363e682-6dcf-4456-b624-ff8d5f4688f0', '9fbd2cee-71ec-4c34-9b76-d202b36984e2', '["c"]', FALSE, NULL, TRUE, '1.00'),
('a3dd011e-21da-4267-996d-cc976c78a20e', '47b25bab-a2e8-4d7d-8364-bd09e69b47a0', 'cbfb2f46-04dd-4e6b-8841-640ab80df698', '["b"]', FALSE, NULL, FALSE, '0.00'),
('9dab706f-b20b-4287-854b-a962b7b829e9', '47b25bab-a2e8-4d7d-8364-bd09e69b47a0', '5aff8919-198b-455f-9a55-7f424eb56fbb', '["c"]', FALSE, NULL, TRUE, '1.00'),
('4d287c47-85bb-49e1-8338-7e13c5612104', '47b25bab-a2e8-4d7d-8364-bd09e69b47a0', 'd87a490b-d6d1-47ee-8278-e766088e75c1', '["c"]', FALSE, NULL, FALSE, '0.00'),
('97ce3852-1e54-4432-a152-9be619edb87a', '47b25bab-a2e8-4d7d-8364-bd09e69b47a0', 'adf34ff2-889c-4313-a3d4-56528682e09b', '["d"]', FALSE, NULL, TRUE, '1.00'),
('51ec5d69-a141-4e5a-86c7-c5ec51f269c5', '47b25bab-a2e8-4d7d-8364-bd09e69b47a0', '7fe6a52a-91ff-4ff1-bc93-05f08b66675c', '["c"]', FALSE, NULL, FALSE, '0.00'),
('742a6ce8-e1ab-4615-82ad-e5e8a03bc2af', '47b25bab-a2e8-4d7d-8364-bd09e69b47a0', '9ab96cc8-b88b-481c-b4bf-dd43be1e0149', '["c"]', FALSE, NULL, TRUE, '1.00'),
('d17f7f6e-c2dd-46c7-9b09-a5162a70d898', '47b25bab-a2e8-4d7d-8364-bd09e69b47a0', '7b40a05f-ac07-4d81-8430-02ad06cf5cac', '["c"]', FALSE, NULL, FALSE, '0.00'),
('e76e8c15-1f6d-433b-b972-47ed9c1f9152', '47b25bab-a2e8-4d7d-8364-bd09e69b47a0', 'c251728e-a2c7-424e-ac61-6dd8a600589e', '["b"]', FALSE, NULL, FALSE, '0.00'),
('5e695b65-dcac-44a3-ae26-35dc98032c6a', '47b25bab-a2e8-4d7d-8364-bd09e69b47a0', '30328812-7ceb-4d9f-8ae8-5301b8e7c2f0', '["c"]', FALSE, NULL, FALSE, '0.00'),
('1d6b5235-803e-40bd-9dc4-2df8309f7718', '47b25bab-a2e8-4d7d-8364-bd09e69b47a0', '944c64b9-2854-4c2a-aab2-eb62a00d47d0', '["c"]', FALSE, NULL, FALSE, '0.00'),
('b1e4eefa-58d5-4fd1-b9d4-f75a9086956a', '47b25bab-a2e8-4d7d-8364-bd09e69b47a0', '87924bdb-69f4-4b4c-99ba-f843334de86f', '["c"]', FALSE, NULL, TRUE, '1.00'),
('714939ad-a74a-4c96-b270-829616a2c9f6', 'b363e682-6dcf-4456-b624-ff8d5f4688f0', 'a4b753e7-2359-4d9d-a9cb-59560ce5fd47', '["b"]', FALSE, NULL, TRUE, '1.00'),
('9d9d482b-47b6-4d0c-9770-9d248822658c', 'b363e682-6dcf-4456-b624-ff8d5f4688f0', 'bd21a6f7-0245-47c4-81d7-78a72500e043', '["c"]', FALSE, NULL, FALSE, '0.00'),
('de77b51c-f8a7-4a60-b547-1b629599c355', '47b25bab-a2e8-4d7d-8364-bd09e69b47a0', '6da3a0bb-5e69-4e2a-a83f-dedc5dadf2e7', '["c"]', FALSE, NULL, TRUE, '1.00'),
('b50631aa-d20a-48e8-99e1-2680b47cdb54', '47b25bab-a2e8-4d7d-8364-bd09e69b47a0', '18a9ef32-29a2-4cde-a905-81fdbc699439', '["b"]', FALSE, NULL, FALSE, '0.00'),
('1b8a9c45-5047-4a15-bbff-f176f9a219e9', '47b25bab-a2e8-4d7d-8364-bd09e69b47a0', '5e6ca2ff-dadf-401d-8ba8-ff8036f779d4', '["a"]', FALSE, NULL, FALSE, '0.00'),
('cc63cd29-02bb-4aba-a156-f64497dac010', '47b25bab-a2e8-4d7d-8364-bd09e69b47a0', 'f50e79d4-8688-4340-b18e-a54192680302', '["b"]', FALSE, NULL, FALSE, '0.00'),
('69e0f6c4-c5f7-466f-8570-bbef6df5a087', '47b25bab-a2e8-4d7d-8364-bd09e69b47a0', '1f1a0be1-0530-4491-84ce-773e2c7230fa', '["b"]', FALSE, NULL, FALSE, '0.00'),
('74d2f8f9-2bf7-4857-8dd6-ae54024bd094', '47b25bab-a2e8-4d7d-8364-bd09e69b47a0', '9455fd70-2216-4cef-91fb-f997fdc67081', '["b"]', FALSE, NULL, FALSE, '0.00'),
('efaaa341-1f30-4290-9295-b9608fb31021', '47b25bab-a2e8-4d7d-8364-bd09e69b47a0', '8ed462c6-26fc-430d-9151-db538a645ffa', '["b"]', FALSE, NULL, FALSE, '0.00'),
('fbbf71aa-b101-4fc5-bd04-e2dac66411b1', '47b25bab-a2e8-4d7d-8364-bd09e69b47a0', '9fbd2cee-71ec-4c34-9b76-d202b36984e2', '["c"]', FALSE, NULL, TRUE, '1.00'),
('e61f0063-4bd2-47f7-8ccf-79e2468da74f', '47b25bab-a2e8-4d7d-8364-bd09e69b47a0', '58770ec4-57f1-4255-8ccc-44f0347c1733', '["b"]', FALSE, NULL, TRUE, '1.00'),
('b65e33d8-8b2f-46af-be21-6a4158f4cdae', '47b25bab-a2e8-4d7d-8364-bd09e69b47a0', '7f02e460-240a-435a-ae0f-f2abc8786b00', '["b"]', FALSE, NULL, TRUE, '1.00'),
('2a6bc2cc-dfd0-4fe0-9677-bdf0d51df239', '47b25bab-a2e8-4d7d-8364-bd09e69b47a0', '9d25fb81-1866-401c-96cb-c57b59cceef0', '["c"]', FALSE, NULL, FALSE, '0.00'),
('e004bd44-1b7a-406e-a7bb-ffec863ce5e4', '47b25bab-a2e8-4d7d-8364-bd09e69b47a0', 'f9d56897-c7ad-47cb-a540-7db49f613fce', '["b"]', FALSE, NULL, FALSE, '0.00'),
('d6c84640-ad97-4104-8fac-4b6ef2d8fc6d', '47b25bab-a2e8-4d7d-8364-bd09e69b47a0', '12f60dbf-9d81-4a40-9574-55c303c2f27c', '["c"]', FALSE, NULL, TRUE, '1.00'),
('776779b0-66bc-49ac-b6e2-732afecf030d', '47b25bab-a2e8-4d7d-8364-bd09e69b47a0', '1b18f3a4-b63b-484e-b36f-a4d596916eb6', '["b"]', FALSE, NULL, TRUE, '1.00'),
('aa204a02-2a28-4fe5-8926-dad002e21f51', '47b25bab-a2e8-4d7d-8364-bd09e69b47a0', '6ee484f1-52ca-4364-9d2f-ac74f368ec61', '["b"]', FALSE, NULL, TRUE, '1.00'),
('f911e46f-cfbe-45e9-9c85-1aa30ae477e3', '47b25bab-a2e8-4d7d-8364-bd09e69b47a0', 'd920d920-ee4f-4c2a-b695-af77944ea890', '["c"]', FALSE, NULL, FALSE, '0.00'),
('8e770db4-c79e-476e-a9a4-7524d79f33c8', '47b25bab-a2e8-4d7d-8364-bd09e69b47a0', '882c9196-2d64-413d-9d82-86e3047c3db8', '["d"]', FALSE, NULL, TRUE, '1.00'),
('775cc44d-b20b-4003-a544-33ec1a75ac8c', '47b25bab-a2e8-4d7d-8364-bd09e69b47a0', '1f37767f-cd4c-4da8-9240-a1d26ed06997', '["b"]', FALSE, NULL, FALSE, '0.00'),
('b1e38a4c-c00b-44f3-bf92-689d5c64e847', '47b25bab-a2e8-4d7d-8364-bd09e69b47a0', 'f760caf1-a8b6-4ef4-b01f-1ddb5e644a16', '["b"]', FALSE, NULL, TRUE, '1.00'),
('d9801f97-a039-45c7-bb26-629a61426c60', '47b25bab-a2e8-4d7d-8364-bd09e69b47a0', '62a7381c-7d41-4e0a-9fc1-ca94adcb3db1', '["d"]', FALSE, NULL, TRUE, '1.00'),
('1e7a7243-f5cd-4ca7-8694-730ec1f2eefe', '47b25bab-a2e8-4d7d-8364-bd09e69b47a0', 'b6ec3652-6407-48ab-96d0-8acb64506d1f', '["c"]', FALSE, NULL, TRUE, '1.00'),
('eea21ded-1dcf-400a-bc3e-ed75a8aa572c', '47b25bab-a2e8-4d7d-8364-bd09e69b47a0', '0f986f3f-1415-4105-a509-55714d7d2c70', '["d"]', FALSE, NULL, TRUE, '1.00'),
('35b98774-02ab-4d9a-93fb-30ffee3a40d0', '47b25bab-a2e8-4d7d-8364-bd09e69b47a0', '15369a65-a0d8-43bd-bfd9-9366715ba0b0', '["b"]', FALSE, NULL, TRUE, '1.00'),
('5fa04d75-63ba-4126-be8b-aa3600312ec2', '47b25bab-a2e8-4d7d-8364-bd09e69b47a0', '91ec50ed-79ef-4bb7-a496-a807772976cc', '["c"]', FALSE, NULL, TRUE, '1.00'),
('86cd82a4-1351-4fce-9896-d0d8a58bf03d', '47b25bab-a2e8-4d7d-8364-bd09e69b47a0', '0bfeb8f8-b3f2-4798-b12e-5cdde71bca53', '["b"]', FALSE, NULL, FALSE, '0.00'),
('b52a017d-abc2-4532-a3a0-fb666efb8874', '47b25bab-a2e8-4d7d-8364-bd09e69b47a0', '1ecedb20-3be8-4317-a94c-9008b6d42dcb', '["b"]', FALSE, NULL, TRUE, '1.00'),
('156f4207-98ee-4e7c-a804-c0da3e3dd933', '47b25bab-a2e8-4d7d-8364-bd09e69b47a0', '5bc133fe-41d2-4264-a821-2521c6afca72', '["a"]', FALSE, NULL, TRUE, '1.00'),
('d86b395e-30ab-41e6-a087-4357be593210', '47b25bab-a2e8-4d7d-8364-bd09e69b47a0', '7987aad9-3ecf-483a-af39-5ceb722050f4', '["a"]', FALSE, NULL, TRUE, '1.00'),
('843d45e4-86fb-4e81-8aa3-fc61ebc2e346', '47b25bab-a2e8-4d7d-8364-bd09e69b47a0', '46308288-7c6c-448d-82d1-8601a7aeda4f', '["c"]', FALSE, NULL, FALSE, '0.00'),
('19f28296-5c05-48a6-b17b-9b2fce19fe80', 'b363e682-6dcf-4456-b624-ff8d5f4688f0', '654fddfb-ac28-4c71-a1a9-360d8792dcdd', '["b"]', FALSE, NULL, TRUE, '1.00'),
('6930f777-2816-410d-be57-8b98a7249e8e', 'b363e682-6dcf-4456-b624-ff8d5f4688f0', '0e33f5ea-51c1-482d-bff8-e4bd017b431c', '["d"]', FALSE, NULL, TRUE, '1.00'),
('a826c724-2cf1-4528-9689-c32b1ad46c2c', 'b363e682-6dcf-4456-b624-ff8d5f4688f0', 'd7c4b821-0e5c-4307-ac0e-70535e29da86', '["b"]', FALSE, NULL, FALSE, '0.00'),
('b17d633f-042c-4467-be23-2210fe04e9f6', 'b363e682-6dcf-4456-b624-ff8d5f4688f0', '9455fd70-2216-4cef-91fb-f997fdc67081', '["b"]', FALSE, NULL, FALSE, '0.00'),
('7c3e1480-b85b-48b1-b47a-9104ae6c7e9d', 'b363e682-6dcf-4456-b624-ff8d5f4688f0', 'c16cc962-0b49-4fcb-977a-7f7082129f79', '["d"]', FALSE, NULL, FALSE, '0.00'),
('bae14278-c993-4d23-87da-bc87a871c910', 'b363e682-6dcf-4456-b624-ff8d5f4688f0', '35374f0c-0c32-413c-a7d2-cff5af67e792', '["b"]', FALSE, NULL, TRUE, '1.00'),
('210e6dcb-03ae-4b6c-853a-be2ec2be34ca', 'b363e682-6dcf-4456-b624-ff8d5f4688f0', 'a0fbceb0-0d49-4245-937d-2f10c0a89179', '["a"]', FALSE, NULL, TRUE, '1.00'),
('92585dbd-fa34-4f29-8bdc-d1db8ce70285', 'b363e682-6dcf-4456-b624-ff8d5f4688f0', 'f760caf1-a8b6-4ef4-b01f-1ddb5e644a16', '["b"]', FALSE, NULL, TRUE, '1.00'),
('e49a1fb3-045b-4a5c-83e9-3df0760e3831', 'b363e682-6dcf-4456-b624-ff8d5f4688f0', '10ecdbab-b102-4048-b012-963009510e47', '["d"]', FALSE, NULL, TRUE, '1.00'),
('ccba8cc0-d43e-4013-ba8f-4f6093e74952', 'b363e682-6dcf-4456-b624-ff8d5f4688f0', '1b779373-9dc8-4384-9d57-9c5812029446', '["a"]', FALSE, NULL, TRUE, '1.00'),
('239ce5ae-5d3e-4069-88d6-d43b9deea5d8', 'b363e682-6dcf-4456-b624-ff8d5f4688f0', '8ee54b0c-7cb8-49a1-9789-0bd0833720c6', '["b"]', FALSE, NULL, FALSE, '0.00'),
('f03ed6b4-c73f-432a-b493-80e8da700e3e', 'b363e682-6dcf-4456-b624-ff8d5f4688f0', 'a52ab4a5-eaa8-4b97-8b78-490d4e6eb31d', '["b"]', FALSE, NULL, TRUE, '1.00'),
('18fdaaee-50bc-4e98-972c-6fb46ccc0c5b', 'b363e682-6dcf-4456-b624-ff8d5f4688f0', '65dcb19e-24be-4fb2-a81a-b77b48d7935f', '["a"]', FALSE, NULL, TRUE, '1.00'),
('58a908c2-045c-4cd1-840a-eed255385c35', 'b363e682-6dcf-4456-b624-ff8d5f4688f0', '882c9196-2d64-413d-9d82-86e3047c3db8', '["d"]', FALSE, NULL, TRUE, '1.00'),
('681fe39e-0b89-474a-b893-5f141ac6f3a0', 'b363e682-6dcf-4456-b624-ff8d5f4688f0', '8ed462c6-26fc-430d-9151-db538a645ffa', '["b"]', FALSE, NULL, FALSE, '0.00'),
('38e85c6b-4ecb-48bf-903d-b0195a9c1789', 'b363e682-6dcf-4456-b624-ff8d5f4688f0', 'dd805297-23a9-4962-a70d-a289e6ba02f0', '["d"]', FALSE, NULL, FALSE, '0.00'),
('578ca3b0-cece-4aff-be0e-bb2aa695baad', 'b363e682-6dcf-4456-b624-ff8d5f4688f0', 'c578bea1-a83b-4373-a49e-fda1bc26db8e', '["d"]', FALSE, NULL, FALSE, '0.00'),
('2d8f8d11-b55e-46bf-9f62-b5d31fe65fa3', 'b363e682-6dcf-4456-b624-ff8d5f4688f0', '5aff8919-198b-455f-9a55-7f424eb56fbb', '["c"]', FALSE, NULL, TRUE, '1.00'),
('4d0d66d3-39a3-4cbc-b047-2fad57944094', 'b363e682-6dcf-4456-b624-ff8d5f4688f0', '07b28824-9d50-4f63-aad5-446ef7a51e1c', '["b"]', FALSE, NULL, TRUE, '1.00'),
('126fbd34-c8fe-4960-8c11-e905b4f65430', 'b363e682-6dcf-4456-b624-ff8d5f4688f0', '53ef5991-c5ee-410e-8e0c-a2a246d4ca86', '["c"]', FALSE, NULL, TRUE, '1.00'),
('707912a0-865a-4b3c-af9b-d1bdef507022', 'b363e682-6dcf-4456-b624-ff8d5f4688f0', '58770ec4-57f1-4255-8ccc-44f0347c1733', '["a"]', FALSE, NULL, FALSE, '0.00'),
('d97b0f4c-9bd6-43df-ba26-a0df68ab157b', 'b363e682-6dcf-4456-b624-ff8d5f4688f0', '382db7ac-d0e4-42b9-bf20-a147aa23395c', '["b"]', FALSE, NULL, FALSE, '0.00'),
('78aeb05c-0e56-4252-b3ce-8516a6314c60', 'b363e682-6dcf-4456-b624-ff8d5f4688f0', '784b0c40-7461-445f-a239-389118e2c673', '["c"]', FALSE, NULL, FALSE, '0.00'),
('8f7d47f4-8cae-4d10-bb30-8a1bdd019805', 'b363e682-6dcf-4456-b624-ff8d5f4688f0', '5e6ca2ff-dadf-401d-8ba8-ff8036f779d4', '["a"]', FALSE, NULL, FALSE, '0.00'),
('ebb70d7c-76bc-464c-8f8e-cf4b2c8070f8', 'b363e682-6dcf-4456-b624-ff8d5f4688f0', 'a71a4e41-2209-48cd-b76d-d49ee9a15b01', '["b"]', FALSE, NULL, FALSE, '0.00'),
('0f6d6070-a37e-4758-918c-23af99b8d0d9', 'b363e682-6dcf-4456-b624-ff8d5f4688f0', '566628a6-23e3-4bdc-8049-adab3aeeb1a7', '["a"]', FALSE, NULL, FALSE, '0.00'),
('fd90952e-7bd5-45e4-b1ef-09f5fc2746f0', 'b363e682-6dcf-4456-b624-ff8d5f4688f0', 'd4e486ef-e8d7-4e41-bbda-e53de4b74966', '["c"]', FALSE, NULL, FALSE, '0.00'),
('d84e35f0-364b-4e16-9839-3765c96cb930', 'b363e682-6dcf-4456-b624-ff8d5f4688f0', 'd87a490b-d6d1-47ee-8278-e766088e75c1', '["c"]', FALSE, NULL, FALSE, '0.00'),
('fd665b44-e06f-40e3-ae46-8551e9474789', 'b363e682-6dcf-4456-b624-ff8d5f4688f0', '75cf1cd8-96a6-4641-81eb-17b9fef15499', '["c"]', FALSE, NULL, TRUE, '1.00'),
('413e2485-3dd6-4ecb-be30-c6ec9e441fa8', 'b363e682-6dcf-4456-b624-ff8d5f4688f0', 'a6cf9eec-f7a8-4860-bbe5-c99daf8aebab', '["c"]', FALSE, NULL, TRUE, '1.00'),
('1e370882-e508-4823-b2f2-bfbefd956fe6', 'b363e682-6dcf-4456-b624-ff8d5f4688f0', 'df27405c-f29d-4247-aa1e-2163149a62a2', '["b"]', FALSE, NULL, TRUE, '1.00'),
('7be7cbe6-359a-413f-bf14-00cfaf5e706e', 'b363e682-6dcf-4456-b624-ff8d5f4688f0', '15369a65-a0d8-43bd-bfd9-9366715ba0b0', '["b"]', FALSE, NULL, TRUE, '1.00'),
('21fc63ce-87af-4289-bbc8-5c3bec275d0b', 'b363e682-6dcf-4456-b624-ff8d5f4688f0', 'a2951efb-88e4-46e1-9e92-ecf9e39eda81', '["a"]', FALSE, NULL, TRUE, '1.00'),
('763a0aa8-076b-4d96-9048-867c44b49543', 'b363e682-6dcf-4456-b624-ff8d5f4688f0', '114c0f2a-78ce-4e7c-bfd0-aa1fdc89d5e9', '["a"]', FALSE, NULL, FALSE, '0.00'),
('7ce04dbf-38e9-43b0-bc3a-f524d68d2ee2', 'b363e682-6dcf-4456-b624-ff8d5f4688f0', '62a7381c-7d41-4e0a-9fc1-ca94adcb3db1', '["d"]', FALSE, NULL, TRUE, '1.00'),
('943d1389-3598-45fc-9e75-f5e8711f3437', 'b363e682-6dcf-4456-b624-ff8d5f4688f0', '5965c4c8-ce98-44c3-8d26-da17973c4a6f', '["b"]', FALSE, NULL, FALSE, '0.00'),
('74efbf3a-2726-475a-a2d9-e9d7486a1276', 'b363e682-6dcf-4456-b624-ff8d5f4688f0', '0bfeb8f8-b3f2-4798-b12e-5cdde71bca53', '["b"]', FALSE, NULL, FALSE, '0.00'),
('61b7d7b6-0b94-48ce-9340-f1da814ad0dc', 'b363e682-6dcf-4456-b624-ff8d5f4688f0', '6aed645d-2e6f-4360-bee5-08fbb9cfcd4b', '["b"]', FALSE, NULL, TRUE, '1.00'),
('03b6b553-62db-4da1-9318-81327c705644', 'b363e682-6dcf-4456-b624-ff8d5f4688f0', 'd6f8d47a-205f-4676-b1a0-ad77a6e11ab0', '["b"]', FALSE, NULL, FALSE, '0.00'),
('adebec3b-ecb5-4f87-911f-6f3252839151', 'b363e682-6dcf-4456-b624-ff8d5f4688f0', '9d25fb81-1866-401c-96cb-c57b59cceef0', '["b"]', FALSE, NULL, FALSE, '0.00'),
('cd64386d-e8d6-46cc-93ac-b3289f584057', 'b363e682-6dcf-4456-b624-ff8d5f4688f0', 'c32b205c-13e5-40e5-9409-2e53090011bb', '["b"]', FALSE, NULL, FALSE, '0.00'),
('19fa416d-ca34-4bc5-a951-0249ded215e4', 'b363e682-6dcf-4456-b624-ff8d5f4688f0', '1ecedb20-3be8-4317-a94c-9008b6d42dcb', '["b"]', FALSE, NULL, TRUE, '1.00'),
('24ac2451-5d1e-4950-81b8-7dbcd882b5a7', 'b363e682-6dcf-4456-b624-ff8d5f4688f0', '33bfec90-1307-4672-8228-b0de7bb1c96a', '["c"]', FALSE, NULL, FALSE, '0.00'),
('dcd79d73-a9ae-4d80-aa7d-02e7aef9a17e', 'b363e682-6dcf-4456-b624-ff8d5f4688f0', 'f9d56897-c7ad-47cb-a540-7db49f613fce', '["b"]', FALSE, NULL, FALSE, '0.00'),
('5682ae1d-e52b-4296-9108-61dd29a6aff7', 'b363e682-6dcf-4456-b624-ff8d5f4688f0', '17aecee8-62cb-4398-b716-59b7274b4a53', '["b"]', FALSE, NULL, FALSE, '0.00'),
('24b844bb-1ce2-4845-b719-141246e32114', 'b363e682-6dcf-4456-b624-ff8d5f4688f0', 'fcd18d53-5591-4638-9b6b-dd39ce870da2', '["b"]', FALSE, NULL, FALSE, '0.00'),
('4bb49c5d-c7ca-479e-aac2-670cf8774307', 'b363e682-6dcf-4456-b624-ff8d5f4688f0', '5ac770dc-a199-41f4-871b-ca8a3d04d715', '["c"]', FALSE, NULL, FALSE, '0.00'),
('4278d01a-cdc8-4cf1-9721-63eda821a2ec', 'b363e682-6dcf-4456-b624-ff8d5f4688f0', 'f7741111-cd7a-435f-a391-20a02efddfac', '["b"]', FALSE, NULL, FALSE, '0.00'),
('a99d7665-92ab-4645-802e-2240134cd348', 'b363e682-6dcf-4456-b624-ff8d5f4688f0', '814deb94-fda5-406c-8699-4d33f2c8551c', '["b"]', FALSE, NULL, FALSE, '0.00'),
('bbec44e4-0953-448a-9a01-60c37cc466df', 'b363e682-6dcf-4456-b624-ff8d5f4688f0', 'd641bae7-bcd6-4cd4-9a1f-cd8cfb356299', '["a"]', FALSE, NULL, TRUE, '1.00'),
('8575ddcc-1b19-417a-944c-f3419c89d121', 'b363e682-6dcf-4456-b624-ff8d5f4688f0', 'c9cd6fb1-d7c4-469b-9897-b6c83e69e1c2', '["c"]', FALSE, NULL, FALSE, '0.00'),
('e7c6f785-6a3b-4c46-9bcd-1ab4e579a7b3', 'b363e682-6dcf-4456-b624-ff8d5f4688f0', '5caa867f-67dd-4d12-b6ac-d56ef7be3d40', '["c"]', FALSE, NULL, FALSE, '0.00'),
('81873614-6904-4465-9186-c92e88b50d81', 'b363e682-6dcf-4456-b624-ff8d5f4688f0', 'adf34ff2-889c-4313-a3d4-56528682e09b', '["d"]', FALSE, NULL, TRUE, '1.00'),
('f1ba62ad-cdd0-46a7-99aa-5c4610c13f1a', 'b363e682-6dcf-4456-b624-ff8d5f4688f0', '67c7d162-fa00-436c-bf15-53ab38ef30aa', '["b"]', FALSE, NULL, FALSE, '0.00'),
('933b24f3-534e-4bea-876a-d1d6baaf0b22', 'b363e682-6dcf-4456-b624-ff8d5f4688f0', '6a7ee031-5c76-431a-a580-3920bc6770b7', '["c"]', FALSE, NULL, TRUE, '1.00'),
('ed296ce2-8dd3-4869-a989-51539b0e0e21', 'b363e682-6dcf-4456-b624-ff8d5f4688f0', 'f43974f5-a079-4403-b657-ab15dc2c164b', '["d"]', FALSE, NULL, TRUE, '1.00'),
('a0e3264c-c6f5-4cef-a508-2798dec23b69', 'b363e682-6dcf-4456-b624-ff8d5f4688f0', '2caecaee-8d7b-48d0-9a97-6ca1d881f8c4', '["b"]', FALSE, NULL, TRUE, '1.00'),
('385ae1aa-9277-41e8-85e1-c2f66769b784', 'b363e682-6dcf-4456-b624-ff8d5f4688f0', '4fc25634-0585-42ef-b7af-a81a44537175', '["b"]', FALSE, NULL, FALSE, '0.00'),
('a4869696-2ad2-4163-a3c9-a8a1eb4b9b34', 'b363e682-6dcf-4456-b624-ff8d5f4688f0', 'dc5e37ec-6f1d-4f19-827a-a5ca46b4f426', '["b"]', FALSE, NULL, TRUE, '1.00'),
('eb74ada3-f8d4-456b-bec6-db56f7dbbe0c', 'b363e682-6dcf-4456-b624-ff8d5f4688f0', '15018f32-596a-4c67-ac32-a115ba095ca9', '["c"]', FALSE, NULL, TRUE, '1.00'),
('9c346d98-2ec6-4d38-a802-93d0809547fb', 'b363e682-6dcf-4456-b624-ff8d5f4688f0', 'b6ec3652-6407-48ab-96d0-8acb64506d1f', '["c"]', FALSE, NULL, TRUE, '1.00'),
('566f1f36-0139-4ab7-b852-e84a58b8e78c', 'b363e682-6dcf-4456-b624-ff8d5f4688f0', '43298c25-c446-4c76-8516-6ea315ea59cd', '["c"]', FALSE, NULL, FALSE, '0.00'),
('f9262119-7418-4065-95de-7927ecd21cc9', 'b363e682-6dcf-4456-b624-ff8d5f4688f0', 'b61773dd-5f5c-4d9c-b63f-68b6ad0c84e6', '["c"]', FALSE, NULL, FALSE, '0.00'),
('fc59811c-09c6-4402-889d-c0fb3277a47b', 'b363e682-6dcf-4456-b624-ff8d5f4688f0', '6f2a88b1-3b7b-4e61-a80c-308c837f4004', '["b"]', FALSE, NULL, FALSE, '0.00'),
('4eda4fb0-ed46-46c8-a69f-144b76337aaa', 'b363e682-6dcf-4456-b624-ff8d5f4688f0', '5d5db3f8-7308-4c46-90ef-71a1a3861c70', '["b"]', FALSE, NULL, FALSE, '0.00'),
('af2f538a-7f57-49cf-809e-192657400532', 'b363e682-6dcf-4456-b624-ff8d5f4688f0', '72f0842f-d19c-416f-a830-72732075c7be', '["b"]', FALSE, NULL, FALSE, '0.00'),
('a6ed5329-b29a-4c99-927e-169454a572a6', 'b363e682-6dcf-4456-b624-ff8d5f4688f0', '4c69133f-fddb-4f2f-abc3-a6bf6537eb34', '["a"]', FALSE, NULL, TRUE, '1.00'),
('10fe967b-ec23-4c1d-9039-53711c39b3e3', 'b363e682-6dcf-4456-b624-ff8d5f4688f0', '6962899c-df69-45b1-968b-0b72ad5838e3', '["b"]', FALSE, NULL, TRUE, '1.00'),
('d554e506-9010-4dee-9820-5555ecf460dd', 'b363e682-6dcf-4456-b624-ff8d5f4688f0', '51b5fd74-db29-4614-b8ff-29daf8794d4c', '["a"]', FALSE, NULL, FALSE, '0.00'),
('df7104b1-df0d-41aa-9bbc-3f90d6f10cf2', 'b363e682-6dcf-4456-b624-ff8d5f4688f0', 'fac797d4-e21f-495d-aca4-1c9b3d2400a8', '["d"]', FALSE, NULL, TRUE, '1.00'),
('09f3464c-ac2a-44cb-ac98-57c03cc9fd5d', 'b363e682-6dcf-4456-b624-ff8d5f4688f0', '1b74f19f-3cd0-421e-8c1b-932c69447a13', '["b"]', FALSE, NULL, TRUE, '1.00'),
('dd1eb136-406c-447c-864e-0756379860b4', 'b363e682-6dcf-4456-b624-ff8d5f4688f0', '1f37767f-cd4c-4da8-9240-a1d26ed06997', '["b"]', FALSE, NULL, FALSE, '0.00'),
('5e17ca96-d3ab-4d0d-8e51-e24c48b30306', 'b363e682-6dcf-4456-b624-ff8d5f4688f0', '91ec50ed-79ef-4bb7-a496-a807772976cc', '["c"]', FALSE, NULL, TRUE, '1.00'),
('ac718704-1335-409c-9cca-da83d281ed1e', 'b363e682-6dcf-4456-b624-ff8d5f4688f0', '86d08180-6955-47d9-9e9d-1df7b6919632', '["c"]', FALSE, NULL, FALSE, '0.00'),
('cddfe7f2-4aae-4035-8282-9622ecc5970a', 'b363e682-6dcf-4456-b624-ff8d5f4688f0', '3ce1652f-72cd-4300-be42-320dfcac595c', '["c"]', FALSE, NULL, TRUE, '1.00'),
('28e8e297-23cb-40b0-a34d-fdf54016b890', 'b363e682-6dcf-4456-b624-ff8d5f4688f0', 'a2b14866-3e5d-42e4-8c50-3d9ee9f0403f', '["b"]', FALSE, NULL, FALSE, '0.00'),
('bc32c840-0ac7-45fb-8fbc-8ad83952da43', 'b363e682-6dcf-4456-b624-ff8d5f4688f0', '900e16e3-310a-44d1-a7d6-fb8759582313', '["c"]', FALSE, NULL, TRUE, '1.00'),
('0246577d-79ff-4695-9d8d-571b5b8f0813', 'b363e682-6dcf-4456-b624-ff8d5f4688f0', '1bdba70c-f378-4ba2-97d4-bf564cfd73ba', '["b"]', FALSE, NULL, TRUE, '1.00'),
('d6849981-a725-4305-99f6-107ae9eeb3ce', 'b363e682-6dcf-4456-b624-ff8d5f4688f0', '9ab96cc8-b88b-481c-b4bf-dd43be1e0149', '["d"]', FALSE, NULL, FALSE, '0.00'),
('d39adfde-521f-4a47-9858-95ee8bbeee05', 'b363e682-6dcf-4456-b624-ff8d5f4688f0', '30328812-7ceb-4d9f-8ae8-5301b8e7c2f0', '["c"]', FALSE, NULL, FALSE, '0.00'),
('9d14dcbf-4d8a-44fe-b38c-72fd86aa1bb3', 'b363e682-6dcf-4456-b624-ff8d5f4688f0', '0708d020-ba79-43cd-ac1a-320a951f8dc8', '["a"]', FALSE, NULL, FALSE, '0.00'),
('67ae8865-5415-4b33-85a0-844d198d4550', 'b363e682-6dcf-4456-b624-ff8d5f4688f0', 'da51c885-f104-4000-a67d-e94778e1565e', '["d"]', FALSE, NULL, TRUE, '1.00'),
('dda98833-496f-4652-8c7d-524f4eeab004', 'b363e682-6dcf-4456-b624-ff8d5f4688f0', '998b5b09-3d42-4251-a309-6572115a4ae5', '["b"]', FALSE, NULL, FALSE, '0.00'),
('01c5a718-a0f5-4562-bf5f-c23ee5f9e1b1', 'b363e682-6dcf-4456-b624-ff8d5f4688f0', '0f33e4cb-a5bd-42af-95ba-4ed22f1c929e', '["b"]', FALSE, NULL, TRUE, '1.00'),
('2e956a2c-8084-4a97-b3fb-b4446d1c4ad7', 'b363e682-6dcf-4456-b624-ff8d5f4688f0', '197753e8-b568-4929-93d1-4449c1dc3464', '["c"]', FALSE, NULL, FALSE, '0.00'),
('07e183e5-40a3-428e-84a8-10c7a384d845', 'b363e682-6dcf-4456-b624-ff8d5f4688f0', '43caf6e4-ca74-4090-9cc7-daf3108df587', '["c"]', FALSE, NULL, FALSE, '0.00'),
('d839ea19-9809-4c2d-acbe-60788410fc62', 'b363e682-6dcf-4456-b624-ff8d5f4688f0', '06d62fcb-5558-47fe-b2bc-ff3028ef4cd4', '["c"]', FALSE, NULL, FALSE, '0.00'),
('c7cd9f44-2a37-46cf-990d-b2760e19dbee', 'b363e682-6dcf-4456-b624-ff8d5f4688f0', '1b18f3a4-b63b-484e-b36f-a4d596916eb6', '["c"]', FALSE, NULL, FALSE, '0.00'),
('abc17b9c-73da-44b9-b6fa-04983d3d022e', 'b363e682-6dcf-4456-b624-ff8d5f4688f0', '6ee484f1-52ca-4364-9d2f-ac74f368ec61', '["b"]', FALSE, NULL, TRUE, '1.00'),
('20e8323d-96ac-416b-b363-84b73809d62e', 'b363e682-6dcf-4456-b624-ff8d5f4688f0', '02784bb9-c8c4-49b1-8f85-5b8954979c13', '["c"]', FALSE, NULL, TRUE, '1.00'),
('8bed0f2a-3ff5-4354-bd94-1c56373db658', 'b363e682-6dcf-4456-b624-ff8d5f4688f0', '986f60eb-1653-4eb3-8ffb-276999863440', '["c"]', FALSE, NULL, TRUE, '1.00'),
('d9a8d8be-1473-4745-b4ee-c704075dfbdd', 'b363e682-6dcf-4456-b624-ff8d5f4688f0', 'f50e79d4-8688-4340-b18e-a54192680302', '["b"]', FALSE, NULL, FALSE, '0.00'),
('7eaa58a6-a489-41dc-8500-38bf7e5e7d69', 'b363e682-6dcf-4456-b624-ff8d5f4688f0', '3797147b-ba9e-42f0-b665-4f8fa9e14753', '["c"]', FALSE, NULL, TRUE, '1.00'),
('dfd0201b-6212-40c2-b6a5-55081f5e9dd7', 'b363e682-6dcf-4456-b624-ff8d5f4688f0', '52f7463b-3a24-4e82-8ac0-0728dba947eb', '["b"]', FALSE, NULL, TRUE, '1.00'),
('57a27caf-7096-4db9-858f-ae73a9e7b44f', 'b363e682-6dcf-4456-b624-ff8d5f4688f0', '18a9ef32-29a2-4cde-a905-81fdbc699439', '["b"]', FALSE, NULL, FALSE, '0.00'),
('7792a57b-ddba-4955-9ca2-653695195d4b', 'b363e682-6dcf-4456-b624-ff8d5f4688f0', '299446c0-5ee8-4787-8e51-2e540576ae1f', '["b"]', FALSE, NULL, TRUE, '1.00'),
('13c2916f-e9c6-4e9e-a588-48179b2c9129', 'b363e682-6dcf-4456-b624-ff8d5f4688f0', '7fe6a52a-91ff-4ff1-bc93-05f08b66675c', '["c"]', FALSE, NULL, FALSE, '0.00'),
('15cd28c3-37fb-4ff1-af1e-9148d7bef6e6', 'b363e682-6dcf-4456-b624-ff8d5f4688f0', '1f1a0be1-0530-4491-84ce-773e2c7230fa', '["c"]', FALSE, NULL, FALSE, '0.00'),
('b8b5fb90-8cd2-4c6c-b3bc-6ab48e0691f1', 'b363e682-6dcf-4456-b624-ff8d5f4688f0', '0f986f3f-1415-4105-a509-55714d7d2c70', '["d"]', FALSE, NULL, TRUE, '1.00'),
('02a17a38-65bc-4bce-a257-fbef76fca170', 'b363e682-6dcf-4456-b624-ff8d5f4688f0', '7987aad9-3ecf-483a-af39-5ceb722050f4', '["a"]', FALSE, NULL, TRUE, '1.00'),
('a92d294c-7983-44bc-b10a-2c5814936476', 'b363e682-6dcf-4456-b624-ff8d5f4688f0', '5bc133fe-41d2-4264-a821-2521c6afca72', '["a"]', FALSE, NULL, TRUE, '1.00'),
('420ad860-ce4a-46a4-b102-cf205e83bc13', 'b363e682-6dcf-4456-b624-ff8d5f4688f0', '428cf00f-77b2-4bb7-8fe3-77e54d18a0dc', '["c"]', FALSE, NULL, TRUE, '1.00');

-- Data for table: demo_content

-- Data for table: query_logs
